master_record_number,agency,agency_tracking_number,county,city,collision_date,vehicles_involved,number_injured,number_dead,latitude,longitude,roadway_name,roadway_suffix,roadway_number,roadway_local_id,distance_from_reference,miles-feet_indicator,direction_from_reference,intersection_road_name,intersection_road_name_suffix,intersection_road_number,intersection_local_id,mile_marker,intersection_indicator,intersect_type,interchange_related_indicator,relation_to_junction,work_zone_type,construction_maintenance_zone,construction_maintenance_zone_location,fatal_case_number,officer_first_name,officer_last_name,weather_condition(s),manner_of_crash,pedestrian,bicycle,scooter,parking,hitrun,mou
103106655,THP District 3 - Nashville,321066820,Davidson,Nashville,10/4/2021 5:14:00 PM,2,0,0,36.188290,-86.793590,I 65,,,,0.00,,,,,,,85.50,N,Not at Intersection, ,Non-Junction,None,,,         ,Jacob,Plyler,Clear,Angle,no,no,no,no,no,False
103106657,METROPOLITAN NASHVILLE POLICE DEPT,20210519705,Davidson,Nashville,10/4/2021 6:39:00 PM,3,1,0,36.025470,-86.713050,NOLENSVILLE PKE,,,,0.00,,,LENOX VILLAGE DR,,,,0.00,Y,Four-Way,N,Intersection,None,,,         ,Beri,Scott,Clear,Angle,no,no,no,no,no,False
103106659,METROPOLITAN NASHVILLE POLICE DEPT,20210519920,Davidson,Nashville,10/4/2021 9:54:00 PM,2,0,0,36.155550,-86.786810,12TH AVS,,,,0.00,,,MCGAVOCK ST,,,,0.00,Y,Four-Way,N,Intersection,None,,,         ,Michael,Moss,Clear,Angle,no,no,no,no,no,False
103106672,METROPOLITAN NASHVILLE POLICE DEPT,20210519537,Davidson,Nashville,10/4/2021 4:20:00 PM,4,3,0,36.118350,-86.913540,I 40,,,,0.00,,,,,,,199.90,N,Not at Intersection,N,Non-Junction,None,,,         ,Jeremy,Huffine,Clear,Angle,no,no,no,no,no,False
103106691,METROPOLITAN NASHVILLE POLICE DEPT,20210520184,Davidson,Nashville,10/5/2021 1:55:00 AM,2,0,0,36.151340,-86.768360,2ND AVS,,,,0.00,Feet,,I40 E ENT RAMP,,,,0.00,Y,Four-Way,Y,Unknown,None,,,         ,Jacob,Snyder,Cloudy,Angle,no,no,no,no,yes,False
103106700,METROPOLITAN NASHVILLE POLICE DEPT,20210520063,Davidson,Nashville,10/4/2021 10:30:00 PM,2,0,0,36.130180,-86.900360,CHARLOTTE PKE,,,,128.00,Feet,East,CABOT DR,,,,0.00,N,Not at Intersection,N,Non-Junction,None,,,         ,Theodore,Meskers,Clear,Front to Rear,no,no,no,no,yes,False
103106701,METROPOLITAN NASHVILLE POLICE DEPT,20210520260,Davidson,Nashville,10/4/2021 6:36:00 PM,2,0,0,36.194850,-86.779780,BAPTIST WORLD CENTER DR,,,,4.00,Feet,East,VASHTI ST,,,,0.00,N,Not at Intersection,N,Non-Junction,None,,,         ,Martin,Brown,Clear,Angle,no,no,no,no,yes,False
103106707,METROPOLITAN NASHVILLE POLICE DEPT,20210520266,Davidson,Nashville,10/5/2021 3:01:00 AM,1,0,0,36.062960,-86.683720,APACHE TRL,,,,0.00,Feet,East,CIMARRON WAY,,,,0.00,N,Not at Intersection,N,Non-Junction,None,,,         ,Autumn,Manning,Clear,Not Collision with Motor Vehicle in Transport,no,no,no,no,yes,False
103106790,METROPOLITAN NASHVILLE POLICE DEPT,20210520331,Davidson,Nashville,10/5/2021 4:51:00 AM,1,0,0,36.149050,-86.780410,I 40,,,,0.00,,,,,,,209.75,N,Not at Intersection,Y,Non-Junction,None,,,         ,Cory,Fetner,Clear,Not Collision with Motor Vehicle in Transport,no,no,no,no,no,False
103106813,METROPOLITAN NASHVILLE POLICE DEPT,20210520569,Davidson,Nashville,10/5/2021 8:10:00 AM,2,1,0,36.139810,-86.823860,MURPHY RD,,,,61.00,Feet,West,I440 E EXT RAMP,,,,0.00,N,Not at Intersection,N,Entrance/Exit Ramp Related,None,,,         ,Douglas,Atwood,Cloudy,Front to Rear,no,no,no,no,no,False
103106817,METROPOLITAN NASHVILLE POLICE DEPT,20210520585,Davidson,Nashville,10/5/2021 8:23:00 AM,2,0,0,36.067760,-86.724750,COTTON LN,,,,300.00,Feet,West,LANDMARK CT,,,,0.00,N,Not at Intersection,N,Non-Junction,None,,,         ,Earl,Davis,Cloudy,Angle,no,no,no,yes,no,False
103106820,METROPOLITAN NASHVILLE POLICE DEPT,20210520537,Davidson,Nashville,10/5/2021 8:00:00 AM,2,2,0,36.164220,-86.793990,I 40,,,,0.00,,,,,,,208.50,N,Not at Intersection,N,Non-Junction,None,,,         ,William,Coy,Clear,Front to Rear,no,no,no,no,no,False
103106846,METROPOLITAN NASHVILLE POLICE DEPT,20210520641,Davidson,Nashville,10/5/2021 8:55:00 AM,2,0,0,36.038470,-86.783450,OLD HICKORY BLVD,,,,0.00,,,I65 S EXT RAMP,,,,0.00,Y,OTHER, ,Intersection-Related,None,,,         ,Earl,Davis,Cloudy,"Sideswipe, Same Direction",no,no,no,no,no,False
103106851,METROPOLITAN NASHVILLE POLICE DEPT,20210520607,Davidson,Nashville,10/5/2021 8:00:00 AM,2,0,0,36.168520,-86.813440,I40 E EXT RAMP,,,,0.00,Feet,,I 40,,,,0.00,Y,T-Intersection, ,Non-Junction,None,,,         ,Paxton,Montgomery,Clear,Front to Rear,no,no,no,no,no,False
103106861,METROPOLITAN NASHVILLE POLICE DEPT,20210520576,Davidson,Nashville,10/5/2021 8:09:00 AM,2,0,0,36.083400,-86.704140,LINBAR DR,,,,449.00,Feet,South,LARGO DR,,,,0.00,N,Not at Intersection,N,Non-Junction,None,,,         ,Stanley,Collins,Cloudy,Angle,no,no,no,no,no,False
103106862,TENNESSEE STATE UNIVERSITY ,21-TSU-35644,Davidson,Nashville,10/4/2021 2:32:00 PM,2,0,0,36.166210,-86.826740,33RD AVN,,,,11.00,Feet,South,CLOVER ST,,,,0.00,N,Not at Intersection, ,Non-Junction,None,,,         ,Inice,Wagner,Clear,Rear to Rear,no,no,no,yes,no,False
103106868,METROPOLITAN NASHVILLE POLICE DEPT,20210520666,Davidson,Nashville,10/5/2021 8:40:00 AM,2,0,0,36.147840,-86.744570,I 40,,,,0.00,,,,,,,212.00,N,Not at Intersection, ,Non-Junction,None,,,         ,Zachary,Wilbanks,Cloudy,Angle,no,no,no,no,no,False
103106911,METROPOLITAN NASHVILLE POLICE DEPT,20210520815,Davidson,Nashville,10/5/2021 11:07:00 AM,2,0,0,36.229380,-86.759280,BROADMOOR DR,,,,0.00,,,DICKERSON PKE,,,,0.00,Y,Four-Way,Y,Intersection,None,,,         ,Jarret,Sonnenberg,Clear,HeadOn,no,no,no,no,no,False
103106913,METROPOLITAN NASHVILLE POLICE DEPT,20210520767,Davidson,Nashville,10/5/2021 10:35:00 AM,2,2,0,36.171430,-86.769040,JAMES ROBERTSON PKWY,,,,0.00,,,INTERSTATE DR,,,,0.00,Y,Four-Way,N,Intersection,None,,,         ,Wesley,Young,Clear,Angle,no,no,no,no,no,False
103106914,METROPOLITAN NASHVILLE POLICE DEPT,20210520810,Davidson,Nashville,10/5/2021 11:05:00 AM,2,0,0,36.154470,-86.739590,LEBANON PKE,,,,0.00,Feet,,OMOHUNDRO PL,,,,0.00,Y,T-Intersection, ,Intersection-Related,None,,,         ,William,Sutherland,Cloudy,Front to Rear,no,no,no,no,no,False
103106923,METROPOLITAN NASHVILLE POLICE DEPT,20210520949,Davidson,Nashville,10/5/2021 11:58:00 AM,2,0,0,36.077690,-86.919890,OLD HICKORY BLVD,,,,21.00,Feet,North,BELLE FOREST CONDOS PVTDR,,,,0.00,N,Not at Intersection,N,Non-Junction,None,,,         ,Jared,Dick,Cloudy,Front to Rear,no,no,no,no,no,False
103106930,METROPOLITAN NASHVILLE POLICE DEPT,20210517668,Davidson,Nashville,10/3/2021 11:42:00 AM,2,0,0,36.139360,-86.726960,I24E,,,,998.00,Feet,West,I 40,,,,0.00,N,Not at Intersection,N,Non-Junction,None,,,         ,Dylan,Colquhoun,Clear,"Sideswipe, Same Direction",no,no,no,no,yes,False
103106945,METROPOLITAN NASHVILLE POLICE DEPT,20210520894,Davidson,Nashville,10/5/2021 12:30:00 PM,2,0,0,36.154830,-86.763340,HERMITAGE AV,,,,0.00,,,LINDSLEY AV,,,,0.00,Y,Y-Intersection, ,Intersection,None,,,         ,Russell,Freeman,Cloudy,Front to Rear,no,no,no,no,no,False
103106948,METROPOLITAN NASHVILLE POLICE DEPT,20210520903,Davidson,Antioch,10/5/2021 11:55:00 AM,2,0,0,36.042630,-86.588120,OLD HICKORY BLVD,,,,905.00,Feet,East,SUGAREE PT,,,,0.00,N,Not at Intersection, ,,None,,,         ,Zacarias,Brito Jr.,,,no,no,no,no,no,False
103106956,METROPOLITAN NASHVILLE POLICE DEPT,20210520953,Davidson,Nashville,10/5/2021 12:47:00 PM,2,1,0,36.125330,-86.742190,GLENROSE AV,,,,62.00,Feet,East,FOSTER AV,,,,0.00,N,Not at Intersection,N,Non-Junction,None,,,         ,Charles,Wakefield,Rain,Front to Rear,no,no,no,no,no,False
103106967,METROPOLITAN NASHVILLE POLICE DEPT,20210520951,Davidson,Nashville,10/5/2021 11:20:00 AM,2,0,0,36.125170,-86.845840,KENNER AV,,,,306.00,Feet,South,HARDING PKE,,,,0.00,N,Not at Intersection, ,Non-Junction,None,,,         ,Douglas,Atwood,Rain,Unknown,no,no,no,yes,no,False
103106969,METROPOLITAN NASHVILLE POLICE DEPT,20210521036,Davidson,Bellevue,10/5/2021 1:33:00 PM,2,0,0,36.078370,-86.954200,COLEY DAVIS RD,,,,0.00,,,,,,,0.00,,, ,Non-Junction,None,,,         ,Jared,Dick,Cloudy,Angle,no,no,no,yes,yes,False
103106970,METROPOLITAN NASHVILLE POLICE DEPT,20210520976,Davidson,Nashville,10/5/2021 12:57:00 PM,2,1,0,36.038210,-86.800900,OLD HICKORY BLVD,,,,0.00,,,WESTPARK DR,,,,0.00,Y,T-Intersection,N,Intersection,None,,,         ,Connor,Hosey,"Cloudy, Rain",Angle,no,no,no,no,no,False
103106971,METROPOLITAN NASHVILLE POLICE DEPT,20210521004,Davidson,Nashville,10/5/2021 1:15:00 PM,3,0,0,36.248630,-86.742250,I 65,,,,0.00,,,,,,,91.10,N,Not at Intersection,N,Non-Junction,None,,,         ,Travis,Baxter,Rain,Angle,no,no,no,no,no,False
103106972,METROPOLITAN NASHVILLE POLICE DEPT,20210521038,Davidson,Nashville,10/5/2021 1:20:00 PM,2,0,0,36.244430,-86.746940,I 65,,,,0.00,,,,,,,90.70,N,Not at Intersection,N,Non-Junction,None,,,         ,Joshua,Goepper,"Cloudy, Rain",Front to Rear,no,no,no,no,no,False
103106985,METROPOLITAN NASHVILLE POLICE DEPT,20210520941,Davidson,Nashville,10/5/2021 12:25:00 PM,2,0,0,36.202000,-86.739390,GALLATIN PKE,,,,0.00,Feet,East,DOZIER PL,,,,0.00,N,Not at Intersection, ,Non-Junction,None,,,         ,Christian,Landrum,Cloudy,"Sideswipe, Same Direction",no,no,no,no,no,False
103106996,METROPOLITAN NASHVILLE POLICE DEPT,20210520966,Davidson,Nashville,10/5/2021 12:24:00 PM,2,0,0,36.177010,-86.726270,BRITTANY DR,,,,0.00,Feet,North,RIVERSIDE DR,,,,0.00,N,Not at Intersection,N,Non-Junction,None,,,         ,David,Scheevel,Cloudy,Angle,no,no,no,no,no,False
103106998,METROPOLITAN NASHVILLE POLICE DEPT,20210521025,Davidson,Nashville,10/5/2021 1:32:00 PM,2,1,0,36.236280,-86.743280,I65 N ENT RAMP,,,,0.00,Feet,East,ELLINGTON PKWYN,,,,0.00,N,Not at Intersection,N,Non-Junction,None,,,         ,Jarret,Sonnenberg,Rain,Front to Rear,no,no,no,no,no,False
103107011,METROPOLITAN NASHVILLE POLICE DEPT,20210521031,Davidson,Nashville,10/5/2021 1:35:00 PM,3,3,0,36.177910,-86.605000,I40 E EXT RAMP,,,,0.00,,,OLD HICKORY BLVD,,,,0.00,Y,OTHER,Y,Entrance/Exit Ramp Related,None,,,         ,Ian,Hammond,Cloudy,Front to Rear,no,no,no,no,no,False
103107046,METROPOLITAN NASHVILLE POLICE DEPT,20210521073,Davidson,Nashville,10/5/2021 1:50:00 PM,2,1,0,36.238290,-86.755630,I65 N ENT RAMP,,,,0.00,Feet,East,I 65,,,,0.00,N,Not at Intersection,N,Non-Junction,None,,,         ,Alexander,Perry,Clear,Front to Rear,no,no,no,no,no,False
103107050,METROPOLITAN NASHVILLE POLICE DEPT,20210521080,Davidson,Nashville,10/5/2021 2:05:00 PM,3,0,0,36.196370,-86.621340,LEBANON PKE,,,,307.00,Feet,South,LEBANON PKE EB EXT RAMP,,,,0.00,N,Not at Intersection,N,Non-Junction,None,,,         ,William,Sutherland,Rain,Other,no,no,no,no,no,False
103107054,METROPOLITAN NASHVILLE POLICE DEPT,20210521118,Davidson,Nashville,10/5/2021 2:21:00 PM,2,1,0,36.083260,-86.725540,WELCH RD,,,,0.00,,,TRAVIS DR,,,,0.00,Y,T-Intersection,N,Intersection,Construction Zone,Other,Activity Area,         ,Beri,Scott,"Cloudy, Rain",Angle,no,no,no,no,no,False
103107079,METROPOLITAN NASHVILLE POLICE DEPT,20210521215,Davidson,Nashville,10/5/2021 3:58:00 PM,2,1,0,36.201230,-86.617760,TYLER DR,,,,0.00,,,LEBANON PKE,,,,0.00,Y,Four-Way,N,Intersection-Related,None,,,         ,David,Stanley,Rain,Angle,no,no,no,no,no,False
103107084,METROPOLITAN NASHVILLE POLICE DEPT,20210521226,Davidson,Nashville,10/5/2021 3:48:00 PM,2,0,0,36.044980,-86.665870,BELL RD,,,,369.00,Feet,East,CEDAR POINTE PKWY,,,,0.00,N,Not at Intersection, ,Non-Junction,None,,,         ,Beri,Scott,"Cloudy, Rain",Front to Rear,no,no,no,no,no,False
103107088,METROPOLITAN NASHVILLE POLICE DEPT,20210521230,Davidson,Nashville,10/5/2021 3:30:00 PM,2,0,0,36.166650,-86.803040,JACKSON ST,,,,118.00,Feet,East,17TH AVN,,,,0.00,N,Not at Intersection,N,Non-Junction,None,,,         ,Lucas,Thomas,Rain,Angle,no,no,no,no,yes,False
103107089,BERRY HILL POLICE DEPT,21-2956,Davidson,Berry Hill,10/5/2021 12:00:00 AM,2,0,0,36.128590,-86.777890,FRANKLIN PKE,,,,0.00,,,8TH AVS,,,,0.00,Y,Four-Way,Y,Intersection,None,,,         ,John,Gleixner,Cloudy,Angle,no,no,no,no,no,False
103107090,VANDERBILT UNIVERSITY POLICE,20210521213,Davidson,Nashville,10/5/2021 3:35:00 PM,1,0,0,36.142760,-86.805470,HIGHLAND AV,,,,0.00,,,,,,,0.00,,, ,"Driveway, Alley Access, etc",None,,,         ,Shaneithia,Lewis,,Not Collision with Motor Vehicle in Transport,no,no,no,yes,no,Campus
103107099,METROPOLITAN NASHVILLE POLICE DEPT,20210521116,Davidson,Not in City Limit,10/5/2021 2:00:00 PM,2,0,0,36.277640,-86.751260,HUNTERS LN,,,,3.00,Feet,West,DICKERSON PKE,,,,0.00,N,Not at Intersection,N,Non-Junction,None,,,         ,Kaitlyn,Qualls,Cloudy,Front to Rear,no,no,no,no,yes,False
103107111,METROPOLITAN NASHVILLE POLICE DEPT,20210521093,Davidson,Nashville,10/5/2021 2:28:00 PM,2,1,0,36.145190,-86.871830,CHARLOTTE PKE,,,,380.00,Feet,North,AMERICAN RD,,,,0.00,N,Not at Intersection,N,Non-Junction,None,,,         ,Michael,Brickman,Rain,Front to Rear,no,no,no,no,no,False
103107115,METROPOLITAN NASHVILLE POLICE DEPT,20210521208,Davidson,Nashville,10/5/2021 3:50:00 PM,2,0,0,36.190110,-86.626610,LEBANON PKE,,,,780.00,Feet,South,BONNABROOK DR,,,,0.00,N,Not at Intersection,N,Non-Junction,None,,,         ,Cheri,Cox,Rain,HeadOn,no,no,no,no,no,False
103107119,METROPOLITAN NASHVILLE POLICE DEPT,20210521201,Davidson,Nashville,10/5/2021 3:40:00 PM,3,0,0,36.037610,-86.785120,I65 S ENT RAMP,,,,0.00,,,OLD HICKORY BLVD,,,,0.00,Y,T-Intersection, ,Intersection,None,,,         ,Tyler,Shanks,Rain,Front to Rear,no,no,no,no,no,False
103107143,METROPOLITAN NASHVILLE POLICE DEPT,20210521315,Davidson,Nashville,10/5/2021 5:14:00 PM,2,2,0,36.169630,-86.766630,I 24,,,,0.00,,,,,,,48.70,N,Not at Intersection,N,Non-Junction,None,,,         ,Cooper,HIll,Rain,Front to Rear,no,no,no,no,no,False
103107146,METROPOLITAN NASHVILLE POLICE DEPT,20210521274,Davidson,Nashville,10/5/2021 4:19:00 PM,2,0,0,36.167300,-86.815820,I40 E EXT RAMP,,,,0.00,Feet,East,I 40,,,,0.00,N,Not at Intersection,N,Non-Junction,None,,,         ,Lucas,Thomas,Rain,Angle,no,no,no,no,yes,False
103107149,METROPOLITAN NASHVILLE POLICE DEPT,20210521236,Davidson,Nashville,10/5/2021 4:10:00 PM,2,1,0,36.138010,-86.804800,BLAKEMORE AV,,,,77.00,Feet,East,24TH AVS,,,,0.00,N,Not at Intersection,N,Non-Junction,None,,,         ,Heather,Fox,Rain,Front to Rear,no,no,no,no,no,Campus
103107150,METROPOLITAN NASHVILLE POLICE DEPT,20210521273,Davidson,Nashville,10/5/2021 4:00:00 PM,2,0,0,36.077980,-86.743150,HARDING PL,,,,386.00,Feet,North,E LONGDALE DR,,,,0.00,N,Not at Intersection, ,Non-Junction,None,,,         ,Ashley,Kappenmacher,"Cloudy, Rain",Front to Rear,no,no,no,no,no,False
103107162,METROPOLITAN NASHVILLE POLICE DEPT,20210521362,Davidson,Nashville,10/5/2021 6:00:00 PM,1,1,0,36.135960,-86.876510,HILLWOOD BLVD,,,,126.00,Feet,East,FLEETWOOD DR,,,,0.00,N,Not at Intersection,N,Non-Junction,None,,,         ,Heather,Fox,Rain,Not Collision with Motor Vehicle in Transport,no,no,no,no,no,False
103107163,METROPOLITAN NASHVILLE POLICE DEPT,20210519844,Davidson,Nashville,10/4/2021 9:15:00 PM,1,0,1,36.078110,-86.992650,I 40,,,,0.00,,,,,,,194.05,N,Not at Intersection,N,Non-Junction,None,,,         ,Russell,Ward,Clear,Not Collision with Motor Vehicle in Transport,no,no,no,no,no,False
103107164,METROPOLITAN NASHVILLE POLICE DEPT,20210521363,Davidson,Antioch,10/5/2021 5:12:00 PM,2,0,0,36.027680,-86.589740,MURFREESBORO PKE,,,,326.00,Feet,South,LAVERGNE COUCHVILLE PKE,,,,0.00,N,Not at Intersection,N,Non-Junction,None,,,         ,Beri,Scott,"Cloudy, Rain",Front to Rear,no,no,no,no,yes,False
103107165,METROPOLITAN NASHVILLE POLICE DEPT,20210521296,Davidson,Nashville,10/5/2021 4:19:00 PM,2,1,0,36.283310,-86.726780,HAMBLEN DR,,,,0.00,Feet,East,APPLE VALLEY RD,,,,0.00,N,Not at Intersection,N,Non-Junction,None,,,         ,Joshua,Dodge,Rain,Angle,no,no,no,no,no,False
103107171,METROPOLITAN NASHVILLE POLICE DEPT,20210521334,Davidson,Nashville,10/5/2021 4:50:00 PM,2,0,0,36.092560,-86.762700,I 65,,,,0.00,,,,,,,78.55,N,Not at Intersection, ,Non-Junction,None,,,         ,Dylan,Chambers,Rain,Front to Rear,no,no,no,no,no,False
103107174,METROPOLITAN NASHVILLE POLICE DEPT,20210521356,Davidson,Nashville,10/5/2021 5:40:00 PM,3,0,0,36.105370,-86.671160,MURFREESBORO PKE,,,,210.00,Feet,East,EZELL PKE,,,,0.00,N,Not at Intersection,N,Non-Junction,None,,,         ,Robert,Marquez,Cloudy,"Sideswipe, Opposite Direction",no,no,no,no,no,False
103107175,METROPOLITAN NASHVILLE POLICE DEPT,20210521421,Davidson,Nashville,10/5/2021 6:49:00 PM,2,0,0,36.229620,-86.759240,DICKERSON PKE,,,,90.00,Feet,North,BROADMOOR DR,,,,0.00,N,Not at Intersection, ,Non-Junction,None,,,         ,Adam,Warren,Clear,Front to Rear,no,no,no,no,no,False
103107176,METROPOLITAN NASHVILLE POLICE DEPT,20210521253,Davidson,Nashville,10/5/2021 4:18:00 PM,2,0,0,36.130100,-86.802140,21ST AVS,,,,84.00,Feet,South,BLAIR BLVD,,,,0.00,N,Not at Intersection, ,Non-Junction,None,,,         ,Russell,Ward,Rain,Angle,no,no,no,no,no,False
103107178,METROPOLITAN NASHVILLE POLICE DEPT,20210521358,Davidson,Nashville,10/5/2021 4:50:00 PM,2,0,0,36.209520,-86.776090,I 65,,,,0.00,,,,,,,87.55,N,Not at Intersection,N,Non-Junction,None,,,         ,Sefer,Kerim,Clear,Angle,no,no,no,no,yes,False
103107189,METROPOLITAN NASHVILLE POLICE DEPT,20210521380,Davidson,Nashville,10/5/2021 4:39:00 PM,2,0,0,36.111020,-86.746640,THOMPSON LN,,,,46.00,Feet,East,GRANDVIEW AV,,,,0.00,N,Not at Intersection, ,Non-Junction,None,,,         ,Tyler,Shanks,Rain,Angle,no,no,no,no,no,False
103107195,METROPOLITAN NASHVILLE POLICE DEPT,20210521217,Davidson,Nashville,10/5/2021 3:53:00 PM,3,0,0,36.153670,-86.845670,I 40,,,,0.00,,,,,,,204.60,N,Not at Intersection,Y,Non-Junction,None,,,         ,Matthew,Mrowiec,"Cloudy, Rain",Angle,no,no,no,no,yes,False
103107197,METROPOLITAN NASHVILLE POLICE DEPT,20210521387,Davidson,Nashville,10/5/2021 12:00:00 AM,2,0,0,36.234520,-86.625900,MONTCHANIN RD,,,,0.00,,,OLD HICKORY BLVD,,,,0.00,Y,Four-Way, ,Non-Junction,None,,,         ,Keenan,McCann,Rain,"Sideswipe, Opposite Direction",no,no,no,no,no,False
103107211,METROPOLITAN NASHVILLE POLICE DEPT,20210521441,Davidson,Nashville,10/5/2021 6:34:00 PM,2,0,0,36.024680,-86.632220,I 24,,,,0.00,,,,,,,61.60,N,Not at Intersection,N,Non-Junction,None,,,         ,Beri,Scott,Clear,Front to Rear,no,no,no,no,yes,False
103107212,METROPOLITAN NASHVILLE POLICE DEPT,20210521308,Davidson,Nashville,10/5/2021 5:30:00 PM,2,0,0,36.168710,-86.816920,26TH AVN,,,,0.00,Feet,East,BEASLEY ST,,,,0.00,N,Not at Intersection, ,,None,,,         ,Daniel,Kallman,,,no,no,no,no,no,False
103107219,METROPOLITAN NASHVILLE POLICE DEPT,20210521456,Davidson,Nashville,10/5/2021 12:00:00 AM,1,0,0,36.214600,-86.597680,ANDREW JACKSON PKWY,,,,189.00,Feet,South,LEBANON PKE,,,,0.00,N,Not at Intersection, ,Non-Junction,None,,,         ,Keenan,McCann,Cloudy,Not Collision with Motor Vehicle in Transport,no,no,no,no,no,False
103107231,METROPOLITAN NASHVILLE POLICE DEPT,20210521420,Davidson,Nashville,10/5/2021 4:56:00 PM,2,0,0,36.247230,-86.744000,I65 S EXT RAMP,,,,0.00,,,I 65,,,,0.00,Y,Y-Intersection, ,,None,,,         ,Sean,Herman,,,no,no,no,no,no,False
103107235,METROPOLITAN NASHVILLE POLICE DEPT,20210521225,Davidson,Nashville,10/5/2021 12:00:00 AM,2,2,0,36.040930,-86.779320,OLD HICKORY BLVD,,,,19.00,Feet,East,STONE BROOK DR,,,,0.00,N,Not at Intersection,N,Unknown,None,,,         ,Justin,mathias,Rain,"Sideswipe, Opposite Direction",no,no,no,no,no,False
103107238,METROPOLITAN NASHVILLE POLICE DEPT,20210521538,Davidson,Nashville,10/5/2021 8:30:00 PM,1,1,0,36.165040,-86.697800,LEBANON PKE,,,,0.00,,East,MILL CREEK MEADOW DR,,,,0.00,N,Not at Intersection,N,Non-Junction,None,,,         ,Reagan,Heath,Clear,Not Collision with Motor Vehicle in Transport,no,no,no,no,no,False
103107244,METROPOLITAN NASHVILLE POLICE DEPT,20210521485,Davidson,Nashville,10/5/2021 4:30:00 PM,2,0,0,36.234170,-86.794980,BRIDGEPOINT DR,,,,112.00,Feet,West,BRIDGEDALE CT,,,,0.00,N,Not at Intersection, ,Non-Junction,None,,,         ,Craig,Paschetti,Cloudy,Front to Rear,no,no,no,no,yes,False
103107253,METROPOLITAN NASHVILLE POLICE DEPT,20210521384,Davidson,Not in City Limit,10/5/2021 5:50:00 PM,1,0,0,36.202230,-86.980610,RIVER ROAD PKE,,,,1000.00,Feet,West,RIVER ROAD PKE PVTDR,,,,0.00,N,Not at Intersection,N,Non-Junction,None,,,         ,Michael,Sipos,Clear,Not Collision with Motor Vehicle in Transport,no,no,no,no,yes,False
103107258,METROPOLITAN NASHVILLE POLICE DEPT,20210521147,Davidson,Nashville,10/5/2021 3:01:00 PM,3,1,0,36.119000,-86.919860,CHARLOTTE PKE,,,,102.00,Feet,West,CEDAR CREST DR,,,,0.00,N,Not at Intersection,N,Non-Junction,None,,,         ,Jeremy,Huffine,Rain,Front to Rear,no,no,no,no,no,False
103107260,METROPOLITAN NASHVILLE POLICE DEPT,20210521496,Davidson,Not in City Limit,10/5/2021 7:57:00 PM,2,0,0,36.257980,-86.713710,GALLATIN PKES,,,,172.00,Feet,South,HARRIS ST,,,,0.00,N,Not at Intersection,N,Non-Junction,None,,,         ,Derek,Sibley,Cloudy,Not Collision with Motor Vehicle in Transport,no,no,no,no,yes,False
103107261,METROPOLITAN NASHVILLE POLICE DEPT,20210521545,Davidson,Nashville,10/5/2021 8:31:00 PM,2,1,0,36.079490,-86.644600,MURFREESBORO PKE,,,,0.00,Feet,,EDGE O LAKE DR,,,,0.00,Y,Four-Way,N,Intersection,None,,,         ,Robert,Marquez,,Angle,no,no,no,no,no,False
103107281,METROPOLITAN NASHVILLE POLICE DEPT,20210521272,Davidson,Not in City Limit,10/5/2021 4:40:00 PM,1,0,0,36.117670,-86.960210,OLD CHARLOTTE PKE,,,,1042.00,Feet,West,OLD CHARLOTTE PVTDR,,,,0.00,N,Not at Intersection,N,Non-Junction,None,,,         ,Jeremy,Huffine,Rain,Not Collision with Motor Vehicle in Transport,no,no,no,no,no,False
103107296,METROPOLITAN NASHVILLE POLICE DEPT,20210521617,Davidson,Nashville,10/5/2021 9:28:00 PM,2,0,0,36.153060,-86.783740,11TH AVS,,,,54.00,Feet,North,PINE ST,,,,0.00,N,Not at Intersection,N,Non-Junction,None,,,         ,Michael,Moss,Clear,Front to Rear,no,no,no,no,yes,False
103107299,METROPOLITAN NASHVILLE POLICE DEPT,20210521635,Davidson,Nashville,10/5/2021 9:05:00 PM,2,0,0,36.164450,-86.793910,I 40,,,,0.00,,,,,,,208.55,N,Not at Intersection,N,Non-Junction,None,,,         ,Daniel,Tomlinson,Cloudy,"Sideswipe, Same Direction",no,no,no,no,yes,False
103107300,METROPOLITAN NASHVILLE POLICE DEPT,20210521591,Davidson,Nashville,10/5/2021 12:00:00 AM,2,0,0,36.086720,-86.699340,I24 W ENT RAMP,,,,0.00,Feet,East,I 24,,,,0.00,N,Not at Intersection, ,Non-Junction,None,,,         ,Josh,Lauton,Cloudy,"Sideswipe, Same Direction",no,no,no,no,yes,False
103107315,METROPOLITAN NASHVILLE POLICE DEPT,20210521466,Davidson,Nashville,10/5/2021 7:25:00 PM,2,0,0,36.049980,-86.649500,BELL RD,,,,0.00,,,MT VIEW RD,,,,0.00,Y,Four-Way,N,Intersection,None,,,         ,Beri,Scott,Cloudy,Angle,no,no,no,no,no,False
103107316,METROPOLITAN NASHVILLE POLICE DEPT,20210520334,Davidson,Nashville,10/5/2021 5:00:00 AM,1,1,0,36.245470,-86.745660,I 65,,,,0.00,,,,,,,90.80,N,Not at Intersection,N,Non-Junction,None,,,         ,Jonathon,Sheppard,Clear,Not Collision with Motor Vehicle in Transport,no,no,no,no,no,False