master_record_number,agency,agency_tracking_number,county,city,collision_date,vehicles_involved,number_injured,number_dead,latitude,longitude,roadway_name,roadway_suffix,roadway_number,roadway_local_id,distance_from_reference,miles-feet_indicator,direction_from_reference,intersection_road_name,intersection_road_name_suffix,intersection_road_number,intersection_local_id,mile_marker,intersection_indicator,intersect_type,interchange_related_indicator,relation_to_junction,work_zone_type,construction_maintenance_zone,construction_maintenance_zone_location,fatal_case_number,officer_first_name,officer_last_name,weather_condition(s),manner_of_crash,pedestrian,bicycle,scooter,parking,hitrun,mou
103108043,METROPOLITAN NASHVILLE POLICE DEPT,20210522775,Davidson,Nashville,10/6/2021 2:28:00 PM,3,0,0,36.206080,-86.771100,W TRINITY LN,,,,0.00,Feet,West,LUCAS LN,,,,0.00,N,Not at Intersection,N,Non-Junction,None,,,         ,Kelsey,Hemminger,Clear,Front to Rear,no,no,no,no,yes,False
103108059,METROPOLITAN NASHVILLE POLICE DEPT,20210523112,Davidson,Nashville,10/6/2021 5:35:00 PM,2,0,0,36.141720,-86.713340,I 40,,,,0.00,,,,,,,214.00,N,Not at Intersection,N,Non-Junction,None,,,         ,Dontaveous,Eubanks,Rain,Front to Rear,no,no,no,no,no,False
103108060,METROPOLITAN NASHVILLE POLICE DEPT,20210523212,Davidson,Nashville,10/6/2021 7:40:00 PM,2,1,0,36.150390,-86.691000,BRILEY PKWYS,,,,369.00,Feet,South,BRILEY PKWYN,,,,0.00,N,Not at Intersection,N,Non-Junction,None,,,         ,Dontaveous,Eubanks,Rain,Front to Rear,no,no,no,no,yes,False
103108062,METROPOLITAN NASHVILLE POLICE DEPT,20210523346,Davidson,Nashville,10/6/2021 10:08:00 PM,2,1,0,36.069590,-86.693910,HAYWOOD LN,,,,0.00,,,EZELL RD,,,,0.00,Y,Four-Way,N,Intersection,None,,,         ,Joseph,Hurst,Rain,Angle,no,no,no,no,yes,False
103108069,METROPOLITAN NASHVILLE POLICE DEPT,20210523284,Davidson,Nashville,10/6/2021 6:20:00 PM,2,0,0,36.071970,-86.733000,EDMONDSON PKE,,,,67.00,Feet,South,WHISPERING HILLS DR,,,,0.00,N,Not at Intersection,N,Non-Junction,None,,,         ,Dylan,Chambers,Rain,"Sideswipe, Same Direction",no,no,no,no,yes,False
103108080,METROPOLITAN NASHVILLE POLICE DEPT,20210523354,Davidson,Nashville,10/6/2021 10:16:00 PM,1,1,0,36.172990,-86.768500,I24 W EXT RAMP,,,,0.00,Feet,East,I 24,,,,0.00,N,Not at Intersection,Y,Entrance/Exit Ramp Related,None,,,         ,Cooper,HIll,Rain,Not Collision with Motor Vehicle in Transport,no,no,no,no,no,False
103108093,METROPOLITAN NASHVILLE POLICE DEPT,20210523355,Davidson,Not in City Limit,10/6/2021 10:14:00 PM,1,1,0,36.007690,-86.666980,PETTUS RD,,,,337.00,Feet,West,OLD HICKORY BLVD,,,,0.00,N,Not at Intersection,N,Non-Junction,None,,,         ,Garrett,Latham,Rain,Not Collision with Motor Vehicle in Transport,no,no,no,no,no,False
103108113,METROPOLITAN NASHVILLE POLICE DEPT,20210523449,Davidson,Nashville,10/6/2021 6:30:00 PM,2,0,0,36.173720,-86.602430,CENTRAL PKE,,,,93.00,Feet,West,OLD HICKORY BLVD,,,,0.00,N,Not at Intersection,N,Non-Junction,None,,,         ,Bryson,Wilkins,Clear,Front to Rear,no,no,no,no,yes,False
103108115,METROPOLITAN NASHVILLE POLICE DEPT,20210523492,Davidson,Nashville,10/6/2021 11:52:00 PM,2,0,0,36.193230,-86.801580,ATHENS WAY,,,,117.00,Feet,North,ROSA L PARKS BLVD,,,,0.00,N,Not at Intersection,N,Non-Junction,None,,,         ,Brian,DeMarce,Cloudy,Angle,no,no,no,yes,yes,False
103108116,METROPOLITAN NASHVILLE POLICE DEPT,20210523282,Davidson,Nashville,10/6/2021 7:20:00 PM,2,0,0,36.134920,-86.704780,MASSMAN DR,,,,0.00,,,PATRICIA DR,,,,0.00,Y,Four-Way,N,Intersection,None,,,         ,Michael,Fox,,Angle,no,no,no,no,yes,False
103108124,METROPOLITAN NASHVILLE POLICE DEPT,20210523519,Davidson,Nashville,10/6/2021 8:28:00 PM,2,0,0,36.146600,-86.742960,I 40,,,,0.00,,,,,,,212.10,N,Not at Intersection, ,Non-Junction,None,,,         ,Amy,Hirschmann,Cloudy,"Sideswipe, Same Direction",no,no,no,no,no,False
103108125,METROPOLITAN NASHVILLE POLICE DEPT,20210523202,Davidson,Nashville,10/6/2021 7:23:00 PM,1,2,0,36.207040,-86.796000,W TRINITY LN,,,,5.00,Feet,East,FREE SILVER RD,,,,0.00,N,Not at Intersection,N,Non-Junction,None,,,         ,Malik,Burriss,Clear,Not Collision with Motor Vehicle in Transport,no,no,no,no,no,False
103108193,METROPOLITAN NASHVILLE POLICE DEPT,20210523814,Davidson,Nashville,10/7/2021 5:15:00 AM,1,0,0,36.089320,-86.643110,NASHBORO BLVD,,,,0.00,,,NASHBORO VILLAGE PVTDR,,,,0.00,Y,T-Intersection, ,,None,,,         ,Samuel,Fredericks,,,no,no,no,yes,no,False
103108195,METROPOLITAN NASHVILLE POLICE DEPT,20210523817,Davidson,Goodlettsville,10/7/2021 5:13:00 AM,1,0,0,36.289960,-86.723490,I 65,,,,0.00,,,,,,,94.20,N,Not at Intersection,N,Non-Junction,None,,,         ,Timothy,Lehnert,Clear,Not Collision with Motor Vehicle in Transport,no,no,no,no,no,False
103108205,METROPOLITAN NASHVILLE POLICE DEPT,20210520955,Davidson,Nashville,10/5/2021 1:45:00 PM,2,2,0,36.192970,-86.801830,ROSA L PARKS BLVD,,,,0.00,,,ATHENS WAY,,,,0.00,Y,Four-Way,N,Non-Junction,None,,,         ,Gretta,Ireland,Rain,Front to Rear,no,no,no,no,no,False
103108218,METROPOLITAN NASHVILLE POLICE DEPT,20210523907,Davidson,Nashville,10/7/2021 6:20:00 AM,2,0,0,36.215120,-86.597670,LEBANON PKE,,,,0.00,Feet,,ANDREW JACKSON PKWY,,,,0.00,Y,Four-Way,Y,Intersection,None,,,         ,Rex,Engelbert,Clear,Angle,no,no,no,no,yes,False
103108219,METROPOLITAN NASHVILLE POLICE DEPT,20210523921,Davidson,Not in City Limit,10/7/2021 7:14:00 AM,2,0,0,36.263020,-86.757300,DICKERSON PKE,,,,68.00,Feet,South,WESTCHESTER DR,,,,0.00,N,Not at Intersection, ,Non-Junction,None,,,         ,Christopher,Littles,Cloudy,Angle,no,no,no,no,no,False
103108234,METROPOLITAN NASHVILLE POLICE DEPT,20210523943,Davidson,Nashville,10/7/2021 7:33:00 AM,3,0,0,36.116022,-86.782203,,,I440,,150.00,Feet,West,,,,,4.40,N,Not at Intersection,N,Non-Junction,None,,,         ,Earl,Davis,Cloudy,"Sideswipe, Same Direction",no,no,no,no,no,False
103108237,METROPOLITAN NASHVILLE POLICE DEPT,20210523889,Davidson,Nashville,10/7/2021 4:41:00 AM,2,0,0,36.044090,-86.665280,ARBOR RIDGE DR,,,,197.00,Feet,North,ARBOR PL,,,,0.00,N,Not at Intersection,N,Non-Junction,None,,,         ,Dillon,Deleacaes,Clear,Not Collision with Motor Vehicle in Transport,no,no,no,no,yes,False
103108255,VANDERBILT UNIVERSITY POLICE,20210522576,Davidson,Nashville,10/6/2021 12:08:00 PM,2,0,0,36.139610,-86.804960,24TH AVS,,,,0.00,,,,,,,0.00,,, ,Non-Junction,None,,,         ,Robert,Pasinger,Cloudy,Front to Rear,no,no,no,yes,no,Campus
103108265,METROPOLITAN NASHVILLE POLICE DEPT,20210524043,Davidson,Nashville,10/7/2021 8:30:00 AM,2,0,0,36.057890,-86.677410,I 24,,,,0.00,,,,,,,58.05,N,Not at Intersection,N,Non-Junction,None,,,         ,Zacarias,Brito Jr.,Clear,Front to Rear,no,no,no,no,no,False
103108284,METROPOLITAN NASHVILLE POLICE DEPT,20210524050,Davidson,Nashville,10/7/2021 7:51:00 AM,2,0,0,36.108030,-86.768950,I 65,,,,0.00,,,,,,,79.60,N,Not at Intersection,N,Non-Junction,None,,,         ,Connor,Hosey,Cloudy,Front to Rear,no,no,no,no,yes,False
103108292,METROPOLITAN NASHVILLE POLICE DEPT,20210524123,Davidson,Nashville,10/7/2021 8:58:00 AM,2,0,0,36.227360,-86.778970,I 24,,,,0.00,,,,,,,44.30,N,Not at Intersection, ,Non-Junction,None,,,         ,William,Coy,Cloudy,"Sideswipe, Same Direction",no,no,no,no,no,False
103108306,METROPOLITAN NASHVILLE POLICE DEPT,20210524065,Davidson,Nashville,10/7/2021 8:10:00 AM,2,0,0,36.116100,-86.773460,I 65,,,,0.00,,,,,,,80.20,N,Not at Intersection, ,Non-Junction,None,,,         ,Connor,Hosey,Cloudy,Front to Rear,no,no,no,no,no,False
103108307,METROPOLITAN NASHVILLE POLICE DEPT,20210524085,Davidson,Nashville,10/7/2021 8:38:00 AM,1,0,0,36.168270,-86.780130,3RD AVN,,,,0.00,,,,,,,0.00,,, ,Non-Junction,None,,,         ,Wesley,Young,Cloudy,Not Collision with Motor Vehicle in Transport,no,no,no,yes,no,False
103108310,METROPOLITAN NASHVILLE POLICE DEPT,20210524111,Davidson,Antioch,10/7/2021 9:19:00 AM,2,2,0,36.050620,-86.606180,GROVEDALE TRC,,,,0.00,,,PIN HOOK RD,,,,0.00,Y,T-Intersection,Y,Intersection,None,,,         ,Steven,Williams,Cloudy,Angle,no,no,no,no,no,False
103108313,VANDERBILT UNIVERSITY POLICE,21-0524089,Davidson,Nashville,10/7/2021 7:12:00 AM,2,0,0,36.138220,-86.807140,BLAKEMORE AV,,,,0.00,,,25TH AVS,,,,0.00,Y,T-Intersection,Y,Non-Junction,None,,,         ,Scott,Johnson,Cloudy,Front to Rear,no,no,no,no,yes,Campus
103108314,METROPOLITAN NASHVILLE POLICE DEPT,20210524099,Davidson,Nashville,10/7/2021 9:17:00 AM,4,0,0,36.024460,-86.631580,I 24,,,,0.00,,,,,,,61.65,N,Not at Intersection,N,Non-Junction,None,,,         ,Dillon,Deleacaes,Clear,Front to Rear,no,no,no,no,no,False
103108323,METROPOLITAN NASHVILLE POLICE DEPT,20210524092,Davidson,Nashville,10/7/2021 9:13:00 AM,2,0,0,36.109910,-86.770660,I 65,,,,0.00,,,,,,,79.75,N,Not at Intersection,N,Non-Junction,None,,,         ,Connor,Hosey,Cloudy,Front to Rear,no,no,no,no,no,False
103108333,METROPOLITAN NASHVILLE POLICE DEPT,20210524248,Davidson,Nashville,10/7/2021 12:00:00 AM,1,0,0,36.193570,-86.834340,JOHN MALLETTE DR,,,,0.00,,,,,,,0.00,,,N,Non-Junction,None,,,         ,William,Coy,Unknown,Not Collision with Motor Vehicle in Transport,no,no,no,yes,yes,False
103108345,METROPOLITAN NASHVILLE POLICE DEPT,20210524204,Davidson,Nashville,10/7/2021 10:27:00 AM,2,0,0,36.147190,-86.777990,I 65,,,,0.00,,,,,,,82.30,N,Not at Intersection, ,Non-Junction,None,,,         ,Mason,Tyler,Cloudy,Front to Rear,no,no,no,no,no,False
103108356,METROPOLITAN NASHVILLE POLICE DEPT,20210524068,Davidson,Nashville,10/7/2021 8:56:00 AM,1,0,0,36.116130,-86.916440,I 40,,,,0.00,,,,,,,199.70,N,Not at Intersection,N,Non-Junction,None,,,         ,Jack,Crouch,Cloudy,Not Collision with Motor Vehicle in Transport,no,no,no,no,yes,False
103108365,METROPOLITAN NASHVILLE POLICE DEPT,20210524025,Davidson,Nashville,10/7/2021 8:27:00 AM,3,0,0,36.136500,-86.775620,I 65,,,,0.00,,,,,,,81.60,N,Not at Intersection,N,OtherLocation,None,,,         ,Earl,Davis,Cloudy,Front to Rear,no,no,no,no,no,False
103108379,METROPOLITAN NASHVILLE POLICE DEPT,20210524335,Davidson,Goodlettsville,10/7/2021 11:57:00 AM,3,0,0,36.302750,-86.691850,RIVERGATE MARKETPLACE PVTDR,,,,0.00,,,GALLATIN PKEN,,,,0.00,Y,Four-Way, ,Intersection,None,,,         ,Christopher,Littles,Clear,Angle,no,no,no,no,no,False
103108384,METROPOLITAN NASHVILLE POLICE DEPT,20210524127,Davidson,Nashville,10/7/2021 9:16:00 AM,2,2,0,36.110940,-86.745220,THOMPSON LN,,,,0.00,,,NOLENSVILLE PKE,,,,0.00,Y,Four-Way,N,Intersection,None,,,         ,Earl,Davis,Cloudy,HeadOn,no,no,no,no,no,False
103108406,METROPOLITAN NASHVILLE POLICE DEPT,20210524276,Davidson,Nashville,10/7/2021 9:22:00 AM,2,0,0,36.039900,-86.741960,OLD HICKORY BLVD,,,,470.00,Feet,East,EDMONDSON PKE,,,,0.00,N,Not at Intersection,N,Non-Junction,None,,,         ,Earl,Davis,Cloudy,Angle,no,no,no,no,no,False
103108447,METROPOLITAN NASHVILLE POLICE DEPT,20210524398,Davidson,Nashville,10/7/2021 12:31:00 PM,3,3,0,36.145910,-86.870960,CHARLOTTE PKE,,,,95.00,Feet,West,WESTBORO DR,,,,0.00,N,Not at Intersection,N,Non-Junction,None,,,         ,Jared,Dick,Clear,Front to Rear,no,no,no,no,no,False
103108488,METROPOLITAN NASHVILLE POLICE DEPT,20210524416,Davidson,Nashville,10/7/2021 12:45:00 PM,2,0,0,36.169280,-86.862060,CENTENNIAL BLVD,,,,0.00,,,LINDER INDUSTRIAL DR,,,,0.00,Y,OTHER, ,OtherLocation,None,,,         ,George,Spencer,Clear,Other,no,no,no,no,no,False
103108522,METROPOLITAN NASHVILLE POLICE DEPT,20210524488,Davidson,Nashville,10/7/2021 12:00:00 AM,2,0,0,36.147380,-86.672730,ROYAL PKWY,,,,589.00,Feet,West,RACHEL DR,,,,0.00,N,Not at Intersection,N,Non-Junction,None,,,         ,Larry,Benz,Clear,Unknown,no,no,no,yes,yes,False
103108534,METROPOLITAN NASHVILLE POLICE DEPT,20210524205,Davidson,Nashville,10/7/2021 12:00:00 AM,2,0,0,36.042660,-86.624850,ASHEFORD TRC,,,,34.00,Feet,West,ASHEFORD CT,,,,0.00,N,Not at Intersection, ,Non-Junction,None,,,         ,Eric,Burford,Clear,Angle,no,no,no,no,no,False
103108536,METROPOLITAN NASHVILLE POLICE DEPT,20210524484,Davidson,Nashville,10/7/2021 1:12:00 PM,2,1,0,36.103840,-86.808700,LONE OAK RD,,,,180.00,Feet,South,RICHARD JONES RD,,,,0.00,N,Not at Intersection,N,Non-Junction,None,,,         ,Earl,Davis,Clear,Front to Rear,no,no,no,no,yes,False
103108542,METROPOLITAN NASHVILLE POLICE DEPT,20210524353,Davidson,Nashville,10/7/2021 11:30:00 AM,3,0,0,36.132940,-86.726870,I24E,,,,965.00,Feet,North,I24 W EXT RAMP,,,,0.00,N,Not at Intersection, ,Non-Junction,None,,,         ,Todd,Watson,Clear,Front to Rear,no,no,no,no,no,False
103108581,METROPOLITAN NASHVILLE POLICE DEPT,20210524302,Davidson,Nashville,10/7/2021 11:43:00 AM,2,1,0,36.068860,-86.674290,ARTELIA DR,,,,143.00,Feet,North,RICHARDS RD,,,,0.00,N,Not at Intersection,N,Non-Junction,None,,,         ,Thomas,Parsons,Clear,HeadOn,no,no,no,no,no,False
103108600,METROPOLITAN NASHVILLE POLICE DEPT,20210524614,Davidson,Nashville,10/7/2021 2:53:00 PM,2,0,0,36.046530,-86.683350,BELL RD,,,,0.00,,,BRENTRIDGE DR,,,,0.00,Y,T-Intersection,N,Non-Junction,None,,,         ,Brian,Sherman,Clear,Angle,no,no,no,no,no,False
103108645,METROPOLITAN NASHVILLE POLICE DEPT,20210524722,Davidson,Nashville,10/7/2021 2:15:00 PM,2,0,0,36.075210,-86.681700,ANTIOCH PKE,,,,642.00,Feet,South,RADER DR,,,,0.00,N,Not at Intersection, ,,None,,,         ,Laura,Williams,,,no,no,no,no,no,False
103108646,METROPOLITAN NASHVILLE POLICE DEPT,20210524671,Davidson,Nashville,10/7/2021 3:35:00 PM,2,1,0,36.255780,-86.738540,I 65,,,,0.00,,,,,,,91.65,N,Not at Intersection,N,Non-Junction,None,,,         ,Sean,Herman,Clear,"Sideswipe, Same Direction",no,no,no,no,yes,False
103108652,METROPOLITAN NASHVILLE POLICE DEPT,20210524626,Davidson,Antioch,10/7/2021 2:33:00 PM,2,0,0,36.014480,-86.620810,I 24,,,,0.00,,,,,,,62.50,N,Not at Intersection,N,Non-Junction,None,,,         ,Beri,Scott,Clear,Not Collision with Motor Vehicle in Transport,no,no,no,no,no,False
103108659,METROPOLITAN NASHVILLE POLICE DEPT,20210524615,Davidson,Nashville,10/7/2021 2:41:00 PM,2,0,0,36.109990,-86.777790,WOODMONT BLVD,,,,0.00,,,CRESTRIDGE DR,,,,0.00,Y,Four-Way,N,Intersection,None,,,         ,Dylan,Motes,Clear,Front to Rear,no,no,no,no,no,False
103108660,METROPOLITAN NASHVILLE POLICE DEPT,20210524629,Davidson,Nashville,10/7/2021 3:05:00 PM,3,2,0,36.185400,-86.816930,CLARKSVILLE PKE,,,,85.00,Feet,East,25TH AVN,,,,0.00,N,Not at Intersection,N,Non-Junction,None,,,         ,Mary,Hall,Clear,Front to Rear,no,no,no,no,no,False
103108669,METROPOLITAN NASHVILLE POLICE DEPT,20210524719,Davidson,Nashville,10/7/2021 4:00:00 PM,2,0,0,36.133320,-86.726890,I24E,,,,70.00,Feet,East,I24 W EXT RAMP,,,,0.00,N,Not at Intersection, ,Non-Junction,None,,,         ,Dalton,Crum,Clear,Front to Rear,no,no,no,no,no,False
103108673,METROPOLITAN NASHVILLE POLICE DEPT,20210524729,Davidson,Nashville,10/7/2021 4:11:00 PM,2,0,0,36.172420,-86.768860,I 24,,,,0.00,,,,,,,48.30,N,Not at Intersection, ,Non-Junction,None,,,         ,Tyler,Lewis,Clear,Front to Rear,no,no,no,no,no,False
103108676,BERRY HILL POLICE DEPT,21-2978,Davidson,Berry Hill,10/7/2021 12:00:00 AM,2,1,0,36.120540,-86.775170,FRANKLIN PKE,,,,173.00,Feet,North,GALE LN,,,,0.00,N,Not at Intersection,N,Non-Junction,None,,,         ,John,Gleixner,Clear,Angle,no,no,no,no,no,False
103108680,METROPOLITAN NASHVILLE POLICE DEPT,20210524532,Davidson,Nashville,10/7/2021 1:48:00 PM,2,0,0,36.155650,-86.789720,BROADWAY,,,,0.00,,,I40 E EXT RAMP,,,,0.00,Y,Four-Way, ,Intersection,None,,,         ,Michael,Douglas,Clear,"Sideswipe, Same Direction",no,no,no,no,yes,False
103108685,METROPOLITAN NASHVILLE POLICE DEPT,20210524734,Davidson,Nashville,10/7/2021 4:15:00 PM,2,1,0,36.172590,-86.762800,S 6TH ST,,,,0.00,,East,WOODLAND ST,,,,0.00,N,Not at Intersection,Y,Non-Junction,None,,,         ,Kyle,Kinsman,Clear,Angle,no,no,no,no,no,False
103108698,METROPOLITAN NASHVILLE POLICE DEPT,20210524794,Davidson,Nashville,10/7/2021 3:58:00 PM,2,0,0,36.093790,-86.762810,I 65,,,,0.00,,,,,,,78.60,N,Not at Intersection, ,,None,,,         ,Steven,Powers,,,no,no,no,no,no,False
103108703,METROPOLITAN NASHVILLE POLICE DEPT,20210524828,Davidson,Nashville,10/7/2021 3:29:00 PM,2,0,0,36.148480,-86.667750,NELSON PL,,,,213.00,Feet,South,ELM HILL PKE,,,,0.00,N,Not at Intersection,N,Non-Junction,None,,,         ,Evan,Grace,Clear,Angle,no,no,no,yes,yes,False
103108704,METROPOLITAN NASHVILLE POLICE DEPT,20210524765,Davidson,Nashville,10/7/2021 4:46:00 PM,3,1,0,36.040930,-86.746120,OLD HICKORY BLVD,,,,620.00,Feet,East,BRENTWOOD MEADOWS CIR,,,,0.00,N,Not at Intersection,N,Non-Junction,None,,,         ,Dylan,Motes,Clear,Front to Rear,no,no,no,no,no,False
103108708,METROPOLITAN NASHVILLE POLICE DEPT,20210524745,Davidson,Nashville,10/7/2021 12:00:00 AM,2,0,0,36.150070,-86.784840,I 40,,,,0.00,,,,,,,209.50,N,Not at Intersection, ,Non-Junction,None,,,         ,Wyatt,Blacker,Clear,Front to Rear,no,no,no,no,no,False
103108709,METROPOLITAN NASHVILLE POLICE DEPT,20210524783,Davidson,Nashville,10/7/2021 4:30:00 PM,2,0,0,36.233030,-86.821790,BRILEY PKWYE,,,,224.00,Feet,West,BRILEY PKWY E EXT RAMP,,,,0.00,N,Not at Intersection, ,Non-Junction,None,,,         ,Thomas,Denenea,Clear,"Sideswipe, Same Direction",no,no,no,no,yes,False
103108712,METROPOLITAN NASHVILLE POLICE DEPT,20210524723,Davidson,Not in City Limit,10/7/2021 4:10:00 PM,2,0,0,36.272110,-86.710240,GALLATIN PKEN,,,,245.00,Feet,South,NESBITT LN,,,,0.00,N,Not at Intersection,N,Non-Junction,None,,,         ,Derek,Sibley,Clear,"Sideswipe, Same Direction",no,no,no,no,no,False
103108713,METROPOLITAN NASHVILLE POLICE DEPT,20210524790,Davidson,Nashville,10/7/2021 5:00:00 PM,2,1,0,36.046570,-86.713410,NOLENSVILLE PKE,,,,439.00,Feet,North,OLD HICKORY BLVD,,,,0.00,N,Not at Intersection,N,Non-Junction,None,,,         ,Beri,Scott,Clear,Angle,no,no,no,no,no,False
103108719,METROPOLITAN NASHVILLE POLICE DEPT,20210524811,Davidson,Nashville,10/7/2021 5:10:00 PM,2,0,0,36.154710,-86.779130,8TH AVS,,,,28.00,Feet,North,LAFAYETTE ST,,,,0.00,N,Not at Intersection,N,OtherLocation,None,,,         ,Kency,Le,Clear,Angle,no,no,no,no,yes,False
103108720,METROPOLITAN NASHVILLE POLICE DEPT,20210524851,Davidson,Nashville,10/7/2021 5:25:00 PM,2,0,0,36.162200,-86.819400,28TH AVN,,,,145.00,Feet,South,I40 E ENT RAMP,,,,0.00,N,Not at Intersection,N,Non-Junction,None,,,         ,Lucas,Thomas,Clear,Front to Rear,no,no,no,no,no,False
103108729,METROPOLITAN NASHVILLE POLICE DEPT,20210524797,Davidson,Nashville,10/7/2021 5:00:00 PM,1,0,0,36.177400,-86.751490,S 10TH ST,,,,162.00,Feet,North,WOODLAND ST,,,,0.00,N,Not at Intersection,N,Non-Junction,None,,,         ,Ciara,Doherty,Clear,Not Collision with Motor Vehicle in Transport,no,no,no,yes,no,False
103108759,METROPOLITAN NASHVILLE POLICE DEPT,20210524957,Davidson,Nashville,10/7/2021 6:00:00 PM,2,0,0,36.167830,-86.816500,I40 W ENT RAMP,,,,0.00,Feet,East,I 40,,,,0.00,N,Not at Intersection, ,Non-Junction,None,,,         ,Lucas,Thomas,Clear,Front to Rear,no,no,no,no,no,False
103108762,METROPOLITAN NASHVILLE POLICE DEPT,20210524724,Davidson,Nashville,10/7/2021 4:11:00 PM,2,0,0,36.150430,-86.749390,I 40,,,,0.00,,,,,,,211.65,N,Not at Intersection, ,Non-Junction,None,,,         ,Douglas,Mann,,Angle,no,no,no,no,no,False
103108767,METROPOLITAN NASHVILLE POLICE DEPT,20210524974,Davidson,Nashville,10/7/2021 6:05:00 PM,2,0,0,36.080540,-86.758430,TROUSDALE DR,,,,207.00,Feet,South,HARDING PL,,,,0.00,N,Not at Intersection,N,Non-Junction,None,,,         ,Goran,Manojlovic,Clear,"Sideswipe, Same Direction",no,no,no,no,yes,False
103108782,METROPOLITAN NASHVILLE POLICE DEPT,20210525047,Davidson,Nashville,10/7/2021 7:38:00 PM,2,0,0,36.163440,-86.791320,11TH AVN,,,,0.00,,,NELSON MERRY ST,,,,0.00,Y,OTHER,N,Non-Junction,None,,,         ,Gabriel,Vasquez,Clear,Front to Rear,no,no,no,yes,yes,False
103108784,METROPOLITAN NASHVILLE POLICE DEPT,20210525004,Davidson,Not in City Limit,10/7/2021 6:46:00 PM,2,0,0,36.276040,-86.766340,OLD HICKORY BLVD,,,,578.00,Feet,South,CRESTMONT CT,,,,0.00,N,Not at Intersection,N,Non-Junction,None,,,         ,Brandon,Lopez,Clear,Angle,no,no,no,no,yes,False
103108801,METROPOLITAN NASHVILLE POLICE DEPT,20210524909,Davidson,Nashville,10/7/2021 12:00:00 AM,2,4,0,36.077380,-86.740070,HARDING PL,,,,0.00,,,BINKLEY DR,,,,0.00,Y,Four-Way,Y,Intersection,None,,,         ,Wyatt,Blacker,Clear,Angle,no,no,no,no,no,False
103108827,METROPOLITAN NASHVILLE POLICE DEPT,20210524624,Davidson,Nashville,10/7/2021 1:52:00 PM,2,1,0,36.065150,-86.625270,HAMILTON CHURCH RD,,,,942.00,Feet,West,MURFREESBORO PKE,,,,0.00,N,Not at Intersection,N,Non-Junction,None,,,         ,Nathaniel,Myers,Clear,Angle,no,no,no,yes,no,False
103108828,METROPOLITAN NASHVILLE POLICE DEPT,20210524779,Davidson,Antioch,10/7/2021 4:50:00 PM,2,0,0,36.051000,-86.605170,GRACEWOOD GROVE,,,,64.00,Feet,West,STONEFARM TRL,,,,0.00,N,Not at Intersection, ,Non-Junction,None,,,         ,Nathaniel,Myers,Clear,Angle,no,no,no,no,no,False
103108830,METROPOLITAN NASHVILLE POLICE DEPT,20210524971,Davidson,Nashville,10/7/2021 6:10:00 PM,2,0,0,36.153820,-86.783660,11TH AVS,,,,0.00,,,,,,,0.00,,,N,Non-Junction,None,,,         ,James,Hill,Clear,Angle,no,no,no,yes,yes,False
103108832,METROPOLITAN NASHVILLE POLICE DEPT,20210525075,Davidson,Nashville,10/7/2021 8:05:00 PM,2,1,0,36.204720,-86.751150,E TRINITY LN,,,,0.00,,,PITTWAY DR,,,,0.00,Y,T-Intersection,N,Intersection,None,,,         ,Randy,Puckett,Clear,Angle,no,no,no,no,no,False
103108841,METROPOLITAN NASHVILLE POLICE DEPT,20210524996,Davidson,Goodlettsville,10/7/2021 12:00:00 AM,2,1,0,36.296920,-86.699150,GALLATIN PKEN,,,,3.00,Feet,North,RIVERGATE PKWY,,,,0.00,N,Not at Intersection,N,Non-Junction,None,,,         ,Wesley,Carver,Clear,Angle,no,no,no,no,no,False
103108843,METROPOLITAN NASHVILLE POLICE DEPT,20210524949,Davidson,Nashville,10/7/2021 5:18:00 PM,2,0,0,36.086020,-86.698690,I24 W EXT RAMP,,,,0.00,Feet,East,I 24,,,,0.00,N,Not at Intersection,N,Non-Junction,None,,,         ,Beri,Scott,Clear,"Sideswipe, Same Direction",no,no,no,no,yes,False
103108845,METROPOLITAN NASHVILLE POLICE DEPT,20210525049,Davidson,Antioch,10/7/2021 6:00:00 PM,2,0,0,36.035890,-86.611160,OLD HICKORY BLVD,,,,0.00,Feet,,HOBSON PKE,,,,0.00,Y,Four-Way,N,Intersection,None,,,         ,Gabriel,Hamilton,Clear,"Sideswipe, Same Direction",no,no,no,no,yes,False
103108864,METROPOLITAN NASHVILLE POLICE DEPT,20210524999,Davidson,Nashville,10/7/2021 7:05:00 PM,2,1,0,36.149980,-86.858700,CHARLOTTE PKE,,,,215.00,Feet,East,MIDLAND AV,,,,0.00,N,Not at Intersection,N,Non-Junction,None,,,         ,Matthew,Mrowiec,Clear,Front to Rear,no,no,no,no,no,False
103108866,METROPOLITAN NASHVILLE POLICE DEPT,20210525076,Davidson,Nashville,10/7/2021 8:07:00 PM,2,0,0,36.157980,-86.772640,2ND AVS,,,,0.00,Feet,,KOREAN VETERANS BLVD,,,,0.00,Y,Four-Way, ,Intersection,None,,,         ,Kency,Le,Clear,Angle,no,no,no,no,no,False
103108893,METROPOLITAN NASHVILLE POLICE DEPT,20210524991,Davidson,Nashville,10/7/2021 7:05:00 PM,2,1,0,36.229940,-86.725050,RICHMOND DR,,,,0.00,,,GALLATIN PKE,,,,0.00,Y,Four-Way,N,Intersection-Related,None,,,         ,James,Harben,Clear,"Sideswipe, Opposite Direction",no,no,no,no,yes,False