master_record_number,agency,agency_tracking_number,county,city,collision_date,vehicles_involved,number_injured,number_dead,latitude,longitude,roadway_name,roadway_suffix,roadway_number,roadway_local_id,distance_from_reference,miles-feet_indicator,direction_from_reference,intersection_road_name,intersection_road_name_suffix,intersection_road_number,intersection_local_id,mile_marker,intersection_indicator,intersect_type,interchange_related_indicator,relation_to_junction,work_zone_type,construction_maintenance_zone,construction_maintenance_zone_location,fatal_case_number,officer_first_name,officer_last_name,weather_condition(s),manner_of_crash,pedestrian,bicycle,scooter,parking,hitrun,mou
103108916,METROPOLITAN NASHVILLE POLICE DEPT,20210525152,Davidson,Nashville,10/7/2021 8:25:00 PM,2,0,0,36.167010,-86.763730,SHELBY AV,,,,0.00,Feet,,S 4TH ST,,,,0.00,Y,Four-Way,Y,Intersection,None,,,         ,Tyler,Lewis,Clear,Angle,no,no,no,no,no,False
103108917,METROPOLITAN NASHVILLE POLICE DEPT,20210525193,Davidson,Madison,10/7/2021 8:30:00 PM,2,0,0,36.273400,-86.709310,ANDERSON LN,,,,129.00,Feet,East,PIERCE RD,,,,0.00,N,Not at Intersection, ,Non-Junction,None,,,         ,Vincent,McCrary,Clear,HeadOn,no,no,no,no,yes,False
103108919,METROPOLITAN NASHVILLE POLICE DEPT,20210525002,Davidson,Nashville,10/7/2021 12:00:00 AM,3,0,0,36.166330,-86.764570,I 24,,,,0.00,,,,,,,49.00,N,Not at Intersection, ,Non-Junction,None,,,         ,Esther,Poysti,Clear,Front to Rear,no,no,no,no,no,False
103108920,METROPOLITAN NASHVILLE POLICE DEPT,20210525205,Davidson,Nashville,10/7/2021 9:36:00 PM,2,0,0,36.047200,-86.676040,BELL RD,,,,730.00,Feet,North,BLUE HOLE RD,,,,0.00,N,Not at Intersection,N,Non-Junction,None,,,         ,Beri,Scott,Clear,Front to Rear,no,no,no,yes,yes,False
103108922,METROPOLITAN NASHVILLE POLICE DEPT,20210525146,Davidson,Not in City Limit,10/7/2021 9:07:00 PM,2,0,0,36.318880,-86.841800,I 24,,,,0.00,,,,,,,36.60,N,Not at Intersection, ,Non-Junction,None,,,         ,Gabriel,Centeno,Clear,"Sideswipe, Same Direction",no,no,no,no,no,False
103108923,METROPOLITAN NASHVILLE POLICE DEPT,20210525213,Davidson,Nashville,10/7/2021 8:42:00 PM,2,0,0,36.070790,-86.722910,NOLENSVILLE PKE,,,,300.00,Feet,South,BASS AV,,,,0.00,N,Not at Intersection, ,Non-Junction,None,,,         ,Douglas,Sykes,Clear,Front to Rear,no,no,no,no,no,False
103108926,METROPOLITAN NASHVILLE POLICE DEPT,20210525187,Davidson,Nashville,10/7/2021 9:35:00 PM,2,0,0,36.147780,-86.757730,FAIRFIELD AV,,,,85.00,Feet,South,WINFREY ST,,,,0.00,N,Not at Intersection,N,Non-Junction,None,,,         ,Mario,Diaz,Clear,Angle,no,no,no,no,no,False
103108941,METROPOLITAN NASHVILLE POLICE DEPT,20210525233,Davidson,Nashville,10/7/2021 10:18:00 PM,2,0,0,36.070430,-86.598950,FORRESTAL WAY,,,,0.00,,,SEASONS DR,,,,0.00,Y,OTHER,N,Non-Junction,None,,,         ,Dontaveous,Eubanks,,HeadOn,no,no,no,no,no,False
103108955,METROPOLITAN NASHVILLE POLICE DEPT,20210525275,Davidson,Nashville,10/7/2021 10:50:00 PM,2,0,0,36.156530,-86.775940,KOREAN VETERANS BLVD,,,,24.00,Feet,West,5TH AVS,,,,0.00,N,Not at Intersection, ,Non-Junction,None,,,         ,Tim,Le,Clear,Front to Rear,no,no,no,no,no,False
103108966,METROPOLITAN NASHVILLE POLICE DEPT,20210523842,Davidson,Nashville,10/7/2021 5:38:00 AM,2,0,0,36.079600,-86.726320,NOLENSVILLE PKE,,,,0.00,,,HARDING PL,,,,0.00,Y,Four-Way,Y,Intersection-Related,None,,,         ,James,Wells Jr.,Clear,Angle,no,no,no,no,no,False
103108976,METROPOLITAN NASHVILLE POLICE DEPT,20210525386,Davidson,Nashville,10/7/2021 9:49:00 PM,1,0,0,36.143320,-86.653900,ELM HILL PKE,,,,346.00,Feet,East,MCCRORY CREEK RD,,,,0.00,N,Not at Intersection,N,Non-Junction,None,,,         ,Randall,Ward,,Not Collision with Motor Vehicle in Transport,no,no,no,no,yes,False
103108981,METROPOLITAN NASHVILLE POLICE DEPT,20210524866,Davidson,Nashville,10/7/2021 12:00:00 AM,2,0,0,36.159110,-86.773360,2ND AVS,,,,0.00,Feet,East,MOLLOY ST,,,,0.00,N,Not at Intersection,N,Non-Junction,None,,,         ,Michael,Fox,,Angle,no,no,no,no,yes,False
103108983,METROPOLITAN NASHVILLE POLICE DEPT,20210525281,Davidson,Nashville,10/7/2021 10:55:00 PM,2,0,0,36.226420,-86.766120,HILLHURST DR,,,,226.00,Feet,West,SUNSET DR,,,,0.00,N,Not at Intersection,N,Non-Junction,None,,,         ,Alexander,Donald,Clear,Front to Rear,no,no,no,no,yes,False
103108993,METROPOLITAN NASHVILLE POLICE DEPT,20210524915,Davidson,Nashville,10/7/2021 6:13:00 PM,1,3,0,36.053500,-86.724960,AMALIE DR,,,,392.00,Feet,South,MCMURRAY DR,,,,0.00,N,Not at Intersection,N,Non-Junction,None,,,         ,Jacob,Robbins,Clear,Not Collision with Motor Vehicle in Transport,no,no,no,no,no,False
103108999,METROPOLITAN NASHVILLE POLICE DEPT,20210525433,Davidson,Not in City Limit,10/8/2021 12:35:00 AM,1,0,0,36.269000,-86.754530,OLD HICKORY BLVDW,,,,366.00,Feet,East,DICKERSON PKE,,,,0.00,N,Not at Intersection,N,Non-Junction,None,,,         ,Timothy,Lehnert,Clear,Not Collision with Motor Vehicle in Transport,no,no,no,yes,yes,False
103109000,METROPOLITAN NASHVILLE POLICE DEPT,20210525354,Davidson,Nashville,10/7/2021 11:48:00 PM,2,0,0,36.197270,-86.771420,MARIE ST,,,,0.00,Feet,East,DICKERSON PKE,,,,0.00,N,Not at Intersection,N,Non-Junction,None,,,         ,Carlos,Urrutia,Clear,Angle,no,no,no,no,no,False
103109010,METROPOLITAN NASHVILLE POLICE DEPT,20210525053,Davidson,Nashville,10/7/2021 6:55:00 PM,2,0,0,36.187920,-86.607530,OLD LEBANON DIRT RD,,,,72.00,Feet,East,ANDREW JACKSON PKWY,,,,0.00,N,Not at Intersection,N,Non-Junction,None,,,         ,Michael,Fox,Clear,"Sideswipe, Same Direction",no,no,no,no,no,False
103109024,METROPOLITAN NASHVILLE POLICE DEPT,20210525478,Davidson,Nashville,10/8/2021 1:23:00 AM,2,0,0,36.167270,-86.814460,MEHARRY BLVD,,,,69.00,Feet,East,25TH AVN,,,,0.00,N,Not at Intersection,N,Non-Junction,None,,,         ,Martin,Brown,Clear,Angle,no,no,no,no,yes,False
103109033,METROPOLITAN NASHVILLE POLICE DEPT,20210525613,Davidson,Nashville,10/8/2021 3:43:00 AM,2,1,0,36.193080,-86.776150,I 65,,,,0.00,,,,,,,86.55,N,Not at Intersection,N,Non-Junction,None,,,         ,Zachary,Cooper,Clear,"Sideswipe, Same Direction",no,no,no,no,yes,False
103109063,METROPOLITAN NASHVILLE POLICE DEPT,20210525663,Davidson,Nashville,10/8/2021 4:54:00 AM,2,0,0,36.163790,-86.757670,S 6TH ST,,,,29.00,Feet,North,LENORE ST,,,,0.00,N,Not at Intersection,N,Non-Junction,None,,,         ,Ronald,Conner,Clear,Front to Rear,no,no,no,no,yes,False
103109094,BERRY HILL POLICE DEPT,21-2977,Davidson,Berry Hill,10/7/2021 1:15:00 PM,2,1,0,36.126190,-86.777070,FRANKLIN PKE,,,,0.00,,,CRAIGHEAD ST,,,,0.00,Y,OTHER,N,Intersection-Related,None,,,         ,Larry,Carter,Clear,Front to Rear,no,no,no,no,no,False
103109098,METROPOLITAN NASHVILLE POLICE DEPT,20210525701,Davidson,Nashville,10/8/2021 6:02:00 AM,2,0,0,36.113050,-86.800030,WOODMONT BLVD,,,,0.00,Feet,,BELMONT BLVD,,,,0.00,Y,Four-Way,Y,Intersection,None,,,         ,Sierra,Walker,Clear,Angle,no,no,no,no,no,False
103109110,GOODLETTSVILLE POLICE DEPT,21-28266,Davidson,Goodlettsville,10/8/2021 7:47:00 AM,1,2,0,36.320780,-86.713210,S MAIN ST,,,,88.00,Feet,South,EAST AV,,,,0.00,N,Not at Intersection,N,OtherLocation,None,,,         ,Rico,Jones,Clear,Not Collision with Motor Vehicle in Transport,no,no,no,no,no,False
103109140,METROPOLITAN NASHVILLE POLICE DEPT,20210525754,Davidson,Not in City Limit,10/8/2021 7:00:00 AM,2,1,0,36.307440,-86.820270,I 24,,,,0.00,,,,,,,38.00,N,Not at Intersection,N,Non-Junction,None,,,         ,David,Kmosko,Clear,Angle,no,no,no,no,yes,False
103109145,METROPOLITAN NASHVILLE POLICE DEPT,20210524497,Davidson,Nashville,10/7/2021 1:20:00 PM,2,1,0,36.191780,-86.782680,I 65,,,,0.00,,,,,,,86.15,N,Not at Intersection,N,Non-Junction,None,,,         ,Michael,Evans,Clear,Front to Rear,no,no,no,no,no,False
103109147,METROPOLITAN NASHVILLE POLICE DEPT,20210525939,Davidson,Not in City Limit,10/8/2021 9:27:00 AM,2,0,0,36.284750,-86.729080,I 65,,,,0.00,,,,,,,93.70,N,Not at Intersection,N,Non-Junction,None,,,         ,Christopher,Littles,Clear,"Sideswipe, Same Direction",no,no,no,no,yes,False
103109148,METROPOLITAN NASHVILLE POLICE DEPT,20210525848,Davidson,Nashville,10/8/2021 8:15:00 AM,2,0,0,36.070040,-86.685360,HAYWOOD LN,,,,83.00,Feet,East,BAKERTOWN RD,,,,0.00,N,Not at Intersection, ,Non-Junction,None,,,         ,Blake,Langford,Clear,Front to Rear,no,no,no,no,no,False
103109174,METROPOLITAN NASHVILLE POLICE DEPT,20210525931,Davidson,Nashville,10/8/2021 9:10:00 AM,2,0,0,36.120700,-86.807970,LOMBARDY AV,,,,0.00,,,HILLSBORO PKE,,,,0.00,Y,Four-Way, ,Intersection,None,,,         ,Robert,Allen,Clear,Front to Rear,no,no,no,no,yes,False
103109191,METROPOLITAN NASHVILLE POLICE DEPT,20210525960,Davidson,Not in City Limit,10/8/2021 8:15:00 AM,2,0,0,36.084230,-86.943960,SAWYER BROWN RD,,,,0.00,,,WESTFIELD DR,,,,0.00,Y,T-Intersection, ,Intersection,None,,,         ,Jeffery,Leiser,Clear,Angle,no,no,no,no,no,False
103109196,METROPOLITAN NASHVILLE POLICE DEPT,20210524860,Davidson,Nashville,10/7/2021 5:24:00 PM,2,0,0,36.129490,-86.714700,MURFREESBORO PKE,,,,0.00,Feet,North,MILLWOOD DR,,,,0.00,N,Not at Intersection, ,Non-Junction,None,,,         ,Terrance,Stuckey,Clear,Angle,no,no,no,no,no,False
103109202,METROPOLITAN NASHVILLE POLICE DEPT,20210525977,Davidson,Nashville,10/8/2021 9:54:00 AM,2,0,0,36.081100,-86.758360,HARDING PL,,,,0.00,,,TROUSDALE DR,,,,0.00,Y,Four-Way, ,Intersection-Related,None,,,         ,Connor,Hosey,Clear,"Sideswipe, Same Direction",no,no,no,no,no,False
103109203,METROPOLITAN NASHVILLE POLICE DEPT,20210526009,Davidson,Nashville,10/8/2021 10:36:00 AM,2,2,0,36.252530,-86.739790,I 65,,,,0.00,,,,,,,91.40,N,Not at Intersection,N,Non-Junction,None,,,         ,Christopher,Littles,Clear,"Sideswipe, Same Direction",no,no,no,no,no,False
103109207,METROPOLITAN NASHVILLE POLICE DEPT,20210525868,Davidson,Nashville,10/8/2021 8:10:00 AM,3,0,0,36.134830,-86.723740,MURFREESBORO PKE,,,,224.00,Feet,East,I24 W EXT RAMP,,,,0.00,N,Not at Intersection,N,Non-Junction,None,,,         ,Matthew,Jorgensen,Clear,Angle,no,no,no,no,no,False
103109233,METROPOLITAN NASHVILLE POLICE DEPT,20210526103,Davidson,Nashville,10/8/2021 12:00:00 PM,1,1,0,36.190170,-86.745570,GALLATIN AV,,,,89.00,Feet,South,W GREENWOOD AV,,,,0.00,N,Not at Intersection,N,Non-Junction,None,,,         ,David,Scheevel,Cloudy,Not Collision with Motor Vehicle in Transport,yes,no,no,no,yes,False
103109240,METROPOLITAN NASHVILLE POLICE DEPT,20210526095,Davidson,Nashville,10/8/2021 11:24:00 AM,2,0,0,36.187040,-86.631110,CENTRAL PKE,,,,0.00,Feet,,LEBANON PKE,,,,0.00,Y,Four-Way, ,Intersection-Related,None,,,         ,Rex,Engelbert,Clear,Front to Rear,no,no,no,no,no,False
103109261,METROPOLITAN NASHVILLE POLICE DEPT,20210525815,Davidson,Nashville,10/8/2021 7:55:00 AM,2,0,0,36.205890,-86.768610,E TRINITY LN,,,,0.00,,,DICKERSON PKE,,,,0.00,Y,Four-Way,N,Intersection-Related,None,,,         ,Nicholas,Cochran,Clear,"Sideswipe, Same Direction",no,no,no,no,no,False
103109271,METROPOLITAN NASHVILLE POLICE DEPT,20210526091,Davidson,Nashville,10/8/2021 11:52:00 AM,2,0,0,36.096540,-86.809300,LONE OAK RD,,,,0.00,,,CASTLEMAN DR,,,,0.00,Y,T-Intersection,Y,Intersection,None,,,         ,Connor,Hosey,Clear,HeadOn,no,no,no,no,no,False
103109284,THP District 3 - Nashville,321067202,Davidson,Nashville,10/6/2021 5:33:00 PM,2,0,0,36.150770,-86.749760,I 40,,,,0.00,,,,,,,211.60,N,Not at Intersection,N,Non-Junction,None,,,         ,William,Phillips,Rain,Front to Rear,no,no,no,no,no,False
103109291,METROPOLITAN NASHVILLE POLICE DEPT,20210526076,Davidson,Nashville,10/8/2021 11:42:00 AM,3,2,0,36.128590,-86.777890,8TH AVS,,,,0.00,,,BRADFORD AV,,,,0.00,Y,Four-Way,N,Intersection,None,,,         ,Earl,Davis,Clear,Angle,no,no,no,no,no,False
103109294,THP District 9 - Administrative,321066817,Davidson,Not in City Limit,10/4/2021 4:53:00 PM,1,0,0,36.074980,-86.969810,I 40,,,,0.00,,,,,,,195.40,N,Not at Intersection,N,Non-Junction,None,,,         ,David,Henley,Clear,Not Collision with Motor Vehicle in Transport,no,no,no,no,no,False
103109306,METROPOLITAN NASHVILLE POLICE DEPT,20210526151,Davidson,Nashville,10/8/2021 12:00:00 AM,2,0,0,36.168820,-86.684550,LEBANON PKE,,,,0.00,Feet,East,THE CROSSINGS PVTDR,,,,0.00,N,Not at Intersection, ,Non-Junction,None,,,         ,Jack,Burke,Clear,"Sideswipe, Same Direction",no,no,no,no,no,False
103109307,METROPOLITAN NASHVILLE POLICE DEPT,20210526066,Davidson,Nashville,10/8/2021 11:00:00 AM,2,1,0,36.047840,-86.612050,MURFREESBORO PKE,,,,0.00,,,MOUNTAIN SPRINGS RD,,,,0.00,Y,OTHER,N,Non-Junction,None,,,         ,Ernest,Swoner,Clear,Angle,no,no,no,no,no,False
103109332,METROPOLITAN NASHVILLE POLICE DEPT,20210526162,Davidson,Nashville,10/8/2021 12:45:00 PM,2,1,0,36.164140,-86.763030,I 24,,,,0.00,,,,,,,49.15,N,Not at Intersection,N,Non-Junction,None,,,         ,David,Kmosko,Clear,Angle,no,no,no,no,no,False
103109335,METROPOLITAN NASHVILLE POLICE DEPT,20210525972,Davidson,Nashville,10/8/2021 9:56:00 AM,2,0,0,36.228450,-86.759440,DICKERSON PKE,,,,400.00,Feet,South,BROADMOOR DR,,,,0.00,N,Not at Intersection,N,Non-Junction,None,,,         ,Matthew,Cammarn,Clear,"Sideswipe, Same Direction",no,no,no,no,yes,False
103109360,METROPOLITAN NASHVILLE POLICE DEPT,20210525914,Davidson,Antioch,10/8/2021 9:13:00 AM,2,0,0,36.042850,-86.606550,MURFREESBORO PKE,,,,0.00,,,HOBSON PKE,,,,0.00,Y,Four-Way,N,Intersection,None,,,         ,Mena,Mahros,Clear,Angle,no,no,no,no,no,False
103109363,METROPOLITAN NASHVILLE POLICE DEPT,20210526215,Davidson,Nashville,10/8/2021 1:24:00 PM,3,1,0,36.138900,-86.726980,I 24,,,,0.00,,,,,,,51.30,N,Not at Intersection,Y,Entrance/Exit Ramp Related,None,,,         ,Christopher,Littles,Clear,Front to Rear,no,no,no,no,no,False
103109367,METROPOLITAN NASHVILLE POLICE DEPT,20210526237,Davidson,Nashville,10/8/2021 1:53:00 PM,2,2,0,36.174300,-86.610850,CENTRAL PKE,,,,11.00,Feet,South,CRYSTAL SPRING LN,,,,0.00,N,Not at Intersection,N,Non-Junction,None,,,         ,Ryan,Sherry,Clear,Angle,no,no,no,no,no,False
103109384,METROPOLITAN NASHVILLE POLICE DEPT,20210526233,Davidson,Nashville,10/8/2021 1:40:00 PM,2,0,0,36.148960,-86.874710,I 40,,,,0.00,,,,,,,203.00,N,Not at Intersection,N,Non-Junction,None,,,         ,laina,herod,Clear,"Sideswipe, Same Direction",no,no,no,no,no,False
103109423,METROPOLITAN NASHVILLE POLICE DEPT,20210526308,Davidson,Nashville,10/8/2021 1:38:00 PM,2,0,0,36.134280,-86.778960,WEDGEWOOD AV,,,,0.00,,,,,,,0.00,,, ,Non-Junction,None,,,         ,Dakota,Davis,Clear,Front to Rear,no,no,no,no,no,False
103109480,METROPOLITAN NASHVILLE POLICE DEPT,20210526245,Davidson,Nashville,10/8/2021 1:54:00 PM,2,1,0,36.142110,-86.666330,I40 W EXT RAMP,,,,0.00,Feet,East,I 40,,,,0.00,N,Not at Intersection,N,Entrance/Exit Ramp Related,None,,,         ,Kaytlin,huyler,Clear,Front to Rear,no,no,no,no,no,False
103109483,METROPOLITAN NASHVILLE POLICE DEPT,20210526320,Davidson,Nashville,10/8/2021 12:00:00 AM,2,1,0,36.228120,-86.625100,OLD HICKORY BLVD,,,,0.00,,,CLEVELAND HALL BLVD,,,,0.00,Y,T-Intersection,N,Non-Junction,None,,,         ,Keenan,McCann,Clear,Angle,no,no,no,no,no,False
103109504,METROPOLITAN NASHVILLE POLICE DEPT,20210526340,Davidson,Nashville,10/8/2021 3:10:00 PM,2,0,0,36.153600,-86.819880,CHARLOTTE AV,,,,304.00,Feet,East,CITY AV,,,,0.00,N,Not at Intersection, ,Non-Junction,None,,,         ,Lucas,Thomas,Clear,Angle,no,no,no,no,no,False
103109505,METROPOLITAN NASHVILLE POLICE DEPT,20210526267,Davidson,Nashville,10/8/2021 2:09:00 PM,2,0,0,36.138170,-86.726770,I 24,,,,0.00,,,,,,,52.25,N,Not at Intersection,N,Non-Junction,None,,,         ,Patrick,Deau,Clear,Front to Rear,no,no,no,no,no,False
103109555,METROPOLITAN NASHVILLE POLICE DEPT,20210482340,Davidson,Nashville,10/8/2021 12:35:00 PM,2,0,0,36.183170,-86.773840,GRACE ST,,,,7.00,Feet,East,DICKERSON PKE,,,,0.00,N,Not at Intersection, ,,None,,,         ,Flynn,Ireland,,,no,no,no,no,no,False
103109567,METROPOLITAN NASHVILLE POLICE DEPT,20210526450,Davidson,Nashville,10/8/2021 3:30:00 PM,2,1,0,36.213370,-86.775460,I 65,,,,0.00,,,,,,,87.80,N,Not at Intersection,N,Non-Junction,None,,,         ,Cooper,HIll,Clear,Front to Rear,no,no,no,no,yes,False
103109583,METROPOLITAN NASHVILLE POLICE DEPT,20210526383,Davidson,Nashville,10/8/2021 3:32:00 PM,2,1,0,36.206040,-86.613260,LEBANON PKE,,,,0.00,,,MONACO DR,,,,0.00,Y,T-Intersection,N,Intersection-Related,None,,,         ,David,Stanley,Clear,Angle,no,no,no,no,no,False
103109584,METROPOLITAN NASHVILLE POLICE DEPT,20210526413,Davidson,Nashville,10/8/2021 3:56:00 PM,2,0,0,36.082080,-86.727090,NOLENSVILLE PKE,,,,201.00,Feet,South,WELSHWOOD DR,,,,0.00,N,Not at Intersection, ,,None,,,         ,Dylan,Chambers,,,no,no,no,no,no,False
103109589,METROPOLITAN NASHVILLE POLICE DEPT,20210526462,Davidson,Nashville,10/8/2021 4:18:00 PM,2,0,0,36.112240,-86.772500,I65 S ENT RAMP,,,,0.00,Feet,East,I 65,,,,0.00,N,Not at Intersection, ,,None,,,         ,Steven,Powers,,,no,no,no,no,no,False
103109593,METROPOLITAN NASHVILLE POLICE DEPT,20210526407,Davidson,Nashville,10/8/2021 12:00:00 AM,2,0,0,36.098560,-86.738930,HARRISON ST,,,,0.00,,,NOLENSVILLE PKE,,,,0.00,Y,T-Intersection, ,Non-Junction,None,,,         ,Ashley,Kappenmacher,Clear,Front to Rear,no,no,no,no,no,False
103109617,METROPOLITAN NASHVILLE POLICE DEPT,20210526475,Davidson,Nashville,10/8/2021 4:50:00 PM,2,0,0,36.161020,-86.777200,BROADWAY,,,,0.00,,,4TH AVN,,,,0.00,Y,Four-Way, ,Intersection,None,,,         ,Sean,Pulizzano,Clear,Front to Rear,no,no,no,no,yes,False
103109619,METROPOLITAN NASHVILLE POLICE DEPT,20210526353,Davidson,Nashville,10/8/2021 3:28:00 PM,2,0,0,36.143960,-86.722300,ELM HILL PKE,,,,79.00,Feet,East,SPENCE LN,,,,0.00,N,Not at Intersection, ,,None,,,         ,Rami,Rouhi,,,no,no,no,no,no,False
103109622,METROPOLITAN NASHVILLE POLICE DEPT,20210526546,Davidson,Nashville,10/8/2021 4:30:00 PM,2,0,0,36.172200,-86.790710,ROSA L PARKS BLVD,,,,439.00,Feet,South,JEFFERSON ST,,,,0.00,N,Not at Intersection,N,Non-Junction,None,,,         ,Anna,Clayton,Clear,"Sideswipe, Same Direction",no,no,no,no,no,False
103109623,METROPOLITAN NASHVILLE POLICE DEPT,20210526551,Davidson,Nashville,10/8/2021 5:35:00 PM,2,0,0,36.211600,-86.765230,DICKERSON PKE,,,,43.00,Feet,North,DONALD ST,,,,0.00,N,Not at Intersection, ,Non-Junction,None,,,         ,Cooper,HIll,Clear,Angle,no,no,no,no,no,False
103109624,METROPOLITAN NASHVILLE POLICE DEPT,20210526419,Davidson,Nashville,10/8/2021 4:12:00 PM,2,0,0,36.141660,-86.623450,LINCOYA BAY DR,,,,0.00,Feet,East,BELL RD,,,,0.00,N,Not at Intersection, ,Non-Junction,None,,,         ,Rami,Rouhi,Clear,Rear to Rear,no,no,no,yes,no,False
103109626,METROPOLITAN NASHVILLE POLICE DEPT,20210526527,Davidson,Nashville,10/8/2021 5:22:00 PM,1,0,0,36.155880,-86.789100,I40 W EXT RAMP,,,,0.00,,,I 40,,,,0.00,Y,OTHER,N,Non-Junction,None,,,         ,Gabriel,Vasquez,Clear,Not Collision with Motor Vehicle in Transport,no,no,no,no,no,False
103109639,METROPOLITAN NASHVILLE POLICE DEPT,20210526604,Davidson,Nashville,10/8/2021 5:13:00 PM,2,0,0,36.081100,-86.758360,HARDING PL,,,,0.00,,,TROUSDALE DR,,,,0.00,Y,Four-Way, ,Intersection,None,,,         ,Steven,Powers,Clear,Front to Rear,no,no,no,no,no,False
103109640,METROPOLITAN NASHVILLE POLICE DEPT,20210526502,Davidson,Nashville,10/8/2021 5:05:00 PM,2,1,0,36.134320,-86.780880,WEDGEWOOD AV,,,,30.00,Feet,East,ACKLEN AV,,,,0.00,N,Not at Intersection,N,Non-Junction,None,,,         ,Alex,Gibson,Clear,Angle,no,no,no,no,no,False
103109661,METROPOLITAN NASHVILLE POLICE DEPT,20210526434,Davidson,Not in City Limit,10/8/2021 12:00:00 AM,2,0,0,36.073910,-86.926270,HICKS RD,,,,0.00,,,HIGHWAY 70S,,,,0.00,Y,Four-Way,N,Intersection,None,,,         ,Maria,Reynolds,Clear,Angle,no,no,no,no,no,False
103109680,METROPOLITAN NASHVILLE POLICE DEPT,20210526571,Davidson,Nashville,10/8/2021 5:51:00 PM,2,1,0,36.187400,-86.822070,ED TEMPLE BLVD,,,,262.00,Feet,South,ROSA L PARKS BLVD,,,,0.00,N,Not at Intersection,N,Non-Junction,None,,,         ,Tristen,Mayfield,Clear,Angle,no,no,no,no,yes,False
103109696,METROPOLITAN NASHVILLE POLICE DEPT,20210526577,Davidson,Goodlettsville,10/8/2021 5:57:00 PM,2,1,0,36.304710,-86.688980,NORTHSIDE FESTIVAL PVTDR,,,,0.00,,,LIBERTY LN,,,,0.00,Y,Four-Way,N,Non-Junction,None,,,         ,Sean,Herman,Clear,Other,no,no,no,no,no,False
103109699,METROPOLITAN NASHVILLE POLICE DEPT,20210526549,Davidson,Nashville,10/8/2021 12:00:00 AM,1,1,0,36.177210,-86.750820,WOODLAND ST,,,,202.00,Feet,East,S 10TH ST,,,,0.00,N,Not at Intersection,N,Non-Junction,None,,,         ,Esther,Poysti,Clear,Not Collision with Motor Vehicle in Transport,yes,no,no,no,no,False
103109706,METROPOLITAN NASHVILLE POLICE DEPT,20210526557,Davidson,Nashville,10/8/2021 3:58:00 PM,2,0,0,36.170820,-86.601550,OLD HICKORY BLVD,,,,0.00,,,I40 W EXT RAMP,,,,0.00,Y,Four-Way,N,Intersection,None,,,         ,David,Stanley,Clear,Angle,no,no,no,no,no,False
103109707,METROPOLITAN NASHVILLE POLICE DEPT,20210526686,Davidson,Nashville,10/8/2021 6:49:00 PM,2,0,0,36.195200,-86.834170,MANCHESTER AV,,,,75.00,Feet,South,CLARKSVILLE PKE,,,,0.00,N,Not at Intersection,N,Non-Junction,None,,,         ,Malik,Burriss,Clear,"Sideswipe, Same Direction",no,no,no,yes,yes,False
103109710,METROPOLITAN NASHVILLE POLICE DEPT,20210526508,Davidson,Not in City Limit,10/8/2021 12:00:00 AM,2,0,0,36.280730,-86.732790,I 65,,,,0.00,,,,,,,93.40,N,Not at Intersection,N,Non-Junction,None,,,         ,Wesley,Carver,Clear,Front to Rear,no,no,no,no,no,False
103109718,THP District 9 - Administrative,321067718,Davidson,Nashville,10/8/2021 7:46:00 PM,2,0,0,36.173390,-86.791480,ROSA L PARKS BLVD,,,,49.00,Feet,North,JEFFERSON ST,,,,0.00,N,Not at Intersection, ,Non-Junction,None,,,         ,Bobby,Clift,Clear,Front to Rear,no,no,no,no,no,False
103109725,METROPOLITAN NASHVILLE POLICE DEPT,20210526697,Davidson,Nashville,10/8/2021 6:15:00 PM,2,0,0,36.160470,-86.778440,OPRY PL,,,,0.00,,,BROADWAY,,,,0.00,Y,Four-Way, ,Non-Junction,None,,,         ,Michael,Douglas,Clear,"Sideswipe, Same Direction",no,no,no,no,no,False
103109727,METROPOLITAN NASHVILLE POLICE DEPT,20210526599,Davidson,Nashville,10/8/2021 6:05:00 PM,3,0,0,36.045710,-86.674230,BELL RD,,,,36.00,Feet,East,BLUE HOLE RD,,,,0.00,N,Not at Intersection,N,Non-Junction,None,,,         ,Gabriel,Hamilton,Clear,"Sideswipe, Same Direction",no,no,no,no,yes,False
103109730,VANDERBILT UNIVERSITY POLICE,20210526492,Davidson,Nashville,10/8/2021 5:01:00 PM,2,0,0,36.149500,-86.803200,WEST END,AVE,SR2100,,300.00,Feet,East,LOUISE,AVE,SR,,0.00,N,Not at Intersection, ,Non-Junction,None,,,         ,Yasemine,Lomax,Clear,Angle,no,no,no,no,no,Campus
103109744,METROPOLITAN NASHVILLE POLICE DEPT,20210526417,Davidson,Nashville,10/8/2021 3:43:00 PM,1,1,0,36.080410,-86.721690,HARDING PL,,,,478.00,Feet,East,HARDING MALL DR,,,,0.00,N,Not at Intersection,N,Non-Junction,None,,,         ,Keith,Parlato,Clear,Not Collision with Motor Vehicle in Transport,no,no,no,yes,no,False
103109745,METROPOLITAN NASHVILLE POLICE DEPT,20210526723,Davidson,Nashville,10/8/2021 12:00:00 AM,2,1,0,36.183820,-86.748370,EASTLAND AV,,,,0.00,Feet,,GALLATIN AV,,,,0.00,Y,T-Intersection,N,Intersection-Related,None,,,         ,Esther,Poysti,Clear,Angle,no,no,no,no,no,False