master_record_number,agency,agency_tracking_number,county,city,collision_date,vehicles_involved,number_injured,number_dead,latitude,longitude,roadway_name,roadway_suffix,roadway_number,roadway_local_id,distance_from_reference,miles-feet_indicator,direction_from_reference,intersection_road_name,intersection_road_name_suffix,intersection_road_number,intersection_local_id,mile_marker,intersection_indicator,intersect_type,interchange_related_indicator,relation_to_junction,work_zone_type,construction_maintenance_zone,construction_maintenance_zone_location,fatal_case_number,officer_first_name,officer_last_name,weather_condition(s),manner_of_crash,pedestrian,bicycle,scooter,parking,hitrun,mou
103111225,METROPOLITAN NASHVILLE POLICE DEPT,20210529369,Davidson,Nashville,10/10/2021 5:15:00 PM,3,1,0,36.046230,-86.660840,I24 E EXT RAMP,,,,0.00,Feet,East,I 24,,,,0.00,N,Not at Intersection,Y,Non-Junction,None,,,         ,Damian,Confer,Clear,Front to Rear,no,no,no,no,yes,False
103111226,METROPOLITAN NASHVILLE POLICE DEPT,20210529364,Davidson,Nashville,10/10/2021 4:26:00 PM,2,0,0,36.156010,-86.788850,13TH AVS,,,,0.00,Feet,,GEORGE L DAVIS BLVD,,,,0.00,Y,Four-Way,N,Intersection,None,,,         ,Kency,Le,Clear,Angle,no,no,no,no,yes,False
103111232,METROPOLITAN NASHVILLE POLICE DEPT,20210529357,Davidson,Nashville,10/10/2021 4:10:00 PM,2,0,0,36.234550,-86.809870,BRILEY PKWYE,,,,15.00,Feet,East,BRILEY PKWY E ENT RAMP,,,,0.00,N,Not at Intersection, ,Entrance/Exit Ramp Related,None,,,         ,Sefer,Kerim,Clear,Angle,no,no,no,no,no,False
103111238,METROPOLITAN NASHVILLE POLICE DEPT,20210529333,Davidson,Nashville,10/10/2021 4:00:00 PM,2,1,0,36.115130,-86.747370,NOLENSVILLE PKE,,,,139.00,Feet,South,WHITSETT RD,,,,0.00,N,Not at Intersection,N,Non-Junction,None,,,         ,Gregory,Rdzok,Clear,Angle,no,no,no,no,no,False
103111242,METROPOLITAN NASHVILLE POLICE DEPT,20210529352,Davidson,Nashville,10/10/2021 3:20:00 PM,3,1,0,36.153050,-86.848950,ALABAMA AV,,,,102.00,Feet,West,51ST AVN,,,,0.00,N,Not at Intersection,N,OtherLocation,None,,,         ,Peyton,Wheatley,Clear,Front to Rear,no,no,no,no,no,False
103111245,METROPOLITAN NASHVILLE POLICE DEPT,20210529260,Davidson,Nashville,10/10/2021 3:00:00 PM,1,1,0,36.121280,-86.809730,SHARONDALE DR,,,,130.00,Feet,West,SHARONDALE CT,,,,0.00,N,Not at Intersection,N,Non-Junction,None,,,         ,Jeremy,Huffine,Clear,Not Collision with Motor Vehicle in Transport,no,no,no,no,yes,False
103111260,METROPOLITAN NASHVILLE POLICE DEPT,20210529476,Davidson,Nashville,10/10/2021 6:00:00 PM,1,0,0,36.148170,-86.641270,I 40,,,,0.00,,,,,,,218.15,N,Not at Intersection,N,Non-Junction,None,,,         ,Donovan,Coble,Clear,Not Collision with Motor Vehicle in Transport,no,no,no,no,no,False
103111261,METROPOLITAN NASHVILLE POLICE DEPT,20210529340,Davidson,Nashville,10/10/2021 4:00:00 PM,2,0,0,36.112170,-86.767060,POWELL AV,,,,57.00,Feet,South,THOMPSON LN,,,,0.00,N,Not at Intersection, ,Non-Junction,None,,,         ,Alex,Gibson,Clear,"Sideswipe, Same Direction",no,no,no,no,no,False
103111263,METROPOLITAN NASHVILLE POLICE DEPT,20210529393,Davidson,Nashville,10/10/2021 4:50:00 PM,2,0,0,36.201170,-86.729210,LITTON AV,,,,0.00,,,LEE DAVIS RD,,,,0.00,Y,T-Intersection,Y,Intersection,None,,,         ,James,Harben,Clear,"Sideswipe, Opposite Direction",no,no,no,no,yes,False
103111272,METROPOLITAN NASHVILLE POLICE DEPT,20210529524,Davidson,Nashville,10/10/2021 6:43:00 PM,2,1,0,36.161200,-86.792680,CHARLOTTE AV,,,,0.00,,,GEORGE L DAVIS BLVD,,,,0.00,Y,Four-Way,Y,Intersection,None,,,         ,Gabriel,Vasquez,Clear,Front to Rear,no,no,no,no,no,False
103111275,METROPOLITAN NASHVILLE POLICE DEPT,20210529499,Davidson,Nashville,10/10/2021 12:00:00 AM,2,0,0,36.104710,-86.818540,BANDYWOOD DR,,,,0.00,,,,,,,0.00,,, ,Non-Junction,None,,,         ,Peyton,Wheatley,Clear,Rear to Rear,no,no,no,yes,yes,False
103111276,METROPOLITAN NASHVILLE POLICE DEPT,20210529455,Davidson,Nashville,10/10/2021 10:00:00 AM,2,0,0,36.074380,-86.623460,OWENDALE DR,,,,188.00,Feet,North,ANDERSON RD,,,,0.00,N,Not at Intersection,N,Non-Junction,None,,,         ,Zaire,Murray,Clear,Front to Rear,no,no,no,no,yes,False
103111278,METROPOLITAN NASHVILLE POLICE DEPT,20210529395,Davidson,Nashville,10/10/2021 4:55:00 PM,2,2,0,36.123960,-86.810290,I440 W ENT RAMP,,,,0.00,,,I 440,,,,0.00,Y,Y-Intersection,N,Entrance/Exit Ramp Related,None,,,         ,Alex,Gibson,Clear,"Sideswipe, Same Direction",no,no,no,no,yes,False
103111284,METROPOLITAN NASHVILLE POLICE DEPT,20210529157,Davidson,Nashville,10/10/2021 12:11:00 PM,2,1,0,36.040260,-86.816380,OLD HICKORY BLVD,,,,6.00,Feet,East,GRANNY WHITE PKE,,,,0.00,N,Not at Intersection,N,Non-Junction,None,,,         ,Cherell,Kinchloe,Clear,Front to Rear,no,no,no,no,no,False
103111292,METROPOLITAN NASHVILLE POLICE DEPT,20210529394,Davidson,Nashville,10/10/2021 2:13:00 PM,2,1,0,36.041490,-86.710980,MILL CREEK WHITTEMORE GRNWY,,,,0.00,Feet,East,CEDARHILL CT,,,,0.00,N,Not at Intersection,N,Non-Junction,None,,,         ,Keith,Parlato,Clear,Front to Rear,no,no,no,yes,yes,False
103111306,METROPOLITAN NASHVILLE POLICE DEPT,20210529504,Davidson,Nashville,10/10/2021 12:00:00 AM,3,1,0,36.074120,-86.663260,PEBBLE CREEK DR,,,,0.00,Feet,East,UNA ANTIOCH PKE,,,,0.00,N,Not at Intersection,N,Non-Junction,None,,,         ,Steven,Bowler,Clear,Front to Rear,no,no,no,no,yes,False
103111318,METROPOLITAN NASHVILLE POLICE DEPT,20210529293,Davidson,Nashville,10/10/2021 3:25:00 PM,3,3,0,36.129190,-86.629330,BELL RD,,,,630.00,Feet,North,PRIEST WOODS DR,,,,0.00,N,Not at Intersection,N,Non-Junction,None,,,         ,Robert,Marquez,Clear,Angle,no,no,no,no,no,False
103111322,METROPOLITAN NASHVILLE POLICE DEPT,20210529374,Davidson,Nashville,10/10/2021 4:42:00 PM,2,0,0,36.044770,-86.661530,BELL RD,,,,0.00,,,CANE RIDGE RD,,,,0.00,Y,Four-Way,Y,Intersection,None,,,         ,Matthew,Swindell,Clear,Angle,no,no,no,no,no,False
103111329,METROPOLITAN NASHVILLE POLICE DEPT,20210529577,Davidson,Nashville,10/10/2021 8:40:00 PM,2,0,0,36.049310,-86.600000,PIN HOOK RD,,,,0.00,Feet,,HOBSON PKE,,,,0.00,Y,Four-Way,N,Intersection-Related,None,,,         ,James,Williams,Clear,Front to Rear,no,no,no,no,no,False
103111332,THP District 3 - Nashville,321066510,Davidson,Nashville,10/2/2021 3:32:00 PM,2,0,0,36.170820,-86.601550,OLD HICKORY BLVD,,,,0.00,,,I40 W EXT RAMP,,,,0.00,Y,Four-Way, ,,None,,,         ,Kenneth,Hackett,,,no,no,no,no,no,False
103111333,METROPOLITAN NASHVILLE POLICE DEPT,20210529262,Davidson,Nashville,10/10/2021 2:30:00 PM,3,1,0,36.077830,-86.765920,I 65,,,,0.00,,,,,,,77.50,N,Not at Intersection,N,Non-Junction,None,,,         ,Tyler,Shanks,Clear,Front to Rear,no,no,no,no,no,False
103111371,METROPOLITAN NASHVILLE POLICE DEPT,20210529619,Davidson,Nashville,10/10/2021 7:45:00 PM,2,1,0,36.243250,-86.635810,OLD HICKORY BLVD,,,,135.00,Feet,East,FERRELL DR,,,,0.00,N,Not at Intersection,N,Non-Junction,None,,,         ,Zaire,Murray,Clear,"Sideswipe, Same Direction",no,no,no,no,yes,False
103111380,METROPOLITAN NASHVILLE POLICE DEPT,20210529661,Davidson,Nashville,10/10/2021 8:53:00 PM,2,0,0,36.154910,-86.776670,PEABODY ST,,,,0.00,,,6TH AVS,,,,0.00,Y,Four-Way,N,Intersection,None,,,         ,Daniel,Tomlinson,Clear,Angle,no,no,no,no,no,False
103111381,METROPOLITAN NASHVILLE POLICE DEPT,20210529663,Davidson,Nashville,10/10/2021 8:50:00 PM,1,0,0,36.165690,-86.799810,HERMAN ST,,,,154.00,Feet,East,16TH AVN,,,,0.00,N,Not at Intersection,N,Non-Junction,None,,,         ,Michael,Suagua,Clear,Not Collision with Motor Vehicle in Transport,no,no,no,no,yes,False
103111397,METROPOLITAN NASHVILLE POLICE DEPT,20210529316,Davidson,Nashville,10/10/2021 12:00:00 AM,2,0,0,36.113950,-86.810880,WOODMONT BLVD,,,,0.00,Feet,,HILLSBORO PKE,,,,0.00,Y,Four-Way,N,Intersection,None,,,         ,Kristopher,Sharpe,Clear,HeadOn,no,no,no,no,no,False
103111425,METROPOLITAN NASHVILLE POLICE DEPT,20210529669,Davidson,Nashville,10/10/2021 9:00:00 PM,2,0,0,36.152450,-86.875730,ALAMO PL,,,,71.00,Feet,East,WESTBORO DR,,,,0.00,,Not at Intersection,N,Non-Junction,None,,,         ,Peyton,Wheatley,Clear,Not Collision with Motor Vehicle in Transport,no,no,no,yes,yes,False
103111441,METROPOLITAN NASHVILLE POLICE DEPT,20210529643,Davidson,Nashville,10/10/2021 8:36:00 PM,1,0,0,36.026900,-86.680830,OLD HICKORY BLVD,,,,0.00,,,PETTUS RD,,,,0.00,Y,T-Intersection,N,Intersection,None,,,         ,Brian,Sherman,Clear,Not Collision with Motor Vehicle in Transport,no,no,no,no,yes,False
103111471,METROPOLITAN NASHVILLE POLICE DEPT,20210529229,Davidson,Nashville,10/10/2021 2:39:00 PM,1,1,0,36.162890,-86.768690,S 1ST ST,,,,44.00,Feet,South,DAVIDSON STREET BIKE CNCTR,,,,0.00,N,Not at Intersection,N,Non-Junction,None,,,         ,Michael,Moss,Clear,Not Collision with Motor Vehicle in Transport,yes,no,no,no,no,False
103111472,METROPOLITAN NASHVILLE POLICE DEPT,20210529705,Davidson,Nashville,10/10/2021 9:20:00 PM,1,0,0,36.234240,-86.801480,BRILEY PKWYE,,,,602.00,Feet,East,BRILEY PKWYW,,,,0.00,N,Not at Intersection,N,Non-Junction,None,,,         ,Sefer,Kerim,Clear,Not Collision with Motor Vehicle in Transport,no,no,no,no,no,False
103111492,METROPOLITAN NASHVILLE POLICE DEPT,20210529737,Davidson,Nashville,10/10/2021 10:05:00 PM,2,0,0,36.183680,-86.611100,OLD HICKORY BLVD,,,,121.00,Feet,West,DODSON CHAPEL RD,,,,0.00,N,Not at Intersection, ,,None,,,         ,Hunter,Hodge,,,no,no,no,no,no,False
103111497,VANDERBILT UNIVERSITY POLICE,21-0529751,Davidson,Nashville,10/10/2021 10:32:00 PM,2,0,0,36.146080,-86.804310,VANDERBILT PL PVTDR,,,,0.00,,,VANDERBILT PL,,,,0.00,Y,Roundabout, ,Non-Junction,None,,,         ,Caleb,Helson,Clear,Angle,no,no,no,no,no,Campus
103111509,METROPOLITAN NASHVILLE POLICE DEPT,2021-0529756,Davidson,Nashville,10/10/2021 10:18:00 PM,2,0,0,36.240990,-86.780640,BRICK CHURCH PKE,,,,35.00,Feet,North,BRILEY PARK BLVDS,,,,0.00,N,Not at Intersection, ,Non-Junction,None,,,         ,Timothy,Lehnert,Clear,Angle,no,no,no,no,no,False
103111510,METROPOLITAN NASHVILLE POLICE DEPT,20210529889,Davidson,Nashville,10/11/2021 12:24:00 AM,1,1,0,36.068790,-86.716860,HAYWOOD LN,,,,171.00,Feet,West,HOPEDALE DR,,,,0.00,N,Not at Intersection,N,Non-Junction,None,,,         ,D’Mitri,Mackall,Clear,Not Collision with Motor Vehicle in Transport,yes,no,no,no,yes,False
103111511,METROPOLITAN NASHVILLE POLICE DEPT,20210525708,Davidson,Nashville,10/8/2021 6:00:00 AM,2,0,0,36.044130,-86.780710,I 65,,,,0.00,,,,,,,75.00,N,Not at Intersection, ,Non-Junction,None,,,         ,David,Barras,Clear,Not Collision with Motor Vehicle in Transport,no,no,no,no,no,False
103111512,METROPOLITAN NASHVILLE POLICE DEPT,20210529881,Davidson,Nashville,10/10/2021 7:00:00 PM,1,0,0,36.042870,-86.841160,OLD HICKORY BLVD,,,,342.00,Feet,East,KINGSBURY DR,,,,0.00,N,Not at Intersection,N,Non-Junction,None,,,         ,David,Barras,Clear,Not Collision with Motor Vehicle in Transport,no,no,no,no,no,False
103111517,METROPOLITAN NASHVILLE POLICE DEPT,20210529760,Davidson,Nashville,10/10/2021 10:58:00 PM,2,0,0,36.235100,-86.758320,DICKERSON PKE,,,,0.00,Feet,East,HOMESTEAD RD,,,,0.00,N,Not at Intersection,N,Non-Junction,None,,,         ,Alexander,Donald,Clear,Angle,no,no,no,no,no,False
103111518,METROPOLITAN NASHVILLE POLICE DEPT,20210529948,Davidson,Nashville,10/11/2021 12:00:00 AM,1,0,0,36.166170,-86.781160,CHARLOTTE AV,,,,153.00,Feet,West,4TH AVN,,,,0.00,N,Not at Intersection,N,Non-Junction,None,,,         ,Kelly,Turcios,Clear,Not Collision with Motor Vehicle in Transport,no,no,no,no,yes,False
103111526,METROPOLITAN NASHVILLE POLICE DEPT,20210529879,Davidson,Nashville,10/11/2021 12:22:00 AM,2,1,0,36.045250,-86.609100,MURFREESBORO PKE,,,,0.00,,,MOUNTAIN SPRINGS RD,,,,0.00,Y,OTHER,N,Intersection-Related,None,,,         ,Leonard,Cato,Clear,Angle,no,no,no,no,no,False
103111546,METROPOLITAN NASHVILLE POLICE DEPT,20210529925,Davidson,Nashville,10/11/2021 1:02:00 AM,4,1,0,36.126700,-86.727800,I 24,,,,0.00,,,,,,,51.50,N,Not at Intersection,N,Non-Junction,None,,,         ,Tavin,Emlund,Clear,Angle,no,no,no,no,yes,False
103111547,METROPOLITAN NASHVILLE POLICE DEPT,20210529831,Davidson,Nashville,10/10/2021 12:00:00 AM,2,0,0,36.106410,-86.922250,OLD HICKORY BLVD,,,,0.00,Feet,,TOLBERT RD,,,,0.00,Y,T-Intersection,N,Intersection-Related,None,,,         ,Lynsey,Fish,Cloudy,Front to Rear,no,no,no,no,no,False
103111562,METROPOLITAN NASHVILLE POLICE DEPT,20210530004,Davidson,Nashville,10/11/2021 2:35:00 AM,1,0,0,36.206270,-86.773480,W TRINITY LN,,,,0.00,Feet,West,I65 N ENT RAMP,,,,0.00,N,Not at Intersection,N,Non-Junction,None,,,         ,Alexander,Donald,Clear,Not Collision with Motor Vehicle in Transport,no,no,no,no,no,False
103111563,METROPOLITAN NASHVILLE POLICE DEPT,20210530090,Davidson,Nashville,10/11/2021 5:06:00 AM,1,0,0,36.141800,-86.629040,ELM HILL PKE,,,,400.00,Feet,West,BELL RD,,,,0.00,N,Not at Intersection,N,Non-Junction,None,,,         ,Richard,Luellen,Clear,Not Collision with Motor Vehicle in Transport,no,no,no,no,yes,False
103111604,Nashville Airport Police,2021-03880,Davidson,Nashville,10/9/2021 12:51:00 PM,2,0,0,36.116980,-86.669080,HANGAR LN,,,,0.00,,,AIRPORT SERVICE RD,,,,0.00,Y,OTHER, ,Unknown,None,,,         ,Daniel,Winter,Clear,HeadOn,no,no,no,yes,no,False
103111638,METROPOLITAN NASHVILLE POLICE DEPT,20210530164,Davidson,Antioch,10/11/2021 7:00:00 AM,2,0,0,36.042850,-86.606550,MURFREESBORO PKE,,,,0.00,,,HOBSON PKE,,,,0.00,Y,Four-Way,Y,Intersection,None,,,         ,Thomas,White,Clear,Front to Rear,no,no,no,no,no,False
103111640,METROPOLITAN NASHVILLE POLICE DEPT,20210530156,Davidson,Nashville,10/11/2021 6:57:00 AM,2,0,0,36.194280,-86.772350,US HWY 31W,,,,42.00,Feet,South,DOUGLAS AVE,,,,0.00,N,Not at Intersection,N,Non-Junction,None,,,         ,Lindsey,Anderson,Clear,"Sideswipe, Same Direction",no,no,no,no,no,False
103111650,METROPOLITAN NASHVILLE POLICE DEPT,20210530202,Davidson,Nashville,10/11/2021 7:23:00 AM,1,0,0,36.206780,-86.781010,W TRINITY LN,,,,0.00,,,W TRINITY LN,,,,0.00,,Not at Intersection,N,Non-Junction,None,,,         ,Paxton,Montgomery,Clear,Not Collision with Motor Vehicle in Transport,no,no,no,yes,no,False
103111668,METROPOLITAN NASHVILLE POLICE DEPT,20210530173,Davidson,Nashville,10/11/2021 7:30:00 AM,2,0,0,36.074490,-86.920900,HIGHWAY 70S,,,,13.00,Feet,East,OLD HICKORY BLVD,,,,0.00,N,Not at Intersection, ,Non-Junction,None,,,         ,Michael,Raash,Clear,Angle,no,no,no,no,no,False
103111669,METROPOLITAN NASHVILLE POLICE DEPT,20210530140,Davidson,Antioch,10/11/2021 6:40:00 AM,2,1,0,36.042850,-86.606550,MURFREESBORO PKE,,,,0.00,,,HOBSON PKE,,,,0.00,Y,Four-Way,N,Non-Junction,None,,,         ,Thomas,White,Clear,HeadOn,no,no,no,no,no,False
103111679,METROPOLITAN NASHVILLE POLICE DEPT,20210530319,Davidson,Nashville,10/11/2021 8:30:00 AM,3,0,0,36.039880,-86.764540,OLD HICKORY BLVD,,,,252.00,Feet,East,HEARTHSTONE MANOR LN,,,,0.00,N,Not at Intersection,N,Non-Junction,None,,,         ,Connor,Hosey,Clear,Front to Rear,no,no,no,no,no,False
103111692,METROPOLITAN NASHVILLE POLICE DEPT,20210530246,Davidson,Nashville,10/11/2021 12:00:00 AM,2,0,0,36.152210,-86.753350,I 40,,,,0.00,,,,,,,211.35,N,Not at Intersection, ,Non-Junction,None,,,         ,Jack,Burke,Clear,Front to Rear,no,no,no,no,no,False
103111710,METROPOLITAN NASHVILLE POLICE DEPT,20210530311,Davidson,Nashville,10/11/2021 9:00:00 AM,2,0,0,36.152680,-86.855290,BRILEY PKWY S EXT RAMP,,,,0.00,,,I 40,,,,0.00,Y,OTHER, ,OtherLocation,None,,,         ,George,Spencer,Clear,"Sideswipe, Same Direction",no,no,no,no,no,False
103111725,METROPOLITAN NASHVILLE POLICE DEPT,20210530247,Davidson,Nashville,10/11/2021 8:12:00 AM,2,0,0,36.046410,-86.858740,OLD HICKORY BLVD,,,,1008.00,Feet,West,WILDWOOD VALLEY DR,,,,0.00,N,Not at Intersection,N,Non-Junction,None,,,         ,Phillip,Lovell,Clear,Front to Rear,no,no,no,no,no,False
103111750,METROPOLITAN NASHVILLE POLICE DEPT,20210530465,Davidson,Nashville,10/11/2021 10:39:00 AM,2,0,0,36.189160,-86.733620,GREENWOOD AV,,,,0.00,,,SCOTT AV,,,,0.00,Y,Four-Way,N,Intersection,None,,,         ,William,Clemons,Clear,Angle,no,no,no,no,no,False
103111752,VANDERBILT UNIVERSITY POLICE,20210528949,Davidson,Nashville,10/10/2021 7:50:00 AM,1,0,0,36.147160,-86.800080,21ST AVS,,,,0.00,,,,,,,0.00,,, ,Non-Junction,None,,,         ,Laresa,Gore,Clear,Not Collision with Motor Vehicle in Transport,no,no,no,yes,no,Campus
103111791,METROPOLITAN NASHVILLE POLICE DEPT,20210530547,Davidson,Nashville,10/11/2021 12:40:00 PM,2,1,0,36.140570,-86.723900,I 40,,,,0.00,,,,,,,213.60,N,Not at Intersection,N,Non-Junction,None,,,         ,Patrick,Deau,Clear,Front to Rear,no,no,no,no,no,False
103111797,METROPOLITAN NASHVILLE POLICE DEPT,20210530651,Davidson,Nashville,10/11/2021 12:03:00 PM,2,1,0,36.092000,-86.684950,HARDING PL,,,,129.00,Feet,East,MCGAVOCK PKE,,,,0.00,N,Not at Intersection,N,Non-Junction,None,,,         ,Stanley,Collins,Clear,Front to Rear,no,no,no,no,no,False
103111808,METROPOLITAN NASHVILLE POLICE DEPT,20210530230,Davidson,Nashville,10/11/2021 7:57:00 AM,2,0,0,36.154090,-86.757650,I 40,,,,0.00,,,,,,,211.10,N,Not at Intersection, ,Non-Junction,None,,,         ,Patrick,Deau,Clear,Front to Rear,no,no,no,no,no,False
103111814,METROPOLITAN NASHVILLE POLICE DEPT,20210530679,Davidson,Nashville,10/11/2021 12:35:00 PM,2,0,0,36.151950,-86.849900,52ND AVN,,,,9.00,Feet,North,CHARLOTTE AV,,,,0.00,N,Not at Intersection, ,,None,,,         ,Darren,Key,,,no,no,no,no,no,False
103111818,METROPOLITAN NASHVILLE POLICE DEPT,20210530714,Davidson,Nashville,10/11/2021 1:04:00 PM,2,3,0,36.241930,-86.736710,ELLINGTON PKWYS,,,,0.00,,,ELLINGTON PKWY,,,,0.00,Y,OTHER,N,OtherLocation,None,,,         ,Christopher,Littles,Clear,Angle,no,no,no,no,no,False
103111821,METROPOLITAN NASHVILLE POLICE DEPT,20210530762,Davidson,Not in City Limit,10/11/2021 1:34:00 PM,2,0,0,36.077640,-86.997930,I 40,,,,0.00,,,,,,,193.75,N,Not at Intersection, ,,None,,,         ,Jared,Dick,,,no,no,no,no,no,False
103111823,METROPOLITAN NASHVILLE POLICE DEPT,20210530685,Davidson,Nashville,10/11/2021 12:00:00 AM,2,0,0,36.142730,-86.666630,DONELSON PKE,,,,160.00,Feet,North,I40 W ENT RAMP,,,,0.00,N,Not at Intersection, ,Non-Junction,None,,,         ,Jack,Burke,Clear,Angle,no,no,no,no,no,False
103111832,METROPOLITAN NASHVILLE POLICE DEPT,20210530673,Davidson,Nashville,10/11/2021 1:00:00 PM,2,0,0,36.105290,-86.878560,JOCELYN HOLLOW RD,,,,200.00,Feet,East,WEST MEADE DR,,,,0.00,N,Not at Intersection, ,Non-Junction,None,,,         ,Michael,Raash,Clear,"Sideswipe, Same Direction",no,no,no,no,no,False
103111834,METROPOLITAN NASHVILLE POLICE DEPT,20210530174,Davidson,Nashville,10/11/2021 6:43:00 AM,2,0,0,36.115720,-86.695730,MURFREESBORO PKE,,,,542.00,Feet,East,MCGAVOCK PKE,,,,0.00,N,Not at Intersection,N,Non-Junction,None,,,         ,Robert,Higgins,Clear,Angle,no,no,no,no,yes,False
103111835,METROPOLITAN NASHVILLE POLICE DEPT,20210530353,Davidson,Nashville,10/11/2021 9:17:00 AM,2,2,0,36.055970,-86.715660,NOLENSVILLE PKE,,,,0.00,,,APRIL LN,,,,0.00,Y,Four-Way,N,Intersection,None,,,         ,Robert,Higgins,Clear,Angle,no,no,no,no,no,False
103111853,METROPOLITAN NASHVILLE POLICE DEPT,20210530224,Davidson,Not in City Limit,10/11/2021 12:00:00 AM,1,0,0,36.046180,-86.946570,HIGHWAY 100,,,,741.00,Feet,East,CLAXTON CT,,,,0.00,N,Not at Intersection,N,Non-Junction,None,,,         ,laina,herod,Unknown,Not Collision with Motor Vehicle in Transport,no,no,no,yes,yes,False
103111907,METROPOLITAN NASHVILLE POLICE DEPT,20210530855,Davidson,Nashville,10/11/2021 1:21:00 PM,2,0,0,36.208790,-86.734350,KIRKLAND AV,,,,72.00,Feet,East,GALLATIN PKE,,,,0.00,N,Not at Intersection, ,Non-Junction,None,,,         ,Jason,Milyaro Lucas,Clear,Front to Rear,no,no,no,no,no,False
103111909,METROPOLITAN NASHVILLE POLICE DEPT,20210530857,Davidson,Nashville,10/11/2021 12:10:00 PM,2,0,0,36.191790,-86.736110,DOUGLAS AV,,,,555.00,Feet,South,SCOTT AV,,,,0.00,N,Not at Intersection, ,Non-Junction,None,,,         ,Kyle,Kinsman,Clear,Rear to Side,no,no,no,no,no,False
103111911,METROPOLITAN NASHVILLE POLICE DEPT,20210530909,Davidson,Not in City Limit,10/11/2021 1:52:00 PM,1,0,0,36.018410,-86.691250,LANDCREST CT,,,,0.00,,,,,,,0.00,,,N,Non-Junction,None,,,         ,Joseph,Hurst,Clear,Not Collision with Motor Vehicle in Transport,no,no,no,no,no,False
103111913,METROPOLITAN NASHVILLE POLICE DEPT,20210530834,Davidson,Nashville,10/11/2021 12:00:00 AM,3,0,0,36.151620,-86.768160,I 40,,,,0.00,,,,,,,210.50,N,Not at Intersection,N,Non-Junction,None,,,         ,Douglas,Mann,Clear,Front to Rear,no,no,no,no,no,False
103111914,GOODLETTSVILLE POLICE DEPT,21-28645,Davidson,Goodlettsville,10/11/2021 3:30:00 PM,1,0,0,36.295590,-86.716420,I 65,,,,0.00,,,,,,,94.70,N,Not at Intersection,N,Non-Junction,None,,,         ,George,Henry,Cloudy,Not Collision with Motor Vehicle in Transport,no,no,no,no,no,False
103111916,METROPOLITAN NASHVILLE POLICE DEPT,20210530872,Davidson,Nashville,10/11/2021 3:00:00 PM,2,0,0,36.152480,-86.754410,I 40,,,,0.00,,,,,,,211.30,N,Not at Intersection, ,Non-Junction,None,,,         ,Donovan,Coble,Clear,Not Collision with Motor Vehicle in Transport,no,no,no,no,no,False
103111921,METROPOLITAN NASHVILLE POLICE DEPT,20210530920,Davidson,Not in City Limit,10/11/2021 1:30:00 PM,2,0,0,36.258500,-86.738280,I 65,,,,0.00,,,,,,,91.80,N,Not at Intersection,N,Non-Junction,None,,,         ,Marcus,Mitchell,Clear,"Sideswipe, Same Direction",no,no,no,no,yes,False
103111922,METROPOLITAN NASHVILLE POLICE DEPT,20210530933,Davidson,Nashville,10/11/2021 3:47:00 PM,2,1,0,36.112330,-86.767020,THOMPSON LN,,,,0.00,,,BRANSFORD AV,,,,0.00,Y,Four-Way,N,Intersection,None,,,         ,Steven,Powers,Clear,Angle,no,no,no,no,yes,False
103111936,METROPOLITAN NASHVILLE POLICE DEPT,20210530947,Davidson,Nashville,10/11/2021 3:38:00 PM,2,0,0,36.149400,-86.773290,I 40,,,,0.00,,,,,,,210.20,N,Not at Intersection, ,Non-Junction,None,,,         ,Travis,Pemberton,Clear,Angle,no,no,no,no,no,False
103111942,METROPOLITAN NASHVILLE POLICE DEPT,20210530813,Davidson,Nashville,10/11/2021 2:19:00 PM,2,1,0,36.050730,-86.646910,BELL FORGE LNE,,,,0.00,,,BELL RD,,,,0.00,Y,Four-Way,N,Intersection,None,,,         ,Steven,Begley,Clear,Angle,no,no,no,no,no,False
103111944,METROPOLITAN NASHVILLE POLICE DEPT,20210531041,Davidson,Nashville,10/11/2021 4:46:00 PM,3,0,0,36.151250,-86.769030,I 40,,,,0.00,,,,,,,210.45,N,Not at Intersection, ,,None,,,         ,Douglas,Mann,,,no,no,no,no,no,False
103111947,METROPOLITAN NASHVILLE POLICE DEPT,20210530951,Davidson,Nashville,10/11/2021 3:20:00 PM,2,0,0,36.137570,-86.800760,BLAKEMORE AV,,,,0.00,Feet,,21ST AVS,,,,0.00,Y,Four-Way,Y,Intersection,None,,,         ,Nicholas,Hoffmann,Clear,Front to Rear,no,no,no,no,yes,Campus
103111951,METROPOLITAN NASHVILLE POLICE DEPT,20210531049,Davidson,Nashville,10/11/2021 4:40:00 PM,2,0,0,36.242000,-86.749910,I 65,,,,0.00,,,,,,,90.45,N,Not at Intersection, ,Non-Junction,None,,,         ,Jason,Milyaro Lucas,Clear,"Sideswipe, Same Direction",no,no,no,no,no,False
103111960,METROPOLITAN NASHVILLE POLICE DEPT,20210531016,Davidson,Nashville,10/11/2021 4:30:00 PM,2,1,0,36.194400,-86.772350,DOUGLAS AV,,,,0.00,Feet,,DICKERSON PKE,,,,0.00,Y,Four-Way,Y,Intersection-Related,None,,,         ,Flynn,Ireland,Clear,Angle,no,no,no,no,no,False