master_record_number,agency,agency_tracking_number,county,city,collision_date,vehicles_involved,number_injured,number_dead,latitude,longitude,roadway_name,roadway_suffix,roadway_number,roadway_local_id,distance_from_reference,miles-feet_indicator,direction_from_reference,intersection_road_name,intersection_road_name_suffix,intersection_road_number,intersection_local_id,mile_marker,intersection_indicator,intersect_type,interchange_related_indicator,relation_to_junction,work_zone_type,construction_maintenance_zone,construction_maintenance_zone_location,fatal_case_number,officer_first_name,officer_last_name,weather_condition(s),manner_of_crash,pedestrian,bicycle,scooter,parking,hitrun,mou
103111963,METROPOLITAN NASHVILLE POLICE DEPT,20210530860,Davidson,Nashville,10/11/2021 12:00:00 AM,3,0,0,36.250260,-86.741120,I 65,,,,0.00,,,,,,,91.20,N,Not at Intersection,N,Non-Junction,None,,,         ,Thomas,Denenea,Clear,Front to Rear,no,no,no,no,no,False
103111964,METROPOLITAN NASHVILLE POLICE DEPT,20210530903,Davidson,Nashville,10/11/2021 3:23:00 PM,2,1,0,36.249390,-86.719410,E PALESTINE AV,,,,0.00,,,GALLATIN PKES,,,,0.00,Y,Four-Way,N,Intersection-Related,None,,,         ,Forrest,Punke,Clear,Front to Rear,no,no,no,no,no,False
103111965,METROPOLITAN NASHVILLE POLICE DEPT,20210531070,Davidson,OTHER,10/11/2021 5:14:00 PM,2,0,0,36.054560,-86.618950,MURFREESBORO PKE,,,,0.00,,,,,,,0.00,,, ,,None,,,         ,Joseph,Hurst,,,no,no,no,no,no,False
103111967,METROPOLITAN NASHVILLE POLICE DEPT,20210531014,Davidson,Nashville,10/11/2021 3:58:00 PM,2,0,0,36.079720,-86.836100,HILLSBORO PKE,,,,0.00,Feet,,HEMINGWAY DR,,,,0.00,Y,T-Intersection, ,Intersection-Related,None,,,         ,Dylan,Motes,Clear,Angle,no,no,no,no,no,False
103111976,METROPOLITAN NASHVILLE POLICE DEPT,20210530964,Davidson,Nashville,10/11/2021 4:02:00 PM,3,2,0,36.161790,-86.760850,I 24,,,,0.00,,,,,,,49.35,N,Not at Intersection,N,Non-Junction,None,,,         ,Daniel,Tomlinson,Clear,Front to Rear,no,no,no,no,no,False
103111978,METROPOLITAN NASHVILLE POLICE DEPT,20210530892,Davidson,Nashville,10/11/2021 2:24:00 PM,2,0,0,36.170750,-86.771080,JAMES ROBERTSON PKWY,,,,160.00,Feet,East,MAIN ST,,,,0.00,N,Not at Intersection, ,Non-Junction,None,,,         ,James,Hill,Clear,Angle,no,no,no,no,no,False
103111979,METROPOLITAN NASHVILLE POLICE DEPT,20210531118,Davidson,Nashville,10/11/2021 5:25:00 PM,2,0,0,36.063720,-86.614080,MT VIEW RD,,,,0.00,,,,,,,0.00,,, ,Intersection,None,,,         ,Joseph,Hurst,Clear,"Sideswipe, Opposite Direction",no,no,no,no,no,False
103111997,METROPOLITAN NASHVILLE POLICE DEPT,20210531050,Davidson,Nashville,10/11/2021 3:56:00 PM,2,0,0,36.248030,-86.720700,DUE WEST AVW,,,,102.00,Feet,West,GALLATIN PKES,,,,0.00,N,Not at Intersection, ,Non-Junction,None,,,         ,Amgad,Bekhit,Clear,Angle,no,no,no,no,no,False
103111998,METROPOLITAN NASHVILLE POLICE DEPT,20210531038,Davidson,Nashville,10/11/2021 12:00:00 AM,2,1,0,36.045210,-86.714950,OLD HICKORY BLVD,,,,47.00,Feet,West,BRENTWOOD EAST DR,,,,0.00,N,Not at Intersection,N,Non-Junction,None,,,         ,Ashley,Kappenmacher,Clear,Other,no,no,no,no,no,False
103112024,METROPOLITAN NASHVILLE POLICE DEPT,20210531190,Davidson,Nashville,10/11/2021 12:00:00 AM,2,0,0,36.212970,-86.728860,MCCHESNEY AV,,,,261.00,Feet,West,KATHERINE ST,,,,0.00,N,Not at Intersection,N,Non-Junction,None,,,         ,Maccio,Hightower,Unknown,Front to Rear,no,no,no,yes,yes,False
103112031,METROPOLITAN NASHVILLE POLICE DEPT,20210531021,Davidson,Nashville,10/11/2021 4:24:00 PM,2,0,0,36.123870,-86.746360,,,I440,,0.00,,East,,,,,6.08,N,Not at Intersection, ,Non-Junction,None,,,         ,Beri,Scott,Clear,"Sideswipe, Same Direction",no,no,no,no,no,False
103112063,METROPOLITAN NASHVILLE POLICE DEPT,20210531171,Davidson,Nashville,10/11/2021 6:39:00 PM,1,1,0,36.045140,-86.743950,EDMONDSON PKE,,,,27.00,Feet,South,BRIGHTON VILLAGE DR,,,,0.00,N,Not at Intersection,N,Non-Junction,None,,,         ,Dylan,Motes,Cloudy,Not Collision with Motor Vehicle in Transport,yes,no,no,no,no,False
103112069,METROPOLITAN NASHVILLE POLICE DEPT,20210530934,Davidson,Nashville,10/11/2021 3:47:00 PM,2,2,0,36.155790,-86.795990,CHURCH ST,,,,0.00,,,,,,,0.00,,,N,Non-Junction,None,,,         ,Dakota,Davis,Clear,Angle,no,no,no,no,no,False
103112077,BERRY HILL POLICE DEPT,21-3018,Davidson,Berry Hill,10/11/2021 7:32:00 PM,2,0,0,36.118860,-86.774590,FRANKLIN PKE,,,,0.00,,,BERRY RD,,,,0.00,Y,Four-Way, ,Intersection-Related,None,,,         ,Steven,Henry Jr.,Clear,Front to Rear,no,no,no,no,no,False
103112078,METROPOLITAN NASHVILLE POLICE DEPT,20210531289,Davidson,Nashville,10/11/2021 8:21:00 PM,2,1,0,36.085130,-86.700510,I24 E ENT RAMP,,,,0.00,Feet,East,I 24,,,,0.00,N,Not at Intersection,Y,Entrance/Exit Ramp Related,None,,,         ,Thomas,Parsons,Clear,Angle,no,no,no,no,no,False
103112087,METROPOLITAN NASHVILLE POLICE DEPT,20210531122,Davidson,Nashville,10/11/2021 5:13:00 PM,2,0,0,36.087160,-86.692010,ANTIOCH PKE,,,,114.00,Feet,South,HARDING PL,,,,0.00,N,Not at Intersection,N,Non-Junction,None,,,         ,Beri,Scott,Clear,Angle,no,no,no,no,no,False
103112093,METROPOLITAN NASHVILLE POLICE DEPT,20210531248,Davidson,Nashville,10/11/2021 6:52:00 PM,3,0,0,36.079600,-86.726320,NOLENSVILLE PKE,,,,0.00,,,HARDING PL,,,,0.00,Y,Four-Way, ,Intersection,None,,,         ,Steven,Powers,Clear,Front to Rear,no,no,no,no,no,False
103112102,METROPOLITAN NASHVILLE POLICE DEPT,20210531227,Davidson,Nashville,10/11/2021 7:20:00 PM,2,1,0,36.106210,-86.673060,MURFREESBORO PKE,,,,0.00,,,DONELSON PKE,,,,0.00,Y,Four-Way,N,Intersection,None,,,         ,Theodore,Flick,Clear,"Sideswipe, Same Direction",no,no,no,no,no,False
103112105,METROPOLITAN NASHVILLE POLICE DEPT,20210531206,Davidson,Nashville,10/11/2021 7:05:00 PM,3,1,0,36.187060,-86.631070,LEBANON PKE,,,,0.00,,,CENTRAL PKE,,,,0.00,Y,Four-Way,N,Intersection,None,,,         ,Donovan,Coble,Clear,Angle,no,no,no,no,no,False
103112123,METROPOLITAN NASHVILLE POLICE DEPT,20210531349,Davidson,Nashville,10/11/2021 8:30:00 PM,2,0,0,36.048800,-86.713670,NOLENSVILLE PKE,,,,0.00,Feet,East,HICKORYVIEW DR,,,,0.00,N,Not at Intersection,N,Non-Junction,None,,,         ,Dylan,Motes,Cloudy,"Sideswipe, Same Direction",no,no,no,no,yes,False
103112135,METROPOLITAN NASHVILLE POLICE DEPT,20210531204,Davidson,Nashville,10/11/2021 7:02:00 PM,2,1,0,36.092200,-86.735650,NOLENSVILLE PKE,,,,334.00,Feet,North,YELTON CT,,,,0.00,N,Not at Intersection,N,Non-Junction,None,,,         ,Beri,Scott,Clear,Angle,no,no,no,no,no,False
103112137,GOODLETTSVILLE POLICE DEPT,21-28672,Davidson,Goodlettsville,10/11/2021 9:12:00 PM,1,0,0,36.300620,-86.710990,I 65,,,,0.00,,,,,,,95.20,N,Not at Intersection,N,Non-Junction,None,,,         ,Shane,Farrell,Clear,Unknown,no,no,no,no,yes,False
103112161,METROPOLITAN NASHVILLE POLICE DEPT,20210531395,Davidson,Nashville,10/11/2021 9:49:00 PM,2,0,0,36.140280,-86.728380,I 24,,,,0.00,,,,,,,51.40,N,Not at Intersection,N,Non-Junction,None,,,         ,Douglas,Mann,Clear,Angle,no,no,no,no,yes,False
103112172,METROPOLITAN NASHVILLE POLICE DEPT,20210531489,Davidson,Nashville,10/11/2021 12:00:00 AM,1,0,0,36.092950,-86.746950,VULCAN DR,,,,14.00,Feet,North,MCNALLY DR,,,,0.00,N,Not at Intersection,N,Non-Junction,None,,,         ,Clayton,Cox,Clear,Not Collision with Motor Vehicle in Transport,no,no,no,no,yes,False
103112178,GOODLETTSVILLE POLICE DEPT,21-28666,Davidson,Goodlettsville,10/11/2021 7:24:00 PM,2,0,0,36.306840,-86.694360,CONFERENCE DR,,,,0.00,Feet,,VIETNAM VETERANS BLVD NB ENT R,,,,0.00,Y,Four-Way,Y,Intersection-Related,None,,,         ,Katelyn,Gilliland,Clear,Angle,no,no,no,no,no,False
103112179,METROPOLITAN NASHVILLE POLICE DEPT,20210531329,Davidson,Nashville,10/11/2021 8:50:00 PM,2,1,0,36.255840,-86.786900,I 24,,,,0.00,,,,,,,42.15,N,Not at Intersection,N,Non-Junction,None,,,         ,Keegan,Winchell,Clear,Angle,no,no,no,no,no,False
103112184,METROPOLITAN NASHVILLE POLICE DEPT,20210531523,Davidson,Nashville,10/11/2021 11:42:00 PM,2,2,0,36.059070,-86.716220,TUSCULUM RD,,,,0.00,Feet,West,NOLENSVILLE PKE,,,,0.00,N,Not at Intersection,N,Non-Junction,None,,,         ,Alex,DiBernardo,Clear,Angle,no,no,no,no,yes,False
103112187,METROPOLITAN NASHVILLE POLICE DEPT,20210531459,Davidson,Nashville,10/11/2021 11:00:00 PM,2,0,0,36.152200,-86.797380,19TH AVS,,,,41.00,Feet,South,WEST END AV,,,,0.00,N,Not at Intersection,N,Non-Junction,None,,,         ,Michael,Hodges,Clear,Front to Rear,no,no,no,no,no,False
103112189,METROPOLITAN NASHVILLE POLICE DEPT,20210531036,Davidson,Nashville,10/11/2021 4:42:00 PM,2,0,0,36.187230,-86.795270,I 65,,,,0.00,,,,,,,85.40,N,Not at Intersection,N,Non-Junction,None,,,         ,Jonathan,Sharp,Cloudy,Angle,no,no,no,no,no,False
103112195,METROPOLITAN NASHVILLE POLICE DEPT,20210531615,Davidson,Nashville,10/12/2021 12:40:00 AM,2,0,0,36.153960,-86.818220,28TH AVN,,,,0.00,,,CHARLOTTE AV,,,,0.00,Y,Four-Way,Y,Intersection,None,,,         ,Luke,Steigerwalt,Rain,Angle,no,no,no,no,no,False
103112198,METROPOLITAN NASHVILLE POLICE DEPT,20210531463,Davidson,Nashville,10/11/2021 11:00:00 PM,1,1,0,36.045490,-86.647290,MT VIEW RD,,,,4.00,Feet,North,CROSSINGS BLVD,,,,0.00,N,Not at Intersection,N,Non-Junction,None,,,         ,D’Mitri,Mackall,Clear,Not Collision with Motor Vehicle in Transport,no,no,no,no,no,False
103112202,METROPOLITAN NASHVILLE POLICE DEPT,20210531653,Davidson,Nashville,10/12/2021 1:17:00 AM,2,0,0,36.157330,-86.759800,I24 W ENT RAMP,,,,0.00,,,I 24,,,,0.00,Y,Y-Intersection, ,Entrance/Exit Ramp Related,None,,,         ,Shaquille,Graham,Rain,"Sideswipe, Same Direction",no,no,no,no,no,False
103112211,METROPOLITAN NASHVILLE POLICE DEPT,20210531685,Davidson,Nashville,10/12/2021 1:45:00 AM,1,0,0,36.148590,-86.631930,FITZPATRICK RD,,,,177.00,Feet,South,BLACKWOOD DR,,,,0.00,N,Not at Intersection,N,Non-Junction,None,,,         ,Hunter,Hodge,Clear,Not Collision with Motor Vehicle in Transport,no,no,no,no,yes,False
103112253,METROPOLITAN NASHVILLE POLICE DEPT,20210531724,Davidson,Nashville,10/12/2021 2:30:00 AM,1,2,0,36.141150,-86.764200,4TH AVS,,,,181.00,Feet,South,HUMPHREYS ST,,,,0.00,N,Not at Intersection,N,Non-Junction,None,,,         ,Kelsey,Hicks,Rain,Not Collision with Motor Vehicle in Transport,no,no,no,no,no,False
103112273,GOODLETTSVILLE POLICE DEPT,21-28656,Davidson,Goodlettsville,10/11/2021 5:37:00 PM,2,1,0,36.316010,-86.710840,HOLLYWOOD ST,,,,24.00,Feet,East,DONALD AV,,,,0.00,N,Not at Intersection,N,Non-Junction,None,,,         ,George,Henry,Clear,Angle,no,no,no,no,no,False
103112284,METROPOLITAN NASHVILLE POLICE DEPT,20210531903,Davidson,Nashville,10/12/2021 6:22:00 AM,3,0,0,36.107900,-86.677140,MURFREESBORO,PIKE,,,0.00,Feet,,DELL,PKWY,,,0.00,Y,T-Intersection,N,Intersection-Related,None,,,         ,Corey,Ethridge,Clear,Front to Rear,no,no,no,no,no,False
103112291,METROPOLITAN NASHVILLE POLICE DEPT,20210531896,Davidson,Nashville,10/12/2021 5:57:00 AM,2,0,0,36.155010,-86.779630,8TH AVS,,,,0.00,Feet,,KOREAN VETERANS BLVD,,,,0.00,Y,Roundabout, ,Intersection,None,,,         ,John,Jones,Clear,"Sideswipe, Same Direction",no,no,no,no,no,False
103112310,METROPOLITAN NASHVILLE POLICE DEPT,20210531957,Davidson,Nashville,10/12/2021 7:15:00 AM,2,0,0,36.098090,-86.809660,LONE OAK RD,,,,0.00,,,OVERHILL DR,,,,0.00,Y,T-Intersection, ,Intersection-Related,None,,,         ,Connor,Hosey,Cloudy,Front to Rear,no,no,no,no,no,False
103112322,METROPOLITAN NASHVILLE POLICE DEPT,20210532034,Davidson,Nashville,10/12/2021 8:02:00 AM,2,1,0,36.134240,-86.776370,WEDGEWOOD AV,,,,0.00,,,I65 S ENT RAMP,,,,0.00,Y,OTHER,N,Intersection-Related,None,,,         ,Earl,Davis,Clear,Front to Rear,no,no,no,no,no,False
103112338,METROPOLITAN NASHVILLE POLICE DEPT,20210532101,Davidson,Nashville,10/12/2021 8:08:00 AM,2,0,0,36.122440,-86.794700,BELMONT BLVD,,,,0.00,,,PARIS AV,,,,0.00,Y,Four-Way, ,Intersection-Related,None,,,         ,Earl,Davis,Clear,Front to Rear,no,no,no,no,no,False
103112347,METROPOLITAN NASHVILLE POLICE DEPT,2021-0517670,Davidson,Not in City Limit,10/3/2021 11:20:00 AM,2,0,0,36.308650,-86.823250,I 24,,,,0.00,,,,,,,37.85,N,Not at Intersection,N,Non-Junction,None,,,         ,Aaron,Jones,Clear,Front to Rear,no,no,no,no,yes,False
103112360,METROPOLITAN NASHVILLE POLICE DEPT,20210532165,Davidson,Nashville,10/12/2021 9:29:00 AM,2,0,0,36.081100,-86.758360,HARDING PL,,,,0.00,,,TROUSDALE DR,,,,0.00,Y,Four-Way,N,Intersection,None,,,         ,Earl,Davis,Clear,Angle,no,no,no,no,no,False
103112387,METROPOLITAN NASHVILLE POLICE DEPT,20210532082,Davidson,Nashville,10/12/2021 7:50:00 AM,2,1,0,36.086650,-86.691610,ANTIOCH PKE,,,,334.00,Feet,South,HARDING PL,,,,0.00,N,Not at Intersection,N,Non-Junction,None,,,         ,Todd,Watson,Clear,Angle,no,no,no,no,no,False
103112418,METROPOLITAN NASHVILLE POLICE DEPT,20210532348,Davidson,Not in City Limit,10/12/2021 11:40:00 AM,2,0,0,36.265440,-86.739730,OLD HICKORY BLVDW,,,,0.00,,,I65 S ENT RAMP,,,,0.00,Y,T-Intersection,N,Intersection,None,,,         ,Christopher,Littles,Clear,Angle,no,no,no,no,no,False
103112428,METROPOLITAN NASHVILLE POLICE DEPT,20210532284,Davidson,Nashville,10/12/2021 10:48:00 AM,2,0,0,36.147430,-86.799390,GRAND AV,,,,0.00,,,21ST AVS,,,,0.00,Y,T-Intersection, ,,None,,,         ,Earl,Davis,,,no,no,no,no,no,Campus
103112431,METROPOLITAN NASHVILLE POLICE DEPT,20210532387,Davidson,Nashville,10/12/2021 11:45:00 AM,1,0,0,36.166400,-86.801480,16TH AVN,,,,171.00,Feet,West,IRELAND ST,,,,0.00,N,Not at Intersection, ,Non-Junction,None,,,         ,Jordan,Vrbas,Clear,Not Collision with Motor Vehicle in Transport,no,no,no,no,no,False
103112436,METROPOLITAN NASHVILLE POLICE DEPT,20210532314,Davidson,Nashville,10/12/2021 10:44:00 AM,2,0,0,36.120530,-86.750020,NOLENSVILLE PKE,,,,0.00,,,MELROSE AV,,,,0.00,Y,Four-Way, ,Intersection-Related,None,,,         ,Earl,Davis,Clear,"Sideswipe, Same Direction",no,no,no,no,no,False
103112443,METROPOLITAN NASHVILLE POLICE DEPT,20210532313,Davidson,Nashville,10/12/2021 10:45:00 AM,2,0,0,36.153000,-86.857640,WHITE BRIDGE PKE EXT RAMP,,,,0.00,Feet,East,I40 W EXT RAMP,,,,0.00,N,Not at Intersection,N,Entrance/Exit Ramp Related,None,,,         ,Darren,Key,Clear,"Sideswipe, Same Direction",no,no,no,no,yes,False
103112463,METROPOLITAN NASHVILLE POLICE DEPT,20210532433,Davidson,Nashville,10/12/2021 12:43:00 PM,2,3,0,36.155170,-86.759940,I40 E ENT RAMP,,,,0.00,Feet,East,I 40,,,,0.00,N,Not at Intersection,N,Non-Junction,None,,,         ,Rachael,Robinson,Clear,Front to Rear,no,no,no,no,no,False
103112467,METROPOLITAN NASHVILLE POLICE DEPT,20210532470,Davidson,Nashville,10/12/2021 1:08:00 PM,2,1,0,36.150900,-86.854880,CHARLOTTE PKE,,,,140.00,Feet,West,CHARLOTTE AV,,,,0.00,N,Not at Intersection,N,Non-Junction,None,,,         ,Jared,Dick,Clear,Front to Rear,no,no,no,no,no,False
103112482,METROPOLITAN NASHVILLE POLICE DEPT,20210532337,Davidson,Nashville,10/12/2021 7:00:00 AM,2,0,0,36.094900,-86.613390,CLEARLAKE DRW,,,,91.00,Feet,North,WOOD BRIDGE DR,,,,0.00,N,Not at Intersection,N,Non-Junction,None,,,         ,MIchael,Mihajlov,Clear,Rear to Side,no,no,no,no,no,False
103112491,METROPOLITAN NASHVILLE POLICE DEPT,20210532361,Davidson,Nashville,10/12/2021 12:00:00 AM,2,0,0,36.152270,-86.753880,I 40,,,,0.00,,,,,,,211.35,N,Not at Intersection, ,Non-Junction,None,,,         ,Jack,Burke,Clear,"Sideswipe, Same Direction",no,no,no,no,yes,False
103112519,METROPOLITAN NASHVILLE POLICE DEPT,20210532375,Davidson,Nashville,10/12/2021 11:39:00 AM,2,0,0,36.184810,-86.815790,CLARKSVILLE PKE,,,,47.00,Feet,West,24TH AVN,,,,0.00,N,Not at Intersection,N,Non-Junction,None,,,         ,Jedidayah,Merriweather,Clear,"Sideswipe, Same Direction",no,no,no,no,yes,False
103112520,METROPOLITAN NASHVILLE POLICE DEPT,20210532421,Davidson,Nashville,10/12/2021 12:33:00 PM,2,1,0,36.174470,-86.813160,FORMOSA ST,,,,22.00,Feet,East,23RD AVN,,,,0.00,N,Not at Intersection,N,Non-Junction,None,,,         ,Jedidayah,Merriweather,Clear,"Sideswipe, Same Direction",no,no,no,no,yes,False
103112521,METROPOLITAN NASHVILLE POLICE DEPT,20210532529,Davidson,Nashville,10/12/2021 1:45:00 PM,2,0,0,36.139400,-86.880150,CHARLOTTE PKE,,,,170.00,Feet,East,HILLWOOD BLVD,,,,0.00,N,Not at Intersection, ,Non-Junction,None,,,         ,Michael,Raash,Clear,HeadOn,no,no,no,no,no,False
103112523,METROPOLITAN NASHVILLE POLICE DEPT,20210530736,Davidson,Nashville,10/11/2021 1:18:00 PM,5,3,0,36.090720,-86.703600,I 24,,,,0.00,,,,,,,55.35,N,Not at Intersection,N,Non-Junction,None,,,         ,Robert,Higgins,Clear,Angle,no,no,no,no,no,False
103112552,BERRY HILL POLICE DEPT,21-3013,Davidson,Nashville,10/12/2021 2:15:00 PM,1,1,0,36.120260,-86.775590,FRANKLIN PKE,,,,147.00,Feet,West,GALE LN,,,,0.00,N,Not at Intersection,N,Non-Junction,None,,,         ,Ronnie,Hill,Clear,Not Collision with Motor Vehicle in Transport,yes,no,no,yes,no,False
103112553,METROPOLITAN NASHVILLE POLICE DEPT,20210531214,Davidson,Nashville,10/11/2021 12:00:00 AM,3,5,0,36.160760,-86.793690,14TH AVN,,,,0.00,,,CHARLOTTE AV,,,,0.00,Y,Four-Way,N,Intersection,None,,,         ,Justin,mathias,Clear,Angle,no,no,no,no,no,False
103112563,METROPOLITAN NASHVILLE POLICE DEPT,20210532588,Davidson,Goodlettsville,10/12/2021 2:20:00 PM,2,1,0,36.295100,-86.697710,RIVERGATE STATION PVTDR,,,,0.00,,,MYATT DR,,,,0.00,Y,T-Intersection,N,Intersection-Related,None,,,         ,Ian,Wilson,Clear,Angle,no,no,no,no,no,False
103112568,METROPOLITAN NASHVILLE POLICE DEPT,20210532556,Davidson,Nashville,10/12/2021 1:44:00 PM,2,1,0,36.230470,-86.765180,EWING DR,,,,201.00,Feet,East,RICH ACRES DR,,,,0.00,N,Not at Intersection,N,Non-Junction,None,,,         ,Zachary,Akers,Clear,HeadOn,no,no,no,no,yes,False
103112579,METROPOLITAN NASHVILLE POLICE DEPT,2021-0531902,Davidson,Nashville,10/12/2021 6:20:00 AM,2,1,0,36.165780,-86.614910,DODSON CHAPEL RD,,,,529.00,Feet,South,OAKWELL FARMS LN,,,,0.00,N,Not at Intersection,N,Non-Junction,None,,,         ,Frank,Walker,Cloudy,Angle,no,no,no,no,no,False
103112607,METROPOLITAN NASHVILLE POLICE DEPT,20210532581,Davidson,Nashville,10/12/2021 2:25:00 PM,2,0,0,36.165670,-86.801650,BLANK ST,,,,245.00,Feet,North,HERMAN ST,,,,0.00,N,Not at Intersection, ,Non-Junction,None,,,         ,Tristen,Mayfield,Clear,"Sideswipe, Opposite Direction",no,no,no,no,no,False
103112610,METROPOLITAN NASHVILLE POLICE DEPT,20210532676,Davidson,Nashville,10/12/2021 2:29:00 PM,2,0,0,36.109230,-86.723250,I24 E EXT RAMP,,,,0.00,Feet,East,BRILEY PKWYS,,,,0.00,N,Not at Intersection, ,,None,,,         ,Beri,Scott,,,no,no,no,no,no,False
103112615,METROPOLITAN NASHVILLE POLICE DEPT,20210532673,Davidson,Nashville,10/12/2021 3:14:00 PM,2,0,0,36.155250,-86.789020,I 40,,,,0.00,,,,,,,209.15,N,Not at Intersection, ,Non-Junction,None,,,         ,Dakota,Davis,Clear,"Sideswipe, Same Direction",no,no,no,no,no,False
103112618,METROPOLITAN NASHVILLE POLICE DEPT,20210532732,Davidson,Nashville,10/12/2021 12:58:00 PM,2,0,0,36.141580,-86.764490,4TH AVS,,,,4.00,Feet,South,HUMPHREYS ST,,,,0.00,N,Not at Intersection, ,Non-Junction,None,,,         ,Joseph,Hurst,Clear,Angle,no,no,no,no,no,False
103112619,METROPOLITAN NASHVILLE POLICE DEPT,20210532607,Davidson,Nashville,10/12/2021 2:45:00 PM,2,0,0,36.175860,-86.781010,JEFFERSON ST,,,,376.00,Feet,East,1ST AVN,,,,0.00,N,Not at Intersection,N,Non-Junction,None,,,         ,Michael,Moss,Clear,Front to Rear,no,no,no,no,yes,False
103112620,METROPOLITAN NASHVILLE POLICE DEPT,20210532753,Davidson,Nashville,10/12/2021 3:55:00 PM,1,0,0,36.148850,-86.782340,I 40,,,,0.00,,,,,,,209.65,N,Not at Intersection,N,Non-Junction,None,,,         ,Travis,Pemberton,Clear,Not Collision with Motor Vehicle in Transport,no,no,no,no,no,False
103112630,METROPOLITAN NASHVILLE POLICE DEPT,20210532789,Davidson,Not in City Limit,10/12/2021 3:50:00 PM,2,0,0,36.262690,-86.705870,E OLD HICKORY BLVD,,,,157.00,Feet,West,4TH AV,,,,0.00,N,Not at Intersection, ,Non-Junction,None,,,         ,David,Harms,Clear,Front to Rear,no,no,no,no,yes,False
103112633,METROPOLITAN NASHVILLE POLICE DEPT,20210532787,Davidson,Nashville,10/12/2021 4:11:00 PM,2,1,0,36.170900,-86.811230,22ND AVN,,,,3.00,Feet,North,HEIMAN ST,,,,0.00,N,Not at Intersection,N,Non-Junction,None,,,         ,Daniel,Kallman,Clear,Angle,no,no,no,no,yes,False
103112639,METROPOLITAN NASHVILLE POLICE DEPT,20210532813,Davidson,Nashville,10/12/2021 4:33:00 PM,2,0,0,36.141430,-86.664150,I40 W EXT RAMP,,,,0.00,,,I 40,,,,0.00,Y,OTHER, ,Entrance/Exit Ramp Related,None,,,         ,Douglas,Mann,Clear,Angle,no,no,no,no,yes,False
103112641,METROPOLITAN NASHVILLE POLICE DEPT,20210532807,Davidson,Not in City Limit,10/12/2021 4:30:00 PM,2,0,0,36.270380,-86.736380,I 65,,,,0.00,,,,,,,92.65,N,Not at Intersection,N,Non-Junction,None,,,         ,Sean,Herman,Clear,Front to Rear,no,no,no,no,no,False
103112645,METROPOLITAN NASHVILLE POLICE DEPT,20210532634,Davidson,Nashville,10/12/2021 12:40:00 PM,2,0,0,36.110950,-86.787530,WOODMONT BLVD,,,,0.00,,,LEALAND LN,,,,0.00,Y,Four-Way,N,Intersection,None,,,         ,Heather,Fox,Clear,Front to Rear,no,no,no,no,yes,False
103112647,METROPOLITAN NASHVILLE POLICE DEPT,20210532636,Davidson,Nashville,10/12/2021 2:55:00 PM,2,1,0,36.040010,-86.743470,OLD HICKORY BLVD,,,,0.00,,,EDMONDSON PKE,,,,0.00,Y,Four-Way,N,Intersection,None,,,         ,Tyler,Shanks,Clear,Angle,no,no,no,no,yes,False
103112648,METROPOLITAN NASHVILLE POLICE DEPT,20210528424,Davidson,Nashville,10/9/2021 10:47:00 PM,1,0,2,36.120150,-86.726870,I 24,,,,0.00,,,,,,,52.90,N,Not at Intersection,N,Non-Junction,None,,,         ,Cressie,Prill,Clear,Not Collision with Motor Vehicle in Transport,yes,no,no,no,no,False
103112649,METROPOLITAN NASHVILLE POLICE DEPT,20210529218,Davidson,Nashville,10/10/2021 2:18:00 PM,2,1,0,36.207170,-86.822470,TUCKER RD,,,,507.00,Feet,South,ST MARYS LN,,,,0.00,N,Not at Intersection,N,Non-Junction,None,,,         ,Cressie,Prill,Clear,Angle,no,no,no,no,no,False
103112673,METROPOLITAN NASHVILLE POLICE DEPT,20210532825,Davidson,Nashville,10/12/2021 4:10:00 PM,2,0,0,36.145740,-86.764720,2ND AVS,,,,0.00,,,CHESTNUT ST,,,,0.00,Y,Four-Way,N,Intersection-Related,None,,,         ,Joseph,Hurst,Clear,Angle,no,no,no,no,no,False
103112678,METROPOLITAN NASHVILLE POLICE DEPT,20210532880,Davidson,Nashville,10/12/2021 4:57:00 PM,2,0,0,36.200550,-86.620930,OLD HICKORY BLVD,,,,0.00,Feet,,PLANTATION DR,,,,0.00,Y,T-Intersection,N,Intersection,None,,,         ,Zaire,Murray,Clear,Front to Rear,no,no,no,no,yes,False
103112683,METROPOLITAN NASHVILLE POLICE DEPT,20210532822,Davidson,Nashville,10/12/2021 2:40:00 PM,3,0,0,36.191830,-86.775470,I 24,,,,0.00,,,,,,,47.25,N,Not at Intersection,N,Non-Junction,None,,,         ,Flynn,Ireland,Clear,Front to Rear,no,no,no,no,yes,False
103112684,METROPOLITAN NASHVILLE POLICE DEPT,20210532786,Davidson,Nashville,10/12/2021 8:00:00 AM,2,0,0,36.208700,-86.739080,IVERSON AV,,,,292.00,Feet,East,CONEY ST,,,,0.00,N,Not at Intersection, ,Non-Junction,Utility Zone,,,         ,James,Harben,Clear,"Sideswipe, Same Direction",no,no,no,no,no,False
103112685,THP District 3 - Nashville,321067120,Davidson,Nashville,10/6/2021 10:45:00 AM,2,0,0,36.030550,-86.875840,HILLSBORO RD,,,,253.00,Feet,South,MURRAY LN,,,,0.00,N,Not at Intersection, ,Non-Junction,None,,,         ,Jonathan,Officer,Rain,Front to Rear,no,no,no,no,no,False