master_record_number,agency,agency_tracking_number,county,city,collision_date,vehicles_involved,number_injured,number_dead,latitude,longitude,roadway_name,roadway_suffix,roadway_number,roadway_local_id,distance_from_reference,miles-feet_indicator,direction_from_reference,intersection_road_name,intersection_road_name_suffix,intersection_road_number,intersection_local_id,mile_marker,intersection_indicator,intersect_type,interchange_related_indicator,relation_to_junction,work_zone_type,construction_maintenance_zone,construction_maintenance_zone_location,fatal_case_number,officer_first_name,officer_last_name,weather_condition(s),manner_of_crash,pedestrian,bicycle,scooter,parking,hitrun,mou
103115063,METROPOLITAN NASHVILLE POLICE DEPT,20210538021,Davidson,Antioch,10/15/2021 2:52:00 PM,3,3,0,36.047840,-86.612050,MURFREESBORO PKE,,,,1284.00,Feet,North,MOUNTAIN SPRINGS RD,,,,0.00,N,Not at Intersection,N,Non-Junction,None,,,         ,Brandon,Simpkins,Clear,Front to Rear,no,no,no,no,no,False
103115083,METROPOLITAN NASHVILLE POLICE DEPT,20210537981,Davidson,Nashville,10/15/2021 2:00:00 PM,2,0,0,36.076070,-86.727950,EDMONDSON PKE,,,,797.00,Feet,West,PROVIDENCE HTS,,,,0.00,N,Not at Intersection, ,Non-Junction,None,,,         ,Cherell,Kinchloe,Clear,"Sideswipe, Same Direction",no,no,no,no,no,False
103115094,METROPOLITAN NASHVILLE POLICE DEPT,20210538042,Davidson,Nashville,10/15/2021 1:51:00 PM,2,0,0,36.130330,-86.899950,I40 W EXT RAMP,,,,0.00,,,I 40,,,,0.00,Y,T-Intersection, ,Entrance/Exit Ramp Related,None,,,         ,Maria,Reynolds,Clear,Front to Rear,no,no,no,no,no,False
103115099,METROPOLITAN NASHVILLE POLICE DEPT,20210538028,Davidson,Not in City Limit,10/15/2021 2:51:00 PM,2,0,0,36.268760,-86.710680,GALLATIN PKEN,,,,96.00,Feet,North,LOVELL ST,,,,0.00,N,Not at Intersection,N,Non-Junction,None,,,         ,Forrest,Punke,Cloudy,Front to Rear,no,no,no,no,yes,False
103115100,METROPOLITAN NASHVILLE POLICE DEPT,20210538050,Davidson,Nashville,10/15/2021 2:50:00 PM,2,1,0,36.055794,-86.619796,MURFREESBORO PKE,,,,0.00,,North,MT VIEW RD,,,,0.00,N,Not at Intersection,N,Non-Junction,None,,,         ,Garrett,Latham,Clear,Front to Rear,no,no,no,no,no,False
103115101,METROPOLITAN NASHVILLE POLICE DEPT,20210538152,Davidson,Nashville,10/15/2021 4:05:00 PM,2,2,0,36.080940,-86.726760,NOLENSVILLE PKE,,,,0.00,,,,,,,0.00,,,N,Non-Junction,None,,,         ,Joseph,Hurst,Clear,Front to Rear,no,no,no,no,no,False
103115114,METROPOLITAN NASHVILLE POLICE DEPT,20210538091,Davidson,Nashville,10/15/2021 3:25:00 PM,2,1,0,36.140570,-86.722800,I 40,,,,0.00,,,,,,,213.50,N,Not at Intersection,N,Non-Junction,None,,,         ,Joseph,Simon,Clear,Front to Rear,no,no,no,no,no,False
103115120,METROPOLITAN NASHVILLE POLICE DEPT,20210538127,Davidson,Nashville,10/15/2021 3:08:00 PM,2,0,0,36.134890,-86.723330,MURFREESBORO PKE,,,,0.00,,,,,,,0.00,,,N,Non-Junction,None,,,         ,Robert,Marquez,Clear,Angle,no,no,no,yes,yes,False
103115124,METROPOLITAN NASHVILLE POLICE DEPT,20210538079,Davidson,Not in City Limit,10/15/2021 3:21:00 PM,2,1,0,36.261240,-86.712530,GALLATIN PKES,,,,0.00,Feet,East,MAPLE ST,,,,0.00,N,Not at Intersection,N,Non-Junction,None,,,         ,David,Harms,Cloudy,Angle,no,no,no,no,no,False
103115138,METROPOLITAN NASHVILLE POLICE DEPT,2021-0538183,Davidson,Nashville,10/15/2021 4:00:00 PM,2,0,0,36.231670,-86.782350,EWING DR,,,,247.00,Feet,West,BRICK CHURCH PKE,,,,0.00,N,Not at Intersection, ,Non-Junction,None,,,         ,Kyle,Eicholtz,Cloudy,"Sideswipe, Same Direction",no,no,no,no,yes,False
103115144,METROPOLITAN NASHVILLE POLICE DEPT,20210538166,Davidson,Nashville,10/15/2021 9:17:00 AM,2,0,0,36.157230,-86.787890,12TH AVN,,,,161.00,Feet,South,PORTER ST,,,,0.00,N,Not at Intersection,N,Non-Junction,None,,,         ,Kency,Le,Clear,Rear to Side,no,no,no,yes,yes,False
103115170,METROPOLITAN NASHVILLE POLICE DEPT,20210538219,Davidson,Nashville,10/15/2021 4:56:00 PM,2,3,0,36.069040,-86.720100,NOLENSVILLE PKE,,,,375.00,Feet,East,TAYLOR RD,,,,0.00,N,Not at Intersection,N,Non-Junction,None,,,         ,Joseph,Hurst,Clear,Angle,no,no,no,no,no,False
103115174,METROPOLITAN NASHVILLE POLICE DEPT,20210538202,Davidson,Not in City Limit,10/15/2021 12:00:00 AM,2,0,0,36.077880,-86.987800,I 40,,,,0.00,,,,,,,194.35,N,Not at Intersection, ,Non-Junction,None,,,         ,Maria,Reynolds,Clear,Front to Rear,no,no,no,no,no,False
103115185,METROPOLITAN NASHVILLE POLICE DEPT,20210538010,Davidson,Nashville,10/15/2021 2:42:00 PM,2,0,0,36.048770,-86.665170,I 24,,,,0.00,,,,,,,59.00,N,Not at Intersection, ,Non-Junction,None,,,         ,Matthew,Swindell,Clear,"Sideswipe, Same Direction",no,no,no,no,no,False
103115187,METROPOLITAN NASHVILLE POLICE DEPT,20210538254,Davidson,Nashville,10/15/2021 4:30:00 PM,2,0,0,36.060730,-86.916150,HIGHWAY 100,,,,0.00,,,OLD HICKORY BLVD,,,,0.00,Y,T-Intersection, ,,None,,,         ,Heather,Fox,,,no,no,no,no,no,False
103115198,METROPOLITAN NASHVILLE POLICE DEPT,20210538247,Davidson,Nashville,10/15/2021 5:13:00 PM,1,1,0,36.153000,-86.792070,16TH AVE S,,,,0.00,,,,,,,0.00,,,N,Non-Junction,None,,,         ,Dakota,Davis,Clear,Not Collision with Motor Vehicle in Transport,yes,no,no,no,no,False
103115200,VANDERBILT UNIVERSITY POLICE,20210538271,Davidson,Nashville,10/15/2021 12:00:00 AM,2,0,0,36.108830,-86.763920,POWELL AV,,,,0.00,,,,,,,0.00,,, ,Non-Junction,None,,,         ,Garrett,Bennett,Clear,Unknown,no,no,no,yes,yes,OHO
103115202,METROPOLITAN NASHVILLE POLICE DEPT,20210538275,Davidson,Nashville,10/15/2021 12:00:00 AM,2,0,0,36.167450,-86.662620,LEBANON PKE,,,,138.00,Feet,West,EDDINGS LN,,,,0.00,N,Not at Intersection, ,,None,,,         ,Keenan,McCann,,,no,no,no,no,no,False
103115205,METROPOLITAN NASHVILLE POLICE DEPT,20210538255,Davidson,Nashville,10/15/2021 5:15:00 PM,2,1,0,36.191540,-86.772760,DICKERSON PKE,,,,77.00,Feet,South,RICHARDSON AV,,,,0.00,N,Not at Intersection,N,Non-Junction,None,,,         ,Ciara,Doherty,Clear,Angle,no,no,no,no,no,False
103115206,METROPOLITAN NASHVILLE POLICE DEPT,20210538349,Davidson,Nashville,10/15/2021 6:32:00 PM,2,0,0,36.046460,-86.661240,I 24,,,,0.00,,,,,,,59.25,N,Not at Intersection,N,Non-Junction,None,,,         ,Joseph,Hurst,Clear,Front to Rear,no,no,no,no,no,False
103115223,METROPOLITAN NASHVILLE POLICE DEPT,20210538351,Davidson,Nashville,10/15/2021 6:30:00 PM,2,1,0,36.211480,-86.765270,DONALD ST,,,,0.00,,,DICKERSON PKE,,,,0.00,Y,T-Intersection,N,Intersection,None,,,         ,Derek,Garcia,Cloudy,"Sideswipe, Opposite Direction",no,no,no,no,no,False
103115227,METROPOLITAN NASHVILLE POLICE DEPT,20210538272,Davidson,Nashville,10/15/2021 5:00:00 PM,2,0,0,36.112220,-86.765870,THOMPSON LN,,,,317.00,Feet,South,BRANSFORD AV,,,,0.00,N,Not at Intersection, ,,None,,,         ,Dylan,Chambers,,,no,no,no,no,no,False
103115231,METROPOLITAN NASHVILLE POLICE DEPT,20210538290,Davidson,Nashville,10/15/2021 5:47:00 PM,2,0,0,36.252010,-86.717620,GALLATIN PKES,,,,40.00,Feet,West,E WEBSTER ST,,,,0.00,N,Not at Intersection,N,Non-Junction,None,,,         ,Wesley,Carver,Clear,"Sideswipe, Same Direction",no,no,no,no,yes,False
103115234,METROPOLITAN NASHVILLE POLICE DEPT,20210538391,Davidson,Nashville,10/15/2021 6:33:00 PM,2,0,0,36.087130,-86.691960,ANTIOCH PKE,,,,0.00,,,,,,,0.00,,, ,Non-Junction,None,,,         ,Joseph,Hurst,Clear,"Sideswipe, Same Direction",no,no,no,no,no,False
103115235,METROPOLITAN NASHVILLE POLICE DEPT,20210538367,Davidson,Madison,10/15/2021 12:00:00 AM,2,0,0,36.263330,-86.713040,OLD TIME VILLAGE PVTDR,,,,55.00,Feet,North,OLD HICKORY BLVDW,,,,0.00,N,Not at Intersection,Y,Non-Junction,None,,,         ,Vincent,McCrary,Cloudy,Front to Rear,no,no,no,yes,yes,False
103115262,METROPOLITAN NASHVILLE POLICE DEPT,20210538451,Davidson,Nashville,10/15/2021 7:16:00 PM,2,0,0,36.047570,-86.663120,I 24,,,,0.00,,,,,,,59.15,N,Not at Intersection, ,,None,,,         ,Joseph,Hurst,,,no,no,no,no,no,False
103115263,METROPOLITAN NASHVILLE POLICE DEPT,20210538121,Davidson,Not in City Limit,10/15/2021 3:45:00 PM,5,2,0,36.077030,-87.025460,I 40,,,,0.00,,,,,,,192.25,N,Not at Intersection,N,Non-Junction,None,,,         ,Peyton,Wheatley,Clear,Other,no,no,no,no,no,False
103115270,METROPOLITAN NASHVILLE POLICE DEPT,20210538456,Davidson,Nashville,10/15/2021 7:35:00 PM,1,1,0,36.234460,-86.805700,BRILEY PKWYE,,,,641.00,Feet,West,KNIGHT DR,,,,0.00,N,Not at Intersection,N,Non-Junction,None,,,         ,Malik,Burriss,Clear,Not Collision with Motor Vehicle in Transport,no,no,no,no,no,False
103115276,METROPOLITAN NASHVILLE POLICE DEPT,20210538513,Davidson,Nashville,10/15/2021 8:23:00 PM,1,0,0,36.066910,-86.630710,MURFREESBORO PKE,,,,240.00,Feet,South,FOREST VIEW DR,,,,0.00,N,Not at Intersection,N,Non-Junction,None,,,         ,Joseph,Hurst,Clear,Not Collision with Motor Vehicle in Transport,no,no,no,no,no,False
103115281,METROPOLITAN NASHVILLE POLICE DEPT,20210538387,Davidson,Nashville,10/15/2021 6:50:00 PM,2,0,0,36.165930,-86.764310,I 24,,,,0.00,,,,,,,49.00,N,Not at Intersection,N,Non-Junction,None,,,         ,Kyle,Kinsman,Clear,Front to Rear,no,no,no,no,no,False
103115296,METROPOLITAN NASHVILLE POLICE DEPT,20210538470,Davidson,Nashville,10/15/2021 12:00:00 AM,2,2,0,36.205440,-86.601760,DUTCHMANS DR,,,,0.00,,,HIGHLAND VIEW DR,,,,0.00,Y,T-Intersection,N,Non-Junction,None,,,         ,Keenan,McCann,Clear,Angle,no,no,no,no,no,False
103115301,METROPOLITAN NASHVILLE POLICE DEPT,20210538444,Davidson,Nashville,10/15/2021 7:37:00 PM,2,0,0,36.152670,-86.627100,PERCY PRIEST DR,,,,617.00,Feet,West,STEWARTS FERRY PKE,,,,0.00,N,Not at Intersection, ,Non-Junction,None,,,         ,Cressie,Prill,Cloudy,Front to Rear,no,no,no,yes,no,False
103115306,METROPOLITAN NASHVILLE POLICE DEPT,20210538452,Davidson,Not in City Limit,10/15/2021 7:22:00 PM,2,0,0,36.263810,-86.711660,GALLATIN PKEN,,,,0.00,,,OLD TIME VILLAGE PVTDR,,,,0.00,Y,T-Intersection, ,,None,,,         ,Sean,Herman,,,no,no,no,no,no,False
103115327,METROPOLITAN NASHVILLE POLICE DEPT,20210538438,Davidson,Nashville,10/15/2021 7:34:00 PM,1,0,0,36.105910,-86.834640,WALLACE LN,,,,742.00,Feet,South,HOBBS RD,,,,0.00,N,Not at Intersection, ,Non-Junction,None,,,         ,James,McDugle,Cloudy,Not Collision with Motor Vehicle in Transport,no,no,no,no,no,False
103115330,METROPOLITAN NASHVILLE POLICE DEPT,20210538534,Davidson,Not in City Limit,10/15/2021 8:48:00 PM,2,0,0,36.269260,-86.755740,OLD HICKORY BLVDW,,,,0.00,Feet,West,DICKERSON PKE,,,,0.00,N,Not at Intersection,N,Non-Junction,None,,,         ,Austin,Bowles,Clear,Front to Rear,no,no,no,no,yes,False
103115336,METROPOLITAN NASHVILLE POLICE DEPT,20210538439,Davidson,Nashville,10/15/2021 7:25:00 PM,2,3,0,36.082100,-86.761700,HARDING PL,,,,0.00,,,SIDCO DR,,,,0.00,Y,Four-Way,N,Intersection,None,,,         ,Dylan,Chambers,Clear,HeadOn,no,no,no,no,no,False
103115424,METROPOLITAN NASHVILLE POLICE DEPT,20210538531,Davidson,Nashville,10/15/2021 8:36:00 PM,2,0,0,36.082680,-86.765110,HARDING PL,,,,0.00,,,I65 S ENT RAMP,,,,0.00,Y,T-Intersection,N,Intersection,None,,,         ,Dylan,Motes,Cloudy,"Sideswipe, Same Direction",no,no,no,no,yes,False
103115427,METROPOLITAN NASHVILLE POLICE DEPT,20210538564,Davidson,Nashville,10/15/2021 12:00:00 AM,2,0,0,36.059070,-86.716220,TUSCULUM RD,,,,0.00,,,NOLENSVILLE PKE,,,,0.00,Y,Four-Way,N,Intersection,None,,,         ,Ashley,Kappenmacher,Rain,Angle,no,no,no,no,no,False
103115436,METROPOLITAN NASHVILLE POLICE DEPT,20210538614,Davidson,Not in City Limit,10/15/2021 9:45:00 PM,1,0,0,36.082830,-86.965270,STEEPLECHASE LN,,,,31.00,Feet,North,SADDLE RIDGE TRC,,,,0.00,N,Not at Intersection,N,Non-Junction,None,,,         ,Peyton,Wheatley,Rain,Not Collision with Motor Vehicle in Transport,no,no,no,no,no,False
103115442,METROPOLITAN NASHVILLE POLICE DEPT,20210538572,Davidson,Nashville,10/15/2021 8:05:00 PM,2,0,0,36.048800,-86.713670,NOLENSVILLE PKE,,,,0.00,,,HICKORYVIEW DR,,,,0.00,Y,T-Intersection,Y,Intersection,None,,,         ,Eric,Modransky,Rain,Angle,no,no,no,no,no,False
103115449,METROPOLITAN NASHVILLE POLICE DEPT,20210538650,Davidson,Nashville,10/15/2021 10:18:00 PM,2,0,0,36.104800,-86.814600,RICHARD JONES RD,,,,0.00,Feet,East,HILLSBORO PKE,,,,0.00,N,Not at Intersection,N,Non-Junction,None,,,         ,Goran,Manojlovic,Rain,"Sideswipe, Same Direction",no,no,no,no,yes,False
103115459,METROPOLITAN NASHVILLE POLICE DEPT,20210538637,Davidson,Nashville,10/15/2021 10:20:00 PM,1,1,0,36.155830,-86.803770,MURPHY AVE,,,,0.00,,,,,,,0.00,,,N,Non-Junction,None,,,         ,Dakota,Davis,Rain,Not Collision with Motor Vehicle in Transport,no,no,no,no,no,False
103115463,METROPOLITAN NASHVILLE POLICE DEPT,20210538715,Davidson,Nashville,10/15/2021 10:32:00 PM,1,0,0,36.235090,-86.670400,NEELYS BEND RD,,,,3.00,Feet,North,NAWAKWA TRL,,,,0.00,N,Not at Intersection,N,Non-Junction,None,,,         ,David,Harms,Rain,Not Collision with Motor Vehicle in Transport,no,no,no,no,no,False
103115464,METROPOLITAN NASHVILLE POLICE DEPT,20210538655,Davidson,Nashville,10/15/2021 10:30:00 PM,1,0,0,36.251990,-86.739940,I 65,,,,0.00,,,,,,,91.35,N,Not at Intersection,N,Non-Junction,None,,,         ,Dylan,Bradley,Rain,Not Collision with Motor Vehicle in Transport,no,no,no,no,no,False
103115470,METROPOLITAN NASHVILLE POLICE DEPT,20210538664,Davidson,Nashville,10/15/2021 10:48:00 PM,1,0,0,36.173820,-86.770460,I 24,,,,0.00,,,,,,,48.15,N,Not at Intersection,N,Non-Junction,None,,,         ,Brenton,Adcox,Rain,Not Collision with Motor Vehicle in Transport,no,no,no,no,no,False
103115474,METROPOLITAN NASHVILLE POLICE DEPT,20210538707,Davidson,Nashville,10/15/2021 11:11:00 PM,2,1,0,36.087410,-86.692200,ANTIOCH PKE,,,,8.00,Feet,South,HARDING PL,,,,0.00,N,Not at Intersection,N,Non-Junction,None,,,         ,Garrett,Reingardt,Clear,Front to Rear,no,no,no,no,no,False
103115482,METROPOLITAN NASHVILLE POLICE DEPT,20210538488,Davidson,Nashville,10/15/2021 8:03:00 PM,1,0,0,36.160240,-86.773140,DEMONBREUN ST,,,,0.00,,,1ST AVS,,,,0.00,Y,T-Intersection, ,,None,,,         ,James,Hill,,,no,no,no,no,no,False
103115490,METROPOLITAN NASHVILLE POLICE DEPT,20210538689,Davidson,Nashville,10/15/2021 10:33:00 PM,2,0,0,36.165840,-86.781930,CHARLOTTE AV,,,,9.00,Feet,West,5TH AVN,,,,0.00,N,Not at Intersection, ,Non-Junction,None,,,         ,Tim,Le,Rain,Front to Rear,no,no,no,no,no,False
103115492,METROPOLITAN NASHVILLE POLICE DEPT,20210538677,Davidson,Nashville,10/15/2021 10:52:00 PM,1,0,0,36.140950,-86.732850,I 40,,,,0.00,,,,,,,212.80,N,Not at Intersection,N,Non-Junction,None,,,         ,Roger,Luther,Rain,Not Collision with Motor Vehicle in Transport,no,no,no,no,no,False
103115500,METROPOLITAN NASHVILLE POLICE DEPT,20210538835,Davidson,Nashville,10/16/2021 12:36:00 AM,2,1,0,36.051400,-86.669220,I 24,,,,0.00,,,,,,,58.70,N,Not at Intersection,N,Non-Junction,None,,,         ,Eric,Laury,Rain,Front to Rear,no,no,no,no,yes,False
103115504,METROPOLITAN NASHVILLE POLICE DEPT,20210538899,Davidson,Nashville,10/16/2021 1:01:00 AM,2,0,0,36.159560,-86.774640,3RD AVS,,,,0.00,,,DEMONBREUN ST,,,,0.00,Y,Four-Way, ,Intersection,None,,,         ,Luke,Steigerwalt,Rain,Angle,no,no,no,no,no,False
103115505,METROPOLITAN NASHVILLE POLICE DEPT,20210538693,Davidson,Nashville,10/15/2021 10:20:00 PM,2,0,0,36.208240,-86.767400,DICKERSON PKE,,,,0.00,,,GRIZZARD AV,,,,0.00,Y,T-Intersection,N,Non-Junction,None,,,         ,Benjamin,Tasto,Rain,Front to Rear,no,no,no,no,yes,False
103115512,GOODLETTSVILLE POLICE DEPT,21-29111,Davidson,Goodlettsville,10/16/2021 1:49:00 AM,1,0,0,36.306970,-86.705390,I 65,,,,0.00,,,,,,,95.75,N,Not at Intersection,N,Non-Junction,None,,,         ,Katelyn,Gilliland,Rain,Not Collision with Motor Vehicle in Transport,no,no,no,no,no,False
103115513,METROPOLITAN NASHVILLE POLICE DEPT,20210538945,Davidson,Nashville,10/16/2021 1:55:00 AM,2,0,0,36.191830,-86.781710,I 65,,,,0.00,,,,,,,86.20,N,Not at Intersection,N,Non-Junction,None,,,         ,Rachel,Susee,Rain,Front to Rear,no,no,no,no,yes,False
103115516,METROPOLITAN NASHVILLE POLICE DEPT,20210538950,Davidson,Nashville,10/16/2021 1:58:00 AM,1,1,0,36.116910,-86.748250,NOLENSVILLE PKE,,,,159.00,Feet,North,JOYNER AV,,,,0.00,N,Not at Intersection,N,Non-Junction,None,,,         ,Tavin,Emlund,Rain,Not Collision with Motor Vehicle in Transport,no,no,no,no,no,False
103115521,METROPOLITAN NASHVILLE POLICE DEPT,20210538753,Davidson,Nashville,10/15/2021 10:26:00 PM,1,1,0,36.141560,-86.740600,MURFREESBORO PKE,,,,13.00,Feet,West,FOSTER AV,,,,0.00,N,Not at Intersection,N,Non-Junction,Work Zone,Laneclosure,Activity Area,         ,Amy,Hirschmann,Rain,Not Collision with Motor Vehicle in Transport,no,no,no,no,yes,False
103115522,METROPOLITAN NASHVILLE POLICE DEPT,20210538843,Davidson,Nashville,10/16/2021 12:45:00 AM,1,0,0,36.065410,-86.685220,I 24,,,,0.00,,,,,,,57.35,N,Not at Intersection,N,Non-Junction,None,,,         ,Jose,Oliveros,Rain,Not Collision with Motor Vehicle in Transport,no,no,no,no,no,False
103115523,METROPOLITAN NASHVILLE POLICE DEPT,20210538979,Davidson,Nashville,10/16/2021 12:46:00 AM,2,0,0,36.140410,-86.731570,I 24,,,,0.00,,,,,,,51.50,N,Not at Intersection, ,Entrance/Exit Ramp Related,None,,,         ,Theodore,Kenney,Rain,Front to Rear,no,no,no,no,yes,False
103115526,METROPOLITAN NASHVILLE POLICE DEPT,20210539010,Davidson,Nashville,10/16/2021 2:42:00 AM,2,0,0,36.168160,-86.757230,S 7TH ST,,,,4.00,Feet,South,SYLVAN ST,,,,0.00,N,Not at Intersection, ,Non-Junction,None,,,         ,Scott,Edwards,"Cloudy, Rain",Rear to Rear,no,no,no,no,no,False
103115531,METROPOLITAN NASHVILLE POLICE DEPT,20210539031,Davidson,Nashville,10/16/2021 2:30:00 AM,2,0,0,36.163700,-86.808350,HERMOSA ST,,,,39.00,Feet,East,21ST AVN,,,,0.00,N,Not at Intersection,Y,Non-Junction,None,,,         ,Ivan,Vega,"Cloudy, Rain",Angle,no,no,no,no,no,False
103115533,METROPOLITAN NASHVILLE POLICE DEPT,20210538822,Davidson,Nashville,10/16/2021 12:27:00 AM,1,1,0,36.139500,-86.725180,I40 E ENT RAMP,,,,0.00,Feet,East,I 40,,,,0.00,N,Not at Intersection,N,Non-Junction,None,,,         ,Amy,Hirschmann,Rain,Not Collision with Motor Vehicle in Transport,no,no,no,no,no,False
103115537,METROPOLITAN NASHVILLE POLICE DEPT,20210538963,Davidson,Not in City Limit,10/16/2021 1:55:00 AM,2,0,0,36.080700,-86.955000,I40 E ENT RAMP,,,,0.00,Feet,East,I 40,,,,0.00,N,Not at Intersection,N,Non-Junction,None,,,         ,Billy,Price,Clear,Angle,no,no,no,yes,yes,False
103115545,METROPOLITAN NASHVILLE POLICE DEPT,20210539030,Davidson,Nashville,10/16/2021 12:00:00 AM,2,1,0,36.177670,-86.773260,I 24,,,,0.00,,,,,,,47.85,N,Not at Intersection,N,Non-Junction,None,,,         ,Tristan,Krausman,Clear,"Sideswipe, Same Direction",no,no,no,no,yes,False
103115547,METROPOLITAN NASHVILLE POLICE DEPT,20210539004,Davidson,Nashville,10/16/2021 2:40:00 AM,2,1,0,36.173270,-86.791400,ROSA L PARKS BLVD,,,,0.00,,,JEFFERSON ST,,,,0.00,Y,Four-Way,N,Non-Junction,None,,,         ,Christopher,Cantrell,Clear,Front to Rear,no,no,no,no,no,False
103115548,METROPOLITAN NASHVILLE POLICE DEPT,20210539016,Davidson,Nashville,10/16/2021 2:51:00 AM,2,0,0,36.049980,-86.649500,BELL RD,,,,0.00,Feet,West,MT VIEW RD,,,,0.00,N,Not at Intersection,N,Non-Junction,None,,,         ,Lisa,Beck,Clear,Front to Rear,no,no,no,no,yes,False
103115551,METROPOLITAN NASHVILLE POLICE DEPT,20210539027,Davidson,Not in City Limit,10/16/2021 3:03:00 AM,2,0,0,36.274160,-86.735600,I 65,,,,0.00,,,,,,,92.90,N,Not at Intersection, ,Non-Junction,None,,,         ,Coleman,McKellar,Cloudy,Front to Rear,no,no,no,no,no,False
103115556,METROPOLITAN NASHVILLE POLICE DEPT,20210539049,Davidson,Nashville,10/16/2021 1:39:00 AM,1,0,0,36.077430,-86.657900,PICCADILLY ROW,,,,4.00,Feet,North,UNA ANTIOCH PKE,,,,0.00,N,Not at Intersection,N,Non-Junction,None,,,         ,Garrett,Reingardt,Clear,Not Collision with Motor Vehicle in Transport,no,no,no,no,yes,False
103115572,METROPOLITAN NASHVILLE POLICE DEPT,20210539116,Davidson,Nashville,10/16/2021 12:00:00 AM,2,0,0,36.017020,-86.619910,OLD HICKORY BLVD,,,,0.00,,South,FIRESTONE PKWY,,SR,,0.00,N,Not at Intersection,N,Non-Junction,None,,,         ,McKenzie,Harper,Clear,Front to Rear,no,no,no,no,no,False
103115580,METROPOLITAN NASHVILLE POLICE DEPT,20210539133,Davidson,Nashville,10/16/2021 2:00:00 AM,2,0,0,36.142580,-86.815500,31ST AVS,,,,2.00,Feet,South,WEST END AV,,,,0.00,N,Not at Intersection,N,Non-Junction,None,,,         ,Christopher,Cantrell,Clear,Angle,no,no,no,no,yes,Campus
103115588,METROPOLITAN NASHVILLE POLICE DEPT,20210539127,Davidson,Nashville,10/16/2021 4:50:00 AM,2,1,0,36.187990,-86.821560,ED TEMPLE BLVD,,,,0.00,Feet,East,ROSA L PARKS BLVD,,,,0.00,N,Not at Intersection,N,Non-Junction,None,,,         ,Ivan,Vega,"Cloudy, Rain",Other,no,no,no,no,no,False
103115590,BERRY HILL POLICE DEPT,21-3046,Davidson,Berry Hill,10/15/2021 9:10:00 AM,2,0,0,36.118860,-86.774590,FRANKLIN PKE,,,,0.00,,,BERRY RD,,,,0.00,Y,T-Intersection, ,Intersection,None,,,         ,Larry,Carter,Rain,Front to Rear,no,no,no,no,no,False
103115595,METROPOLITAN NASHVILLE POLICE DEPT,20210539047,Davidson,Nashville,10/16/2021 12:00:00 AM,2,0,0,36.057400,-86.715970,NOLENSVILLE PKE,,,,529.00,Feet,North,APRIL LN,,,,0.00,N,Not at Intersection,N,Non-Junction,None,,,         ,Aaron,Brumley,Clear,Front to Rear,no,no,no,no,yes,False
103115598,METROPOLITAN NASHVILLE POLICE DEPT,20210539176,Davidson,Not in City Limit,10/16/2021 12:00:00 AM,1,0,0,36.074250,-86.981500,POPLAR RIDGE DR,,,,0.00,,,COLEY DAVIS RD,,,,0.00,Y,T-Intersection,N,Intersection,None,,,         ,John,Robish,Unknown,Not Collision with Motor Vehicle in Transport,no,no,no,no,yes,False
103115600,METROPOLITAN NASHVILLE POLICE DEPT,2021-0538828,Davidson,Nashville,10/16/2021 12:30:00 AM,2,0,0,36.152390,-86.842230,46TH AVN,,,,68.00,Feet,North,CHARLOTTE AV,,,,0.00,N,Not at Intersection,N,Non-Junction,None,,,         ,Cameron,Schmid,Rain,Unknown,no,no,no,no,no,False
103115605,Nashville Airport Police,2021-03936,Davidson,Nashville,10/13/2021 12:00:00 AM,2,0,0,36.130130,-86.667050,TERMINAL DR,,,,0.00,,,,,,,0.00,,, ,Non-Junction,None,,,         ,Ahscari,Valencia,Clear,Rear to Side,no,no,no,no,no,False
103115607,METROPOLITAN NASHVILLE POLICE DEPT,20210539141,Davidson,Nashville,10/16/2021 5:10:00 AM,1,0,0,36.125440,-86.848080,WHITE BRIDGE PKE,,,,212.00,Feet,North,HARDING PKE,,,,0.00,N,Not at Intersection, ,Non-Junction,None,,,         ,Theodore,Meskers,Clear,Not Collision with Motor Vehicle in Transport,no,no,no,no,no,False
103115624,METROPOLITAN NASHVILLE POLICE DEPT,20210539185,Davidson,Nashville,10/16/2021 6:40:00 AM,1,0,0,36.160770,-86.793690,14TH AVN,,,,3.00,Feet,North,CHARLOTTE AV,,,,0.00,N,Not at Intersection, ,,None,,,         ,Gregory,Scott,,,no,yes,no,no,no,False
103115641,METROPOLITAN NASHVILLE POLICE DEPT,20210539211,Davidson,Antioch,10/16/2021 7:00:00 AM,2,0,0,36.016850,-86.619880,FIRESTONE PKWY,,,,0.00,,,OLD HICKORY BLVD,,,,0.00,Y,Four-Way, ,Intersection,None,,,         ,Mena,Mahros,Clear,Angle,no,no,no,no,no,False
103115647,METROPOLITAN NASHVILLE POLICE DEPT,20210539234,Davidson,Nashville,10/16/2021 7:43:00 AM,2,1,0,36.131880,-86.895530,CHARLOTTE PKE,,,,0.00,Feet,,I40 E ENT RAMP,,,,0.00,Y,Four-Way,N,Intersection,None,,,         ,Jared,Dick,Clear,Front to Rear,no,no,no,no,no,False