master_record_number,agency,agency_tracking_number,county,city,collision_date,vehicles_involved,number_injured,number_dead,latitude,longitude,roadway_name,roadway_suffix,roadway_number,roadway_local_id,distance_from_reference,miles-feet_indicator,direction_from_reference,intersection_road_name,intersection_road_name_suffix,intersection_road_number,intersection_local_id,mile_marker,intersection_indicator,intersect_type,interchange_related_indicator,relation_to_junction,work_zone_type,construction_maintenance_zone,construction_maintenance_zone_location,fatal_case_number,officer_first_name,officer_last_name,weather_condition(s),manner_of_crash,pedestrian,bicycle,scooter,parking,hitrun,mou
103116423,METROPOLITAN NASHVILLE POLICE DEPT,20210540688,Davidson,Nashville,10/17/2021 8:26:00 AM,2,3,0,36.159090,-86.624070,I 40,,,,0.00,,,,,,,219.35,N,Not at Intersection,N,Non-Junction,None,,,         ,Ian,Hammond,Clear,"Sideswipe, Same Direction",no,no,no,no,no,False
103116450,METROPOLITAN NASHVILLE POLICE DEPT,20210540772,Davidson,Nashville,10/17/2021 9:42:00 AM,2,0,0,36.045750,-86.855530,OLD HICKORY BLVD,,,,29.00,Feet,West,WILDWOOD VALLEY DR,,,,0.00,N,Not at Intersection,N,Non-Junction,None,,,         ,Mason,Tyler,Clear,Front to Rear,no,no,no,no,yes,False
103116458,METROPOLITAN NASHVILLE POLICE DEPT,20210540786,Davidson,Nashville,10/16/2021 12:00:00 AM,2,0,0,36.148760,-86.785820,HAWKINS ST,,,,198.00,Feet,West,12TH AVS,,,,0.00,N,Not at Intersection,N,Non-Junction,None,,,         ,Cecelia,Brown,Unknown,"Sideswipe, Same Direction",no,no,no,no,yes,False
103116471,METROPOLITAN NASHVILLE POLICE DEPT,20210540815,Davidson,Nashville,10/17/2021 10:51:00 AM,2,0,0,36.159270,-86.614480,BELL RD,,,,1528.00,Feet,South,DODSON CHAPEL RD,,,,0.00,N,Not at Intersection, ,Non-Junction,None,,,         ,Ian,Hammond,Clear,Front to Rear,no,no,no,yes,yes,False
103116489,METROPOLITAN NASHVILLE POLICE DEPT,20210540730,Davidson,Nashville,10/17/2021 9:18:00 AM,1,1,0,36.130470,-86.900000,I40 W EXT RAMP,,,,0.00,Feet,East,I 40,,,,0.00,N,Not at Intersection,N,Non-Junction,None,,,         ,Jared,Dick,Clear,Not Collision with Motor Vehicle in Transport,no,no,no,no,no,False
103116513,METROPOLITAN NASHVILLE POLICE DEPT,20210540874,Davidson,Not in City Limit,10/17/2021 12:41:00 PM,1,1,0,36.261290,-86.712510,GALLATIN PKES,,,,20.00,Feet,North,MAPLE ST,,,,0.00,N,Not at Intersection,N,Non-Junction,None,,,         ,Chase,Carter,Clear,Not Collision with Motor Vehicle in Transport,yes,no,no,no,yes,False
103116526,METROPOLITAN NASHVILLE POLICE DEPT,20210540838,Davidson,Nashville,10/17/2021 11:22:00 AM,2,0,0,36.047550,-86.655930,HICKORY HOLLOW PKWY,,,,0.00,,,BELL RD,,,,0.00,Y,Four-Way, ,Intersection-Related,None,,,         ,Gregory,Dixon,Clear,Front to Rear,no,no,no,no,yes,False
103116529,METROPOLITAN NASHVILLE POLICE DEPT,20210540828,Davidson,Nashville,10/17/2021 10:39:00 AM,2,0,0,36.159550,-86.773650,2ND AVS,,,,0.00,,,,,,,0.00,,, ,Non-Junction,None,,,         ,Daniel,Russett,Clear,"Sideswipe, Same Direction",no,no,no,no,no,False
103116551,METROPOLITAN NASHVILLE POLICE DEPT,20210540867,Davidson,Nashville,10/17/2021 12:45:00 AM,2,0,0,36.201310,-86.828940,LINCOLN AV,,,,361.00,Feet,East,ALPINE AV,,,,0.00,N,Not at Intersection,N,Non-Junction,None,,,         ,Michael,Richardson,Unknown,HeadOn,no,no,no,no,yes,False
103116553,METROPOLITAN NASHVILLE POLICE DEPT,2021-0540904,Davidson,Nashville,10/17/2021 1:10:00 PM,2,1,0,36.068860,-86.632850,MURFREESBORO PKE,,,,706.00,Feet,North,FOREST VIEW DR,,,,0.00,N,Not at Intersection,N,Non-Junction,None,,,         ,Nicholas,Carter,Clear,Front to Rear,no,no,no,no,yes,False
103116555,METROPOLITAN NASHVILLE POLICE DEPT,20210540896,Davidson,Nashville,10/17/2021 1:06:00 PM,2,0,0,36.187990,-86.821560,ED TEMPLE BLVD,,,,0.00,,East,ROSA L PARKS BLVD,,,,0.00,N,Not at Intersection, ,Non-Junction,None,,,         ,Jedidayah,Merriweather,Clear,Front to Rear,no,no,no,no,no,False
103116560,METROPOLITAN NASHVILLE POLICE DEPT,20210540836,Davidson,Nashville,10/17/2021 10:19:00 AM,2,0,0,36.177170,-86.750900,WOODLAND ST,,,,173.00,Feet,East,S 10TH ST,,,,0.00,N,Not at Intersection,N,Non-Junction,None,,,         ,Faye,Denson,Clear,"Sideswipe, Same Direction",no,no,no,no,no,False
103116563,METROPOLITAN NASHVILLE POLICE DEPT,20210540927,Davidson,Nashville,10/17/2021 1:47:00 PM,2,0,0,36.191420,-86.786830,I 65,,,,0.00,,,,,,,85.90,N,Not at Intersection,N,Non-Junction,None,,,         ,Mitchell,Cook,Cloudy,Front to Rear,no,no,no,no,yes,False
103116568,METROPOLITAN NASHVILLE POLICE DEPT,20210540893,Davidson,Nashville,10/17/2021 1:00:00 PM,2,2,0,36.103620,-86.666480,FAIRCLOTH LN,,,,0.00,,,OLD MURFREESBORO PKE,,,,0.00,Y,Four-Way,N,Intersection,None,,,         ,Ian,Hammond,Clear,Angle,no,no,no,no,no,False
103116573,METROPOLITAN NASHVILLE POLICE DEPT,20210540881,Davidson,Nashville,10/17/2021 12:47:00 PM,1,0,0,36.121850,-86.636280,PULLEY RD,,,,786.00,Feet,West,PLEASANT HILL RD,,,,0.00,N,Not at Intersection,N,Non-Junction,None,,,         ,MIchael,Mihajlov,Clear,Not Collision with Motor Vehicle in Transport,no,no,no,yes,no,False
103116602,GOODLETTSVILLE POLICE DEPT,21-29213,Davidson,Goodlettsville,10/17/2021 9:05:00 AM,2,4,0,36.300360,-86.721470,DICKERSON PKES,,,,197.00,Feet,South,ROLLING MEADOWS DR,,,,0.00,N,Not at Intersection,N,Non-Junction,None,,,         ,George,Henry,Clear,Angle,no,no,no,no,no,False
103116646,METROPOLITAN NASHVILLE POLICE DEPT,20210540871,Davidson,Nashville,10/17/2021 12:21:00 PM,3,0,0,36.044850,-86.663070,BELL RD,,,,457.00,Feet,West,CANE RIDGE RD,,,,0.00,N,Not at Intersection,N,Non-Junction,None,,,         ,Tyler,Heckaman,Clear,Front to Rear,no,no,no,no,no,False
103116650,METROPOLITAN NASHVILLE POLICE DEPT,20210540951,Davidson,Nashville,10/17/2021 2:19:00 PM,1,1,0,36.234510,-86.703080,BRILEY PKWYE,,,,1002.00,Feet,West,BRILEY PKWYW,,,,0.00,N,Not at Intersection,N,Non-Junction,None,,,         ,Brandon,Chapman,Clear,Not Collision with Motor Vehicle in Transport,no,no,no,no,no,False
103116659,METROPOLITAN NASHVILLE POLICE DEPT,20210541016,Davidson,Nashville,10/17/2021 11:12:00 AM,2,0,0,36.229510,-86.757710,BROADMOOR DR,,,,425.00,Feet,West,HILLSIDE RD,,,,0.00,N,Not at Intersection, ,Non-Junction,None,,,         ,Jason,Milyaro Lucas,Clear,Angle,no,no,no,yes,yes,False
103116680,METROPOLITAN NASHVILLE POLICE DEPT,20210541036,Davidson,Nashville,10/17/2021 3:37:00 PM,1,1,0,36.152250,-86.625070,STEWARTS FERRY PKE,,,,3.00,Feet,North,BELL RD,,,,0.00,N,Not at Intersection,N,Non-Junction,None,,,         ,Joshua,Zambrano-Vera,Clear,Not Collision with Motor Vehicle in Transport,no,no,no,no,no,False
103116687,METROPOLITAN NASHVILLE POLICE DEPT,20210540975,Davidson,Nashville,10/17/2021 12:59:00 PM,2,0,0,36.231030,-86.611790,SHUTE LN,,,,201.00,Feet,West,WILLOW BOUGH LN,,,,0.00,N,Not at Intersection,N,Non-Junction,None,,,         ,Cheri,Cox,Clear,Front to Rear,no,no,no,no,no,False
103116691,METROPOLITAN NASHVILLE POLICE DEPT,20210541050,Davidson,Nashville,10/17/2021 3:45:00 PM,3,1,0,36.184580,-86.804540,CLAY ST,,,,37.00,Feet,West,10TH AVN,,,,0.00,N,Not at Intersection,N,Non-Junction,None,,,         ,Mary,Hall,Clear,Front to Rear,no,no,no,no,no,False
103116712,METROPOLITAN NASHVILLE POLICE DEPT,20210541073,Davidson,Nashville,10/17/2021 12:00:00 AM,2,0,0,36.115170,-86.743610,FOSTER AV,,,,0.00,Feet,,WHITSETT RD,,,,0.00,Y,Four-Way,N,Intersection,None,,,         ,Steven,Bowler,Clear,Angle,no,no,no,no,no,False
103116714,METROPOLITAN NASHVILLE POLICE DEPT,20210540972,Davidson,Goodlettsville,10/17/2021 2:45:00 PM,3,1,0,36.286790,-86.705440,W MONTICELLO AV,,,,0.00,,,GALLATIN PKEN,,,,0.00,Y,Four-Way,N,Intersection-Related,None,,,         ,Amgad,Bekhit,Clear,Front to Rear,no,no,no,no,no,False
103116717,METROPOLITAN NASHVILLE POLICE DEPT,20210541091,Davidson,Nashville,10/17/2021 12:00:00 AM,2,0,0,36.181360,-86.800090,I 65,,,,0.00,,,,,,,86.00,N,Not at Intersection, ,Non-Junction,None,,,         ,Derek,Garcia,Clear,"Sideswipe, Same Direction",no,no,no,no,yes,False
103116761,METROPOLITAN NASHVILLE POLICE DEPT,20210541118,Davidson,Not in City Limit,10/17/2021 4:23:00 PM,2,0,0,36.257490,-86.677690,CHEYENNE BLVD,,,,0.00,,,MANZANO RD,,,,0.00,Y,Four-Way, ,Intersection,None,,,         ,Forrest,Punke,Clear,"Sideswipe, Same Direction",no,no,no,no,no,False
103116780,METROPOLITAN NASHVILLE POLICE DEPT,20210541122,Davidson,Nashville,10/17/2021 4:48:00 PM,2,0,0,36.104930,-86.818100,BANDYWOOD DR,,,,428.00,Feet,East,HILLSBORO CIR,,,,0.00,N,Not at Intersection, ,Non-Junction,None,,,         ,Kristopher,Sharpe,Clear,Front to Rear,no,no,no,yes,yes,False
103116817,METROPOLITAN NASHVILLE POLICE DEPT,20210541275,Davidson,Nashville,10/17/2021 12:00:00 AM,2,1,0,36.093000,-86.678770,DONELSON PKE,,,,73.00,Feet,North,HARDING PL,,,,0.00,N,Not at Intersection,N,Non-Junction,None,,,         ,Steven,Bowler,Clear,Front to Rear,no,no,no,no,no,False
103116832,METROPOLITAN NASHVILLE POLICE DEPT,20210541220,Davidson,Nashville,10/17/2021 6:26:00 PM,3,0,0,36.144390,-86.696080,I 40,,,,0.00,,,,,,,214.90,N,Not at Intersection,N,Non-Junction,None,,,         ,Robert,Marquez,Clear,"Sideswipe, Same Direction",no,no,no,no,no,False
103116840,METROPOLITAN NASHVILLE POLICE DEPT,20210541031,Davidson,Nashville,10/17/2021 3:30:00 PM,3,0,0,36.231900,-86.620810,SHUTE LN,,,,596.00,Feet,East,BRANDYWINE DR,,,,0.00,N,Not at Intersection,N,Non-Junction,None,,,         ,Donovan,Coble,Clear,"Sideswipe, Opposite Direction",no,no,no,no,no,False
103116867,THP District 3 - Nashville,321069047,Davidson,Nashville,10/14/2021 2:25:00 PM,2,0,0,36.171910,-86.767740,JAMES ROBERTSON PKWY,,,,53.00,Feet,East,ELLINGTON PKWY N ENT RAMP,,,,0.00,N,Not at Intersection, ,Non-Junction,None,,,         ,Abasse,Meite,Clear,Front to Rear,no,no,no,no,no,False
103116876,METROPOLITAN NASHVILLE POLICE DEPT,20210541173,Davidson,Nashville,10/17/2021 5:46:00 PM,2,0,0,36.140990,-86.656900,I 40,,,,0.00,,,,,,,217.20,N,Not at Intersection,N,Non-Junction,None,,,         ,Jeffrey,Palomino-Gonzalez,Clear,Angle,no,no,no,no,no,False
103116883,METROPOLITAN NASHVILLE POLICE DEPT,20210541372,Davidson,Nashville,10/17/2021 9:17:00 PM,2,0,0,36.137570,-86.800760,WEDGEWOOD AV,,,,0.00,,,21ST AVS,,,,0.00,Y,Four-Way,N,Intersection,None,,,         ,Travis,Pemberton,Clear,Angle,no,no,no,no,no,Campus
103116884,METROPOLITAN NASHVILLE POLICE DEPT,20210541163,Davidson,Antioch,10/17/2021 5:39:00 PM,2,7,0,36.057710,-86.598250,HOBSON PKE,,,,56.00,Feet,North,HAMILTON CIR,,,,0.00,N,Not at Intersection,N,Non-Junction,None,,,         ,John,McDonnell,Clear,HeadOn,no,no,no,no,no,False
103116889,METROPOLITAN NASHVILLE POLICE DEPT,20210541247,Davidson,Antioch,10/17/2021 6:53:00 PM,1,1,0,36.058560,-86.597750,HAMILTON CHURCH RD,,,,0.00,,,HOBSON PKE,,,,0.00,Y,Four-Way,Y,Intersection,None,,,         ,John,McDonnell,Clear,Not Collision with Motor Vehicle in Transport,yes,no,no,no,yes,False
103116893,METROPOLITAN NASHVILLE POLICE DEPT,20210541404,Davidson,Nashville,10/17/2021 8:30:00 PM,2,0,0,36.184710,-86.753900,MCFERRIN AV,,,,168.00,Feet,East,W EASTLAND AV,,,,0.00,N,Not at Intersection,N,Non-Junction,None,,,         ,Tyler,Lewis,Clear,Angle,no,no,no,yes,yes,False
103116902,METROPOLITAN NASHVILLE POLICE DEPT,20210541159,Davidson,Not in City Limit,10/17/2021 5:36:00 PM,2,0,0,36.320830,-86.852670,I 24,,,,0.00,,,,,,,35.90,N,Not at Intersection,N,Non-Junction,None,,,         ,Keegan,Winchell,Clear,Front to Rear,no,no,no,no,no,False
103116904,METROPOLITAN NASHVILLE POLICE DEPT,20210541233,Davidson,Nashville,10/17/2021 6:36:00 PM,2,0,0,36.135670,-86.629910,BELL RD,,,,207.00,Feet,South,REELFOOT DR,,,,0.00,N,Not at Intersection,N,Non-Junction,None,,,         ,Jeffrey,Palomino-Gonzalez,Clear,Angle,no,no,no,no,no,False
103116910,METROPOLITAN NASHVILLE POLICE DEPT,20210541271,Davidson,Nashville,10/17/2021 7:15:00 PM,2,0,0,36.086150,-86.729380,ELYSIAN FIELDS RD,,,,11.00,Feet,East,NOLENSVILLE PKE,,,,0.00,N,Not at Intersection,N,Non-Junction,None,,,         ,Eric,Modransky,Clear,Angle,no,no,no,no,no,False
103116912,METROPOLITAN NASHVILLE POLICE DEPT,20210541432,Davidson,Nashville,10/17/2021 10:10:00 PM,1,0,0,36.204080,-86.621950,OLD HICKORY BLVD,,,,610.00,Feet,South,HILLS LN,,,,0.00,N,Not at Intersection,N,Non-Junction,None,,,         ,Zaire,Murray,Clear,Not Collision with Motor Vehicle in Transport,no,no,no,no,yes,False
103116914,METROPOLITAN NASHVILLE POLICE DEPT,20210541230,Davidson,Nashville,10/17/2021 6:30:00 PM,2,1,0,36.141950,-86.677430,I 40,,,,0.00,,,,,,,216.00,N,Not at Intersection,N,Non-Junction,None,,,         ,Theodore,Flick,Clear,Front to Rear,no,no,no,no,no,False
103116916,METROPOLITAN NASHVILLE POLICE DEPT,20210541473,Davidson,Not in City Limit,10/17/2021 8:45:00 PM,2,0,0,36.259090,-86.787730,I 24,,,,0.00,,,,,,,41.90,N,Not at Intersection,N,Non-Junction,None,,,         ,Jonathon,Sheppard,Clear,Front to Rear,no,no,no,no,yes,False
103116918,METROPOLITAN NASHVILLE POLICE DEPT,20210541042,Davidson,Nashville,10/17/2021 1:30:00 PM,2,0,0,36.133390,-86.891450,OLD CHARLOTTE PKE,,,,0.00,,,CHARLOTTE PKE,,,,0.00,Y,T-Intersection, ,Intersection,None,,,         ,Maria,Reynolds,Clear,Angle,no,no,no,no,no,False
103116920,METROPOLITAN NASHVILLE POLICE DEPT,20210541480,Davidson,Nashville,10/17/2021 10:14:00 PM,2,0,0,36.164240,-86.819900,28TH AVN,,,,0.00,Feet,,ALBION ST,,,,0.00,Y,Four-Way,Y,Intersection,None,,,         ,Burton,Beeson,Clear,Angle,no,no,no,no,no,False
103116930,METROPOLITAN NASHVILLE POLICE DEPT,20210541534,Davidson,Nashville,10/17/2021 10:30:00 PM,2,6,0,36.148970,-86.703360,APPLETON DR,,,,4.00,Feet,West,ELM HILL PKE,,,,0.00,N,Not at Intersection,N,Non-Junction,None,,,         ,Bryson,Wilkins,Clear,Angle,no,no,no,no,no,False
103116937,METROPOLITAN NASHVILLE POLICE DEPT,20210541670,Davidson,Nashville,10/18/2021 1:10:00 AM,1,0,0,36.144930,-86.812560,WEST END AV,,,,74.00,Feet,West,28TH AVN,,,,0.00,N,Not at Intersection,N,Non-Junction,None,,,         ,Jeremy,Crisp,Clear,Not Collision with Motor Vehicle in Transport,no,no,no,no,no,Campus
103116943,METROPOLITAN NASHVILLE POLICE DEPT,20210540451,Davidson,Nashville,10/17/2021 3:20:00 AM,1,2,0,36.084190,-86.920600,OLD HICKORY BLVD,,,,371.00,Feet,South,AMBERWOOD CIR,,,,0.00,N,Not at Intersection,N,Non-Junction,None,,,         ,Cameron,Schmid,Clear,Not Collision with Motor Vehicle in Transport,no,no,no,no,no,False
103116945,METROPOLITAN NASHVILLE POLICE DEPT,20210541706,Davidson,Nashville,10/18/2021 1:52:00 AM,2,0,0,36.158510,-86.793810,15TH AVN,,,,64.00,Feet,South,HYNES ST,,,,0.00,N,Not at Intersection, ,Non-Junction,None,,,         ,Henry,Perez,Clear,Front to Rear,no,no,no,no,yes,False
103116958,METROPOLITAN NASHVILLE POLICE DEPT,20210541802,Davidson,Nashville,10/17/2021 7:25:00 PM,2,0,0,36.066410,-86.630180,MURFREESBORO PKE,,,,321.00,Feet,North,HAMILTON CROSSINGS,,,,0.00,N,Not at Intersection,N,Non-Junction,None,,,         ,Samuel,Fredericks,Clear,Front to Rear,no,no,no,no,yes,False
103116960,METROPOLITAN NASHVILLE POLICE DEPT,20210541715,Davidson,Nashville,10/18/2021 12:45:00 AM,3,0,0,36.060470,-86.684180,BARELLA DR,,,,273.00,Feet,North,DANLEY CT,,,,0.00,N,Not at Intersection,N,Non-Junction,None,,,         ,Dillon,Gann,Clear,HeadOn,no,no,no,no,no,False
103116968,METROPOLITAN NASHVILLE POLICE DEPT,20210541686,Davidson,Nashville,10/18/2021 1:37:00 AM,1,0,0,36.194310,-86.618510,OLD HICKORY BLVD,,,,82.00,Feet,West,HERMITAGE MARKETPLACE PVTDR,,,,0.00,N,Not at Intersection,N,Non-Junction,None,,,         ,Ryan,Malone,Clear,Not Collision with Motor Vehicle in Transport,no,no,no,no,no,False
103116975,METROPOLITAN NASHVILLE POLICE DEPT,20210541687,Davidson,Nashville,10/18/2021 1:00:00 AM,2,0,0,36.084160,-86.705890,LINBAR DR,,,,0.00,Feet,,HARDING PL,,,,0.00,Y,Four-Way,N,Intersection,None,,,         ,Leonard,Cato,Clear,Angle,no,no,no,no,yes,False
103116998,METROPOLITAN NASHVILLE POLICE DEPT,20210541593,Davidson,Nashville,10/18/2021 12:00:00 AM,3,1,0,36.133810,-86.895830,I 40,,,,0.00,,,,,,,201.35,N,Not at Intersection,N,Non-Junction,None,,,         ,Lynsey,Fish,Clear,"Sideswipe, Same Direction",no,no,no,no,yes,False
103117018,METROPOLITAN NASHVILLE POLICE DEPT,20210541874,Davidson,Not in City Limit,10/18/2021 5:27:00 AM,1,0,0,36.279640,-86.779620,OLD HICKORY BLVD,,,,0.00,,,,,,,0.00,,,N,Non-Junction,None,,,         ,Patrick,McGinnis,Clear,Not Collision with Motor Vehicle in Transport,no,no,no,no,yes,False
103117028,METROPOLITAN NASHVILLE POLICE DEPT,20210541905,Davidson,Nashville,10/18/2021 5:40:00 AM,1,0,0,36.231020,-86.833090,CLARKSVILLE PKE,,,,172.00,Feet,North,CLARKSVILLE PKE SB EXT RAMP,,,,0.00,N,Not at Intersection,N,Non-Junction,None,,,         ,Thomas,Clingan,Clear,Not Collision with Motor Vehicle in Transport,no,no,no,no,no,False
103117052,METROPOLITAN NASHVILLE POLICE DEPT,20210541977,Davidson,Nashville,10/18/2021 7:20:00 AM,1,0,0,36.250930,-86.784650,I 24,,,,0.00,,,,,,,42.50,N,Not at Intersection,N,Non-Junction,None,,,         ,William,Coy,Clear,Not Collision with Motor Vehicle in Transport,no,no,no,no,no,False
103117057,METROPOLITAN NASHVILLE POLICE DEPT,20210541968,Davidson,Nashville,10/18/2021 7:12:00 AM,2,0,0,36.139450,-86.820050,MURPHY RD,,,,38.00,Feet,West,PARK DR,,,,0.00,N,Not at Intersection, ,Non-Junction,None,,,         ,Earl,Davis,Clear,Angle,no,no,no,no,no,False
103117060,METROPOLITAN NASHVILLE POLICE DEPT,20210541894,Davidson,Not in City Limit,10/18/2021 5:50:00 AM,2,0,0,36.337630,-86.914050,I 24,,,,0.00,,,,,,,32.25,N,Not at Intersection,N,Non-Junction,None,,,         ,Emelie,Skye,Clear,Not Collision with Motor Vehicle in Transport,no,no,no,no,no,False
103117072,METROPOLITAN NASHVILLE POLICE DEPT,20210541923,Davidson,Nashville,10/18/2021 6:40:00 AM,1,0,0,36.161200,-86.792680,CHARLOTTE AV,,,,0.00,,,GEORGE L DAVIS BLVD,,,,0.00,Y,OTHER,N,Intersection,None,,,         ,Erik,Wagner,Clear,Not Collision with Motor Vehicle in Transport,no,no,no,no,no,False
103117074,METROPOLITAN NASHVILLE POLICE DEPT,20210541917,Davidson,Nashville,10/18/2021 6:35:00 AM,1,0,0,36.125730,-86.727620,I440 W ENT RAMP,,,,0.00,,East,I 440,,,,0.00,N,Not at Intersection,N,Entrance/Exit Ramp Related,None,,,         ,Todd,Watson,Clear,Not Collision with Motor Vehicle in Transport,no,no,no,no,no,False
103117090,METROPOLITAN NASHVILLE POLICE DEPT,20210542066,Davidson,Nashville,10/18/2021 8:19:00 AM,2,1,0,36.151250,-86.794320,DIVISION ST,,,,0.00,,,18TH AVS,,,,0.00,Y,T-Intersection,N,Intersection,None,,,         ,Earl,Davis,Clear,Angle,no,no,no,no,no,False
103117093,METROPOLITAN NASHVILLE POLICE DEPT,20210541986,Davidson,Nashville,10/18/2021 7:00:00 AM,2,0,0,36.208870,-86.683420,MCGAVOCK PIKE,,,,0.00,Feet,,WESTERN HILLS DR,,,,0.00,Y,T-Intersection,N,Intersection,None,,,         ,William,Sutherland,Fog,Angle,no,no,no,no,yes,False
103117107,METROPOLITAN NASHVILLE POLICE DEPT,20210542129,Davidson,Nashville,10/18/2021 8:29:00 AM,1,0,0,36.129040,-86.787510,LAWRENCE AV,,,,0.00,,,11TH AVS,,,,0.00,Y,Four-Way, ,Intersection,None,,,         ,Earl,Davis,Clear,Not Collision with Motor Vehicle in Transport,no,no,no,no,no,False
103117115,METROPOLITAN NASHVILLE POLICE DEPT,20210542085,Davidson,Nashville,10/18/2021 8:32:00 AM,2,1,0,36.039780,-86.768400,CLOVERLAND DR,,,,180.00,Feet,South,SEVEN SPRINGS WAY,,,,0.00,N,Not at Intersection,N,Non-Junction,None,,,         ,Seth,Wilson,Clear,Front to Rear,no,no,no,no,no,False
103117117,METROPOLITAN NASHVILLE POLICE DEPT,20210542000,Davidson,Nashville,10/18/2021 7:40:00 AM,2,2,0,36.142800,-86.744360,MURFREESBORO PKE,,,,0.00,Feet,,FESSLERS LN,,,,0.00,Y,Four-Way,N,Intersection,None,,,         ,Charles,Wakefield,Clear,Angle,no,no,no,no,no,False
103117123,METROPOLITAN NASHVILLE POLICE DEPT,20210542135,Davidson,Nashville,10/18/2021 9:00:00 AM,2,0,0,36.154830,-86.763340,HERMITAGE AV,,,,0.00,,,ANTHES DR,,,,0.00,Y,Four-Way, ,Intersection,None,,,         ,Wesley,Young,Clear,"Sideswipe, Same Direction",no,no,no,no,no,False
103117128,METROPOLITAN NASHVILLE POLICE DEPT,20210542132,Davidson,Nashville,10/18/2021 8:59:00 AM,2,0,0,36.172590,-86.762800,S 6TH ST,,,,0.00,Feet,East,WOODLAND ST,,,,0.00,N,Not at Intersection,N,Non-Junction,None,,,         ,Christian,Landrum,Clear,Angle,no,no,no,no,no,False
103117129,METROPOLITAN NASHVILLE POLICE DEPT,20210542204,Davidson,Nashville,10/18/2021 9:56:00 AM,2,1,0,36.082100,-86.761700,HARDING PL,,,,0.00,,,SIDCO DR,,,,0.00,Y,Four-Way,N,Intersection-Related,None,,,         ,Earl,Davis,Clear,Front to Rear,no,no,no,no,no,False
103117134,METROPOLITAN NASHVILLE POLICE DEPT,20210542110,Davidson,Nashville,10/18/2021 8:41:00 AM,3,0,0,36.162520,-86.761340,I 24,,,,0.00,,,,,,,49.30,N,Not at Intersection,N,Non-Junction,None,,,         ,Jerrod,Kalinsky,Clear,Front to Rear,no,no,no,no,no,False
103117148,METROPOLITAN NASHVILLE POLICE DEPT,20210542074,Davidson,Nashville,10/18/2021 8:25:00 AM,2,0,0,36.174280,-86.787420,5TH AVN,,,,0.00,,,JEFFERSON ST,,,,0.00,Y,Four-Way, ,,None,,,         ,Michael,Douglas,,,no,no,no,no,no,False
103117164,METROPOLITAN NASHVILLE POLICE DEPT,20210542236,Davidson,Nashville,10/18/2021 10:10:00 AM,2,0,0,36.191560,-86.786880,I 65,,,,0.00,,,,,,,85.90,N,Not at Intersection,N,Non-Junction,None,,,         ,Gregory,Scott,Clear,"Sideswipe, Same Direction",no,no,no,no,yes,False
103117172,METROPOLITAN NASHVILLE POLICE DEPT,2021054192,Davidson,Antioch,10/18/2021 6:30:00 AM,2,0,0,36.042850,-86.606540,US HWY 41,,,,0.00,,,STATE HWY 171,,,,0.00,Y,Four-Way,N,Intersection-Related,None,,,         ,Holly,Davis,Clear,"Sideswipe, Same Direction",no,no,no,no,yes,False
103117183,METROPOLITAN NASHVILLE POLICE DEPT,20210542252,Davidson,Nashville,10/18/2021 10:28:00 AM,2,0,0,36.156870,-86.780840,8TH AVS,,,,0.00,,,DEMONBREUN ST,,,,0.00,Y,Four-Way, ,,Construction Zone,,,         ,Joshua,Reece,,,no,no,no,no,no,False
103117184,METROPOLITAN NASHVILLE POLICE DEPT,20210542172,Davidson,Nashville,10/18/2021 9:05:00 AM,2,0,0,36.174900,-86.771370,I 24,,,,0.00,,,,,,,48.05,N,Not at Intersection, ,,None,,,         ,Michael,Douglas,,,no,no,no,no,no,False
103117195,METROPOLITAN NASHVILLE POLICE DEPT,20210542285,Davidson,Nashville,10/18/2021 10:40:00 AM,3,0,0,36.070810,-86.635010,MURFREESBORO PKE,,,,519.00,Feet,South,BELL RD,,,,0.00,N,Not at Intersection,N,Non-Junction,None,,,         ,Zacarias,Brito Jr.,Clear,Angle,no,no,no,no,no,False
103117202,METROPOLITAN NASHVILLE POLICE DEPT,20210542273,Davidson,Nashville,10/18/2021 9:35:00 AM,2,0,0,36.027860,-86.635390,I 24,,,,0.00,,,,,,,61.20,N,Not at Intersection,N,Non-Junction,None,,,         ,Nicholas,Carter,Clear,Front to Rear,no,no,no,no,no,False
103117231,METROPOLITAN NASHVILLE POLICE DEPT,20210542352,Davidson,Nashville,10/18/2021 11:20:00 AM,2,0,0,36.174440,-86.770990,I 24,,,,0.00,,,,,,,48.10,N,Not at Intersection, ,Non-Junction,None,,,         ,Jaren,Breece,Clear,"Sideswipe, Same Direction",no,no,no,no,no,False
103117234,METROPOLITAN NASHVILLE POLICE DEPT,20210541911,Davidson,Nashville,10/18/2021 6:20:00 AM,1,0,0,36.169580,-86.671860,LEBANON PKE,,,,50.00,Feet,West,BLUEFIELD AV,,,,0.00,N,Not at Intersection, ,Non-Junction,None,,,         ,Donald,Davidson,Fog,Not Collision with Motor Vehicle in Transport,no,no,no,no,no,False