master_record_number,agency,agency_tracking_number,county,city,collision_date,vehicles_involved,number_injured,number_dead,latitude,longitude,roadway_name,roadway_suffix,roadway_number,roadway_local_id,distance_from_reference,miles-feet_indicator,direction_from_reference,intersection_road_name,intersection_road_name_suffix,intersection_road_number,intersection_local_id,mile_marker,intersection_indicator,intersect_type,interchange_related_indicator,relation_to_junction,work_zone_type,construction_maintenance_zone,construction_maintenance_zone_location,fatal_case_number,officer_first_name,officer_last_name,weather_condition(s),manner_of_crash,pedestrian,bicycle,scooter,parking,hitrun,mou
103119392,METROPOLITAN NASHVILLE POLICE DEPT,20210546894,Davidson,Nashville,10/20/2021 11:30:00 PM,2,0,0,36.148810,-86.666280,ELM HILL PKE,,,,0.00,,,DONELSON PKE,,,,0.00,Y,Four-Way,N,Intersection,None,,,         ,Michael,Fox,,Angle,no,no,no,no,no,False
103119393,METROPOLITAN NASHVILLE POLICE DEPT,20210546813,Davidson,Not in City Limit,10/20/2021 12:00:00 AM,1,0,0,36.106280,-86.929310,I 40,,,,0.00,,,,,,,198.80,N,Not at Intersection,N,Non-Junction,None,,,         ,Theodore,Meskers,Clear,Not Collision with Motor Vehicle in Transport,no,no,no,no,no,False
103119401,METROPOLITAN NASHVILLE POLICE DEPT,20210546946,Davidson,Nashville,10/20/2021 7:28:00 PM,2,0,0,36.202860,-86.785960,HAYNES ST,,,,74.00,Feet,North,GLADE ST,,,,0.00,N,Not at Intersection,N,Non-Junction,None,,,         ,Alquavious,McDaniel,Clear,Front to Rear,no,no,no,no,yes,False
103119411,METROPOLITAN NASHVILLE POLICE DEPT,20210546949,Davidson,Nashville,10/21/2021 12:33:00 AM,3,2,0,36.175690,-86.771730,I 24,,,,0.00,,,,,,,48.00,N,Not at Intersection,N,Non-Junction,None,,,         ,Matthew,Jankiewicz,Clear,Front to Rear,no,no,no,no,yes,False
103119432,METROPOLITAN NASHVILLE POLICE DEPT,20210547083,Davidson,Nashville,10/21/2021 2:46:00 AM,1,0,0,36.201150,-86.621100,OLD HICKORY BLVD,,,,223.00,Feet,North,PLANTATION DR,,,,0.00,N,Not at Intersection,N,Non-Junction,None,,,         ,Andrew,Richey,,Not Collision with Motor Vehicle in Transport,no,no,no,no,no,False
103119437,GOODLETTSVILLE POLICE DEPT,21-29566,Davidson,Goodlettsville,10/20/2021 10:58:00 PM,1,0,0,36.326230,-86.700580,LONG HOLLOW PKE,,,,0.00,,,NORTHCREEK BLVD,,,,0.00,Y,T-Intersection,N,"Driveway, Alley Access, etc",None,,,         ,Shane,Farrell,Clear,Not Collision with Motor Vehicle in Transport,no,no,no,yes,yes,False
103119444,METROPOLITAN NASHVILLE POLICE DEPT,20210547136,Davidson,Nashville,10/21/2021 3:48:00 AM,1,1,0,36.245260,-86.745550,I65 N ENT RAMP,,,,0.00,Feet,East,I 65,,,,0.00,N,Not at Intersection,N,Entrance/Exit Ramp Related,None,,,         ,Coleman,McKellar,Clear,Not Collision with Motor Vehicle in Transport,no,no,no,no,no,False
103119445,METROPOLITAN NASHVILLE POLICE DEPT,20210547145,Davidson,Nashville,10/21/2021 3:58:00 AM,4,1,0,36.086330,-86.700170,I 24,,,,0.00,,,,,,,55.70,N,Not at Intersection,N,Non-Junction,None,,,         ,Alex,DiBernardo,Clear,Front to Rear,no,no,no,no,no,False
103119455,METROPOLITAN NASHVILLE POLICE DEPT,20210547090,Davidson,Nashville,10/21/2021 2:44:00 AM,3,0,0,36.177740,-86.801580,ARTHUR AV,,,,184.00,Feet,West,I40 E ENT RAMP,,,,0.00,N,Not at Intersection,N,Non-Junction,None,,,         ,Ivan,Vega,Cloudy,HeadOn,no,no,no,no,yes,False
103119461,BELLE MEADE POLICE DEPT,210220,Davidson,Belle Meade,10/20/2021 4:30:00 PM,2,0,0,36.122310,-86.851320,LYNNWOOD BLVD,,,,0.00,,,HARDING PKE,,,,0.00,Y,Four-Way, ,Intersection-Related,None,,,         ,Michael,Germany,Clear,"Sideswipe, Same Direction",no,no,no,no,no,False
103119473,VANDERBILT UNIVERSITY POLICE,20210547072,Davidson,Nashville,10/21/2021 2:30:00 AM,1,2,0,36.144640,-86.806290,25TH AVS,,,,0.00,,,,,,,0.00,,,N,Non-Junction,None,,,         ,Martin,Hill,Clear,Not Collision with Motor Vehicle in Transport,no,no,no,no,no,Campus
103119517,METROPOLITAN NASHVILLE POLICE DEPT,20210547290,Davidson,Nashville,10/21/2021 6:33:00 AM,2,0,0,36.236500,-86.758090,DICKERSON PKE,,,,0.00,,,I65 N ENT RAMP,,,,0.00,Y,T-Intersection, ,,None,,,         ,Matthew,Cammarn,,,no,no,no,no,no,False
103119527,METROPOLITAN NASHVILLE POLICE DEPT,20210547256,Davidson,Nashville,10/21/2021 12:00:00 AM,2,1,0,36.130290,-86.899940,CHARLOTTE PKE,,,,0.00,Feet,,I40 W EXT RAMP,,,,0.00,Y,Four-Way,N,Intersection,None,,,         ,Theodore,Meskers,Clear,"Sideswipe, Same Direction",no,no,no,no,no,False
103119529,METROPOLITAN NASHVILLE POLICE DEPT,20210547296,Davidson,Nashville,10/21/2021 6:08:00 AM,2,0,0,36.065560,-86.680110,ANTIOCH PKE,,,,0.00,Feet,East,REEVES RD,,,,0.00,N,Not at Intersection,N,Non-Junction,None,,,         ,Justin,Wells,Clear,Front to Rear,no,no,no,no,yes,False
103119556,METROPOLITAN NASHVILLE POLICE DEPT,20210547322,Davidson,Nashville,10/21/2021 6:50:00 AM,2,3,0,36.050860,-86.668280,I 24,,,,0.00,,,,,,,58.75,N,Not at Intersection,N,Non-Junction,None,,,         ,Stanley,Collins,Clear,Front to Rear,no,no,no,no,no,False
103119581,METROPOLITAN NASHVILLE POLICE DEPT,20210547420,Davidson,Madison,10/21/2021 8:20:00 AM,2,1,0,36.264760,-86.737710,I65 S EXT RAMP,,,,167.00,Feet,East,OLD HICKORY BLVDW,,,,0.00,N,Not at Intersection,Y,Entrance/Exit Ramp Related,None,,,         ,Justan,Vance,Clear,Front to Rear,no,no,no,no,no,False
103119592,METROPOLITAN NASHVILLE POLICE DEPT,20210547374,Davidson,Nashville,10/21/2021 7:40:00 AM,4,0,0,36.123590,-86.810490,I440 E EXT RAMP,,,,0.00,Feet,East,I 440,,,,0.00,N,Not at Intersection,N,Non-Junction,None,,,         ,Wesley,Tilley,Clear,Front to Rear,no,no,no,no,yes,False
103119598,METROPOLITAN NASHVILLE POLICE DEPT,20210547334,Davidson,Nashville,10/21/2021 7:10:00 AM,2,0,0,36.058830,-86.670450,MT VIEW RD,,,,0.00,,,HICKORY HOLLOW PKWY,,,,0.00,Y,Y-Intersection,N,Intersection,None,,,         ,Mena,Mahros,Clear,Front to Rear,no,no,no,no,no,False
103119607,METROPOLITAN NASHVILLE POLICE DEPT,20210547514,Davidson,Nashville,10/21/2021 8:52:00 AM,2,0,0,36.134540,-86.726910,I24E,,,,702.00,Feet,South,I24 E ENT RAMP,,,,0.00,N,Not at Intersection, ,Non-Junction,None,,,         ,Joe,Hooper,Cloudy,"Sideswipe, Same Direction",no,no,no,no,no,False
103119610,Nashville Airport Police,2021-04061,Davidson,Nashville,10/20/2021 12:00:00 AM,1,0,0,36.138590,-86.672050,I40 E EXT RAMP,,,,0.00,,,I 40,,,,0.00,Y,OTHER, ,Non-Junction,None,,,         ,William,Green,Clear,Not Collision with Motor Vehicle in Transport,no,no,no,yes,no,False
103119618,METROPOLITAN NASHVILLE POLICE DEPT,20210547526,Davidson,Nashville,10/21/2021 9:23:00 AM,2,0,0,36.085030,-86.703110,HARDING PL,,,,100.00,Feet,East,TRAVELERS INN DR,,,,0.00,N,Not at Intersection,N,Non-Junction,None,,,         ,Justin,Wells,Clear,Front to Rear,no,no,no,no,yes,False
103119621,METROPOLITAN NASHVILLE POLICE DEPT,20210543786,Davidson,Nashville,10/19/2021 7:44:00 AM,2,1,0,36.086570,-86.771490,HARDING PL,,,,141.00,Feet,East,FRANKLIN PKE,,,,0.00,N,Not at Intersection,N,Non-Junction,None,,,         ,Sean,Williams,Clear,HeadOn,no,no,no,no,no,False
103119631,METROPOLITAN NASHVILLE POLICE DEPT,20210547391,Davidson,Nashville,10/21/2021 7:51:00 AM,2,1,0,36.078330,-86.961580,COLEY DAVIS RD,,,,1173.00,Feet,East,HARPETH RIV HYSA GRNWY,,,,0.00,N,Not at Intersection,N,Non-Junction,None,,,         ,Seth,Wilson,Clear,Front to Rear,yes,no,no,no,no,False
103119641,METROPOLITAN NASHVILLE POLICE DEPT,20210547580,Davidson,Nashville,10/21/2021 9:34:00 AM,3,0,0,36.041880,-86.824710,OLD HICKORY BLVD,,,,32.00,Feet,East,RIVER OAKS RD,,,,0.00,N,Not at Intersection, ,Non-Junction,None,,,         ,Seth,Wilson,Cloudy,Front to Rear,no,no,no,no,no,False
103119647,METROPOLITAN NASHVILLE POLICE DEPT,20210547485,Davidson,Nashville,10/21/2021 8:25:00 AM,2,0,0,36.169630,-86.821280,SCHRADER LN,,,,0.00,,,ED TEMPLE BLVD,,,,0.00,Y,Four-Way,Y,Intersection,None,,,         ,Garren,Hoskins,Cloudy,Angle,no,no,no,no,yes,False
103119655,METROPOLITAN NASHVILLE POLICE DEPT,20210547669,Davidson,Nashville,10/21/2021 10:51:00 AM,2,0,0,36.147520,-86.744080,I 40,,,,0.00,,,,,,,212.00,N,Not at Intersection, ,Non-Junction,None,,,         ,Eric,Cunningham,Cloudy,Front to Rear,no,no,no,no,no,False
103119670,METROPOLITAN NASHVILLE POLICE DEPT,20210547698,Davidson,Nashville,10/21/2021 11:23:00 AM,2,0,0,36.133900,-86.727100,I 24,,,,0.00,,,,,,,52.00,N,Not at Intersection,N,Non-Junction,None,,,         ,Joe,Hooper,Cloudy,Front to Rear,no,no,no,no,no,False
103119693,METROPOLITAN NASHVILLE POLICE DEPT,20210547756,Davidson,Not in City Limit,10/21/2021 10:34:00 AM,2,0,0,36.292280,-86.810500,I 24,,,,0.00,,,,,,,39.25,N,Not at Intersection,N,Non-Junction,None,,,         ,Ronald,Bright,Cloudy,Front to Rear,no,no,no,no,no,False
103119698,METROPOLITAN NASHVILLE POLICE DEPT,20210547723,Davidson,Nashville,10/21/2021 11:50:00 AM,2,1,0,36.179130,-86.644420,LEBANON PKE,,,,330.00,Feet,South,DANYACREST DR,,,,0.00,N,Not at Intersection,N,Non-Junction,None,,,         ,Aimee,Ortiz,Cloudy,Front to Rear,no,no,no,no,no,False
103119700,METROPOLITAN NASHVILLE POLICE DEPT,2021-0547359,Davidson,Nashville,10/21/2021 7:35:00 AM,2,1,0,36.192970,-86.687380,BRILEY PKWYS,,,,191.00,Feet,North,BRILEY PKWYN,,,,0.00,N,Not at Intersection,N,Non-Junction,None,,,         ,Zachary,Wilbanks,Cloudy,Angle,no,no,no,no,no,False
103119701,METROPOLITAN NASHVILLE POLICE DEPT,20210547639,Davidson,Old Hickory,10/21/2021 12:00:00 AM,1,1,0,36.266410,-86.656120,OLD HICKORY BLVD,,,,100.00,Feet,South,INDUSTRIAL,DR,US,,0.00,,Not at Intersection,N,Non-Junction,None,,,         ,Michael,Brooks,Cloudy,Not Collision with Motor Vehicle in Transport,no,no,no,no,no,False
103119715,METROPOLITAN NASHVILLE POLICE DEPT,20210547595,Davidson,Nashville,10/21/2021 8:00:00 AM,2,0,0,36.147340,-86.818520,PARTHENON AV,,,,124.00,Feet,West,AVOCA ST,,,,0.00,N,Not at Intersection,N,Non-Junction,None,,,         ,Sullivan,Souksanh,Cloudy,"Sideswipe, Same Direction",no,no,no,no,yes,False
103119716,METROPOLITAN NASHVILLE POLICE DEPT,20210547462,Davidson,Not in City Limit,10/21/2021 8:42:00 AM,2,0,0,36.075470,-86.940400,HIGHWAY 70S,,,,0.00,,,BELLEVUE RD,,,,0.00,Y,T-Intersection,N,Intersection,None,,,         ,laina,herod,Cloudy,Angle,no,no,no,no,no,False
103119718,METROPOLITAN NASHVILLE POLICE DEPT,20210547710,Davidson,Nashville,10/21/2021 11:18:00 AM,2,0,0,36.042810,-86.744100,EDMONDSON PKE,,,,198.00,Feet,North,BRENTWOOD SQ,,,,0.00,N,Not at Intersection,N,Non-Junction,None,,,         ,Mason,Tyler,Clear,"Sideswipe, Same Direction",no,no,no,no,no,False
103119719,METROPOLITAN NASHVILLE POLICE DEPT,20210547733,Davidson,Nashville,10/21/2021 11:50:00 AM,3,0,0,36.161170,-86.792740,CHARLOTTE AV,,,,40.00,Feet,West,GEORGE L DAVIS BLVD,,,,0.00,N,Not at Intersection,N,Non-Junction,None,,,         ,Joshua,Reece,Cloudy,Front to Rear,no,no,no,no,yes,False
103119748,METROPOLITAN NASHVILLE POLICE DEPT,20210547451,Davidson,Nashville,10/21/2021 8:32:00 AM,3,3,0,36.096600,-86.651260,SMITH SPRINGS RD,,,,609.00,Feet,East,REYNOLDS RD,,,,0.00,N,Not at Intersection,N,Non-Junction,None,,,         ,Patrick,Deau,Cloudy,Front to Rear,no,no,no,no,no,False
103119749,METROPOLITAN NASHVILLE POLICE DEPT,20210547679,Davidson,Not in City Limit,10/21/2021 11:00:00 AM,2,3,0,36.048400,-86.940070,TRACE CREEK DR,,,,24.00,Feet,South,HIGHWAY 100,,,,0.00,N,Not at Intersection,N,Non-Junction,None,,,         ,Wesley,Tilley,Clear,HeadOn,no,no,no,no,no,False
103119754,METROPOLITAN NASHVILLE POLICE DEPT,20210547858,Davidson,Nashville,10/21/2021 1:13:00 PM,1,1,0,36.232600,-86.825480,BRILEY PKWYW,,,,72.00,Feet,West,BRILEY PKWYE,,,,0.00,N,Not at Intersection,N,Non-Junction,None,,,         ,James,Wray,"Cloudy, Rain",Not Collision with Motor Vehicle in Transport,no,no,no,no,no,False
103119756,METROPOLITAN NASHVILLE POLICE DEPT,20210547431,Davidson,Not in City Limit,10/21/2021 7:35:00 AM,1,0,0,35.991420,-86.660140,BURKITT RD,,,,843.00,Feet,East,GLORYLAND LN,,,,0.00,N,Not at Intersection,N,Non-Junction,None,,,         ,Zacarias,Brito Jr.,Clear,Not Collision with Motor Vehicle in Transport,no,no,no,no,yes,False
103119759,METROPOLITAN NASHVILLE POLICE DEPT,20210547873,Davidson,Nashville,10/21/2021 1:20:00 PM,1,0,0,36.239370,-86.776570,BRILEY PKWYW,,,,323.00,Feet,North,DOVERSIDE DR,,,,0.00,N,Not at Intersection,N,Non-Junction,None,,,         ,Justan,Vance,Clear,Not Collision with Motor Vehicle in Transport,no,no,no,no,no,False
103119768,METROPOLITAN NASHVILLE POLICE DEPT,20210547811,Davidson,Nashville,10/21/2021 12:29:00 PM,1,1,0,36.144610,-86.778920,8TH AVS,,,,162.00,Feet,South,ARCHER ST,,,,0.00,N,Not at Intersection,N,Non-Junction,None,,,         ,Cecelia,Brown,Clear,Not Collision with Motor Vehicle in Transport,no,no,no,no,no,False
103119770,METROPOLITAN NASHVILLE POLICE DEPT,20210547843,Davidson,Nashville,10/21/2021 11:12:00 AM,2,0,0,36.205260,-86.776610,I 65,,,,0.00,,,,,,,87.20,N,Not at Intersection, ,Entrance/Exit Ramp Related,None,,,         ,Ronald,Bright,Cloudy,Angle,no,no,no,no,no,False
103119771,METROPOLITAN NASHVILLE POLICE DEPT,20210547721,Davidson,Nashville,10/21/2021 11:43:00 AM,2,1,0,36.105290,-86.772770,FRANKLIN PKE,,,,62.00,Feet,South,CALDWELL LN,,,,0.00,N,Not at Intersection,N,Non-Junction,None,,,         ,Seth,Wilson,Clear,Front to Rear,no,no,no,no,no,False
103119814,VANDERBILT UNIVERSITY POLICE,20210547894,Davidson,Nashville,10/21/2021 12:30:00 PM,2,0,0,36.147250,-86.797550,GRAND AV,,,,139.00,Feet,West,19TH AVS,,,,0.00,N,Not at Intersection, ,Non-Junction,None,,,         ,Brent,Clark,Clear,"Sideswipe, Same Direction",no,no,no,yes,yes,Campus
103119854,METROPOLITAN NASHVILLE POLICE DEPT,20210547800,Davidson,Nashville,10/21/2021 12:35:00 PM,2,3,0,36.248600,-86.728630,DUE WEST AVW,,,,0.00,,,SAUNDERS AV,,,,0.00,Y,Four-Way,N,Intersection,None,,,         ,Aaron,Jumonville,Clear,Front to Rear,no,no,no,no,no,False
103119862,METROPOLITAN NASHVILLE POLICE DEPT,20210547993,Davidson,Nashville,10/21/2021 2:43:00 PM,2,0,0,36.045280,-86.628400,ASHEFORD TRC,,,,0.00,,,MT VIEW RD,,,,0.00,Y,T-Intersection,N,Intersection,None,,,         ,Joseph,Hurst,Rain,Front to Rear,no,no,no,no,yes,False
103119864,METROPOLITAN NASHVILLE POLICE DEPT,20210547997,Davidson,Nashville,10/21/2021 3:04:00 PM,2,0,0,36.152990,-86.765020,I 40,,,,0.00,,,,,,,210.65,N,Not at Intersection,N,Non-Junction,None,,,         ,Randy,Puckett,Clear,Angle,no,no,no,no,yes,False
103119878,METROPOLITAN NASHVILLE POLICE DEPT,20210548022,Davidson,Nashville,10/21/2021 12:00:00 AM,2,0,0,36.158660,-86.760450,I 24,,,,0.00,,,,,,,49.70,N,Not at Intersection,N,Non-Junction,None,,,         ,Kency,Le,Clear,Front to Rear,no,no,no,no,yes,False
103119890,METROPOLITAN NASHVILLE POLICE DEPT,20210547872,Davidson,Nashville,10/21/2021 1:20:00 PM,2,1,0,36.236940,-86.791580,BRILEY PKWYE,,,,314.00,Feet,West,BRILEY PKWYW,,,,0.00,N,Not at Intersection,N,Non-Junction,None,,,         ,Cameron,Van Der Merwe,Cloudy,Not Collision with Motor Vehicle in Transport,no,no,no,no,no,False
103119899,METROPOLITAN NASHVILLE POLICE DEPT,20210547971,Davidson,Nashville,10/21/2021 12:00:00 AM,2,0,0,36.208240,-86.767400,DICKERSON PKE,,,,0.00,,,GRIZZARD AV,,,,0.00,Y,T-Intersection, ,Intersection,None,,,         ,Derek,Garcia,Clear,"Sideswipe, Opposite Direction",no,no,no,no,no,False
103119902,METROPOLITAN NASHVILLE POLICE DEPT,20210548015,Davidson,Nashville,10/21/2021 3:05:00 PM,2,0,0,36.105150,-86.767310,I 65,,,,0.00,,,,,,,79.45,N,Not at Intersection,N,Non-Junction,None,,,         ,Dylan,Chambers,Clear,Angle,no,no,no,no,no,False
103119945,METROPOLITAN NASHVILLE POLICE DEPT,20210548028,Davidson,Not in City Limit,10/21/2021 12:00:00 AM,2,1,0,36.260180,-86.712930,GALLATIN PKES,,,,69.00,Feet,South,HICKORY ST,,,,0.00,N,Not at Intersection,N,Non-Junction,None,,,         ,Wallace,Seay III,Clear,Angle,no,no,no,no,no,False
103119947,METROPOLITAN NASHVILLE POLICE DEPT,20210546426,Davidson,Nashville,10/20/2021 6:00:00 PM,2,0,0,36.186610,-86.804070,CASS ST,,,,0.00,,,DOMINICAN DR,,,,0.00,Y,Four-Way, ,,None,,,         ,Anna,Clayton,,,no,no,no,no,no,False
103119949,METROPOLITAN NASHVILLE POLICE DEPT,20210548153,Davidson,Nashville,10/21/2021 4:40:00 PM,2,0,0,36.205300,-86.759840,E TRINITY LN,,,,0.00,Feet,East,OVERBY RD,,,,0.00,N,Not at Intersection, ,Non-Junction,None,,,         ,Ciara,Doherty,Clear,Front to Rear,no,no,no,no,no,False
103119955,METROPOLITAN NASHVILLE POLICE DEPT,2021-0548142,Davidson,Nashville,10/21/2021 4:25:00 PM,2,0,0,36.231610,-86.781810,EWING DR,,,,88.00,Feet,West,BRICK CHURCH PKE,,,,0.00,N,Not at Intersection, ,Non-Junction,None,,,         ,Kyle,Eicholtz,Clear,"Sideswipe, Same Direction",no,no,no,no,no,False
103119964,METROPOLITAN NASHVILLE POLICE DEPT,20210548104,Davidson,Nashville,10/21/2021 4:13:00 PM,2,1,0,36.162060,-86.790740,CHARLOTTE AV,,,,42.00,Feet,West,11TH AVN,,,,0.00,N,Not at Intersection,N,Non-Junction,None,,,         ,James,Hill,Clear,Front to Rear,no,no,no,no,yes,False
103119968,METROPOLITAN NASHVILLE POLICE DEPT,20210548220,Davidson,Nashville,10/21/2021 5:05:00 PM,2,0,0,36.170860,-86.770730,JAMES ROBERTSON PKWY,,,,129.00,Feet,South,MAIN ST,,,,0.00,N,Not at Intersection, ,,None,,,         ,Kency,Le,,,no,no,no,no,no,False
103119979,METROPOLITAN NASHVILLE POLICE DEPT,20210548214,Davidson,Nashville,10/21/2021 5:28:00 PM,2,1,0,36.256190,-86.714380,GALLATIN PKES,,,,3.00,Feet,North,NEELYS BEND RD,,,,0.00,N,Not at Intersection,N,Non-Junction,None,,,         ,Sean,Herman,Clear,Front to Rear,no,no,no,no,no,False
103119980,METROPOLITAN NASHVILLE POLICE DEPT,20210548165,Davidson,Nashville,10/21/2021 4:54:00 PM,2,4,0,36.150330,-86.749200,I 40,,,,0.00,,,,,,,211.65,N,Not at Intersection,N,Non-Junction,None,,,         ,John,Walden,Clear,Front to Rear,no,no,no,no,no,False
103119982,METROPOLITAN NASHVILLE POLICE DEPT,20210548179,Davidson,Nashville,10/21/2021 5:04:00 PM,1,0,0,36.233730,-86.773850,RICHMOND HILL DR,,,,337.00,Feet,East,BRICKDALE LN,,,,0.00,N,Not at Intersection,N,Non-Junction,None,,,         ,Kyle,Eicholtz,Clear,Not Collision with Motor Vehicle in Transport,no,no,no,no,no,False
103120002,VANDERBILT UNIVERSITY POLICE,20210548177,Davidson,Nashville,10/21/2021 4:45:00 PM,2,0,0,36.143310,-86.802980,GARLAND AV,,,,119.00,Feet,West,STEVENSON CENTER LN,,,,0.00,N,Not at Intersection, ,Non-Junction,None,,,         ,Frank,Marsua,,Front to Rear,no,no,no,yes,no,Campus
103120004,METROPOLITAN NASHVILLE POLICE DEPT,20210548125,Davidson,Nashville,10/21/2021 12:00:00 AM,2,1,0,36.153180,-86.789250,DEMONBREUN ST,,,,286.00,Feet,West,14TH AVS,,,,0.00,N,Not at Intersection,N,Non-Junction,None,,,         ,Brian,Ritz,Clear,Front to Rear,no,no,no,no,no,False
103120006,METROPOLITAN NASHVILLE POLICE DEPT,20210548260,Davidson,Nashville,10/21/2021 5:45:00 PM,2,0,0,36.110590,-86.922460,I40 E ENT RAMP,,,,0.00,Feet,East,I 40,,,,0.00,N,Not at Intersection,N,Entrance/Exit Ramp Related,None,,,         ,Peyton,Wheatley,Clear,Front to Rear,no,no,no,no,no,False
103120008,METROPOLITAN NASHVILLE POLICE DEPT,20210548114,Davidson,Nashville,10/21/2021 4:16:00 PM,2,0,0,36.080740,-86.955750,HWY 70 S,,,,20.00,Feet,West,I 40 E EXIT RAMP,,,,0.00,N,Not at Intersection, ,Non-Junction,None,,,         ,Jeremy,Huffine,Clear,Front to Rear,no,no,no,no,no,False
103120010,METROPOLITAN NASHVILLE POLICE DEPT,20210548046,Davidson,Nashville,10/21/2021 3:23:00 PM,2,1,0,36.140120,-86.746470,FESSLERS LN,,,,211.00,Feet,North,ENOS REED DR,,,,0.00,N,Not at Intersection,N,Non-Junction,None,,,         ,Beri,Scott,Clear,Angle,no,no,no,no,no,False
103120011,METROPOLITAN NASHVILLE POLICE DEPT,20210547965,Davidson,Nashville,10/21/2021 2:38:00 PM,2,0,0,36.054360,-86.658470,MT VIEW RD,,,,25.00,Feet,West,HICKORY HOLLOW MALL PVTDR PL,,,,0.00,N,Not at Intersection,N,Non-Junction,None,,,         ,Brian,Sherman,Cloudy,"Sideswipe, Same Direction",no,no,no,no,no,False
103120013,METROPOLITAN NASHVILLE POLICE DEPT,20210548203,Davidson,Nashville,10/21/2021 5:21:00 PM,2,1,0,36.150440,-86.749420,I 40,,,,0.00,,,,,,,211.65,N,Not at Intersection,N,Non-Junction,None,,,         ,Douglas,Mann,Clear,Angle,no,no,no,no,no,False
103120024,METROPOLITAN NASHVILLE POLICE DEPT,20210548321,Davidson,Antioch,10/21/2021 6:47:00 PM,2,0,0,36.059250,-86.597030,HOBSON PKE,,,,327.00,Feet,North,HAMILTON CHURCH RD,,,,0.00,N,Not at Intersection, ,,None,,,         ,Brandon,Simpkins,,,no,no,no,no,no,False
103120025,METROPOLITAN NASHVILLE POLICE DEPT,20210548261,Davidson,Nashville,10/21/2021 6:04:00 PM,1,0,0,36.028140,-86.744000,EDMONDSON PKE,,,,470.00,Feet,South,CLOVERLAND DR,,,,0.00,N,Not at Intersection,N,Non-Junction,None,,,         ,Brady,Reynolds,Clear,Not Collision with Motor Vehicle in Transport,no,no,no,no,no,False
103120031,METROPOLITAN NASHVILLE POLICE DEPT,20210548243,Davidson,Nashville,10/21/2021 5:50:00 PM,3,1,0,36.108780,-86.679230,MURFREESBORO PKE,,,,783.00,Feet,West,DELL PKWY,,,,0.00,N,Not at Intersection,N,Non-Junction,None,,,         ,Beri,Scott,Clear,Front to Rear,no,no,no,no,yes,False
103120032,METROPOLITAN NASHVILLE POLICE DEPT,20210548307,Davidson,Nashville,10/21/2021 6:40:00 PM,3,0,0,36.122730,-86.727420,I 24,,,,0.00,,,,,,,52.70,N,Not at Intersection,N,Non-Junction,None,,,         ,Joseph,Hurst,Clear,Front to Rear,no,no,no,no,no,False
103120040,METROPOLITAN NASHVILLE POLICE DEPT,20210548287,Davidson,Not in City Limit,10/21/2021 6:20:00 PM,2,1,0,36.279430,-86.873460,CLARKSVILLE PKE,,,,0.00,,,OLD HICKORY BLVD,,,,0.00,Y,Four-Way,N,Intersection,None,,,         ,Gabriel,Centeno,Clear,HeadOn,no,no,no,no,no,False
103120048,METROPOLITAN NASHVILLE POLICE DEPT,20210548237,Davidson,Nashville,10/21/2021 12:00:00 AM,2,1,0,36.143690,-86.814200,WEST END AV,,,,0.00,,,30TH AVN,,,,0.00,Y,T-Intersection,Y,Intersection,None,,,         ,Wyatt,Blacker,Clear,Angle,no,no,no,no,no,Campus
103120052,METROPOLITAN NASHVILLE POLICE DEPT,20210548345,Davidson,Nashville,10/21/2021 7:05:00 PM,2,0,0,36.146150,-86.776960,I40 E ENT RAMP,,,,0.00,Feet,East,I 65,,,,0.00,N,Not at Intersection,N,Non-Junction,None,,,         ,Tyler,Lewis,Clear,"Sideswipe, Same Direction",no,no,no,no,yes,False
103120053,METROPOLITAN NASHVILLE POLICE DEPT,20210548318,Davidson,Nashville,10/21/2021 6:44:00 PM,2,1,0,36.046790,-86.713430,NOLENSVILLE PKE,,,,520.00,Feet,North,OLD HICKORY BLVD,,,,0.00,N,Not at Intersection,N,Non-Junction,None,,,         ,John,McDonnell,Clear,Angle,no,no,no,no,yes,False
103120054,METROPOLITAN NASHVILLE POLICE DEPT,20210548366,Davidson,Nashville,10/21/2021 5:55:00 PM,2,0,0,36.168130,-86.816810,JEFFERSON ST,,,,0.00,,,26TH AVN,,,,0.00,Y,T-Intersection,Y,Intersection,None,,,         ,Chase,Harriman,Clear,Angle,no,no,no,no,no,False
103120061,METROPOLITAN NASHVILLE POLICE DEPT,20210548294,Davidson,Not in City Limit,10/21/2021 6:27:00 PM,2,1,0,36.261240,-86.712530,GALLATIN PKES,,,,0.00,Feet,East,MAPLE ST,,,,0.00,N,Not at Intersection,N,Non-Junction,None,,,         ,Sean,Herman,Clear,Angle,no,no,no,no,no,False
103120066,METROPOLITAN NASHVILLE POLICE DEPT,20210548229,Davidson,Nashville,10/21/2021 5:37:00 PM,2,1,0,36.140870,-86.817430,WEST END AV,,,,0.00,,,ACKLEN PARK DR,,,,0.00,Y,T-Intersection,N,Intersection,None,,,         ,Brian,Ritz,Clear,HeadOn,no,no,no,no,no,False
103120082,METROPOLITAN NASHVILLE POLICE DEPT,20210548407,Davidson,Nashville,10/21/2021 7:36:00 PM,2,0,0,36.145230,-86.666750,DONELSON PKE,,,,0.00,,,SHACKLETT DR,,,,0.00,Y,T-Intersection,N,Intersection-Related,None,,,         ,Douglas,Mann,Clear,Angle,no,no,no,no,no,False