master_record_number,agency,agency_tracking_number,county,city,collision_date,vehicles_involved,number_injured,number_dead,latitude,longitude,roadway_name,roadway_suffix,roadway_number,roadway_local_id,distance_from_reference,miles-feet_indicator,direction_from_reference,intersection_road_name,intersection_road_name_suffix,intersection_road_number,intersection_local_id,mile_marker,intersection_indicator,intersect_type,interchange_related_indicator,relation_to_junction,work_zone_type,construction_maintenance_zone,construction_maintenance_zone_location,fatal_case_number,officer_first_name,officer_last_name,weather_condition(s),manner_of_crash,pedestrian,bicycle,scooter,parking,hitrun,mou
103120084,METROPOLITAN NASHVILLE POLICE DEPT,20210548428,Davidson,Nashville,10/21/2021 6:00:00 PM,2,0,0,36.184220,-86.814670,CLARKSVILLE PKE,,,,163.00,Feet,West,23RD AVN,,,,0.00,N,Not at Intersection,N,Non-Junction,None,,,         ,Daniel,Kallman,Clear,"Sideswipe, Same Direction",no,no,no,no,yes,False
103120086,METROPOLITAN NASHVILLE POLICE DEPT,20210548363,Davidson,Nashville,10/21/2021 7:02:00 PM,1,0,0,36.076760,-86.888150,HIGHWAY 100,,,,1152.00,Feet,West,HARPETH GLEN CONDOS PVTDR,,,,0.00,N,Not at Intersection,N,Non-Junction,None,,,         ,Jeremy,Huffine,Clear,Not Collision with Motor Vehicle in Transport,no,no,no,no,no,False
103120096,METROPOLITAN NASHVILLE POLICE DEPT,20210548204,Davidson,Nashville,10/21/2021 5:22:00 PM,2,0,0,36.155730,-86.809830,CHARLOTTE AV,,,,25.00,Feet,West,23RD AVN,,,,0.00,N,Not at Intersection, ,Non-Junction,None,,,         ,Malik,Burriss,Clear,Front to Rear,no,no,no,no,no,False
103120097,METROPOLITAN NASHVILLE POLICE DEPT,20210548423,Davidson,Nashville,10/21/2021 8:04:00 PM,2,1,0,36.146020,-86.667160,ROYAL PKWY,,,,163.00,Feet,East,CLARIDGE DR,,,,0.00,N,Not at Intersection,N,Non-Junction,None,,,         ,Brandon,Chapman,Clear,Front to Rear,no,no,no,no,no,False
103120103,METROPOLITAN NASHVILLE POLICE DEPT,20210548380,Davidson,Nashville,10/21/2021 6:30:00 PM,2,0,0,36.169050,-86.772240,S 1ST ST,,,,0.00,,,WOODLAND ST,,,,0.00,Y,T-Intersection, ,Intersection-Related,None,,,         ,James,Hill,Clear,Angle,no,no,no,no,no,False
103120111,METROPOLITAN NASHVILLE POLICE DEPT,20210548373,Davidson,Nashville,10/21/2021 12:00:00 AM,1,1,0,36.138630,-86.800630,21ST AVS,,,,0.00,,,CHILDRENS WAY,,,,0.00,Y,T-Intersection,N,Intersection-Related,None,,,         ,Alex,Gibson,Clear,Not Collision with Motor Vehicle in Transport,yes,no,no,no,no,Campus
103120112,METROPOLITAN NASHVILLE POLICE DEPT,20210548483,Davidson,Nashville,10/21/2021 7:44:00 PM,1,0,0,36.152410,-86.828180,37TH AVN,,,,117.00,Feet,South,CHARLOTTE AV,,,,0.00,N,Not at Intersection,N,Non-Junction,None,,,         ,Kyle,Lund,Clear,Not Collision with Motor Vehicle in Transport,no,no,no,no,no,False
103120121,METROPOLITAN NASHVILLE POLICE DEPT,20210548458,Davidson,Nashville,10/21/2021 8:32:00 PM,2,0,0,36.140640,-86.719890,I 40,,,,0.00,,,,,,,213.35,N,Not at Intersection, ,,Construction Zone,,,         ,Cressie,Prill,,,no,no,no,no,no,False
103120158,METROPOLITAN NASHVILLE POLICE DEPT,20210548399,Davidson,Nashville,10/21/2021 7:45:00 PM,2,2,0,36.205120,-86.757620,E TRINITY LN,,,,0.00,,,JONES AV,,,,0.00,Y,Four-Way,N,Intersection-Related,None,,,         ,Ciara,Doherty,Clear,Angle,no,no,no,no,no,False
103120174,METROPOLITAN NASHVILLE POLICE DEPT,20210548496,Davidson,Nashville,10/21/2021 9:09:00 PM,1,0,0,36.184280,-86.776730,COWAN ST,,,,242.00,Feet,South,COWAN CT,,,,0.00,N,Not at Intersection,N,Non-Junction,None,,,         ,David,Snowden,Clear,Not Collision with Motor Vehicle in Transport,no,no,no,no,no,False
103120197,METROPOLITAN NASHVILLE POLICE DEPT,20210548545,Davidson,Nashville,10/21/2021 9:58:00 PM,2,0,0,36.191860,-86.615710,OLD HICKORY BLVD,,,,242.00,Feet,East,JUAREZ DR,,,,0.00,N,Not at Intersection, ,Non-Junction,None,,,         ,Cheri,Cox,Clear,Front to Rear,no,no,no,no,no,False
103120222,METROPOLITAN NASHVILLE POLICE DEPT,20210548568,Davidson,Nashville,10/21/2021 10:21:00 PM,2,0,0,36.148960,-86.746710,I 40,,,,0.00,,,,,,,211.80,N,Not at Intersection, ,,None,,,         ,Douglas,Mann,,,no,no,no,no,no,False
103120229,METROPOLITAN NASHVILLE POLICE DEPT,20210548245,Davidson,Nashville,10/21/2021 12:00:00 AM,2,1,0,36.154630,-86.779160,LAFAYETTE ST,,,,0.00,Feet,,8TH AVS,,,,0.00,Y,Roundabout,N,Intersection,None,,,         ,Joshua,Belk,Clear,Angle,no,no,no,no,no,False
103120241,METROPOLITAN NASHVILLE POLICE DEPT,20210548615,Davidson,Nashville,10/21/2021 10:56:00 PM,1,1,0,36.161540,-86.775970,3RD AVS,,,,0.00,,,BROADWAY,,,,0.00,Y,Four-Way,N,Intersection,None,,,         ,Brenton,Adcox,Clear,Not Collision with Motor Vehicle in Transport,yes,no,no,no,yes,False
103120246,THP District 3 - Nashville,321070677,Davidson,Antioch,10/21/2021 10:42:00 PM,2,0,0,36.106100,-86.550840,HOBSON PKE,,,,1084.00,Feet,North,BAKERS GROVE LN,,,,0.00,N,Not at Intersection, ,Non-Junction,None,,,         ,Brandon,Hart,Clear,Front to Rear,no,no,no,no,no,False
103120248,METROPOLITAN NASHVILLE POLICE DEPT,20210548569,Davidson,Nashville,10/21/2021 10:17:00 PM,1,1,0,36.160440,-86.776830,4TH AVS,,,,208.00,Feet,North,SYMPHONY PL,,,,0.00,N,Not at Intersection,N,Non-Junction,None,,,         ,James,Hill,Clear,Not Collision with Motor Vehicle in Transport,yes,no,no,no,no,False
103120270,METROPOLITAN NASHVILLE POLICE DEPT,20210548759,Davidson,Nashville,10/21/2021 10:46:00 PM,2,0,0,36.187650,-86.810110,14TH AVN,,,,97.00,Feet,South,CECILIA AV,,,,0.00,N,Not at Intersection,N,Non-Junction,None,,,         ,Joel,Bennett,Clear,"Sideswipe, Same Direction",no,no,no,no,yes,False
103120271,METROPOLITAN NASHVILLE POLICE DEPT,20210546468,Davidson,Nashville,10/20/2021 5:58:00 PM,2,2,0,36.161340,-86.597130,BELL RD,,,,0.00,,,OLD HICKORY BLVD,,,,0.00,Y,Four-Way,N,Intersection,None,,,         ,Mary,Robinson,Clear,Angle,no,no,no,no,no,False
103120272,METROPOLITAN NASHVILLE POLICE DEPT,20210548558,Davidson,Nashville,10/21/2021 10:07:00 PM,2,1,0,36.212490,-86.838560,CLARKSVILLE PKE,,,,555.00,Feet,North,NORTHSIDE STATION PVTDR,,,,0.00,N,Not at Intersection,N,Non-Junction,None,,,         ,Rachel,Susee,Clear,HeadOn,no,no,no,no,no,False
103120275,METROPOLITAN NASHVILLE POLICE DEPT,20210548745,Davidson,Nashville,10/22/2021 12:15:00 AM,2,0,0,36.153340,-86.764690,I 40,,,,0.00,,,,,,,210.70,N,Not at Intersection, ,Non-Junction,None,,,         ,Nathaniel,Jones,Clear,Front to Rear,no,no,no,no,no,False
103120300,METROPOLITAN NASHVILLE POLICE DEPT,20210540400,Davidson,Nashville,10/17/2021 2:25:00 AM,1,2,0,36.128770,-86.727090,I24 W ENT RAMP,,,,0.00,,,I 440,,,,0.00,Y,OTHER,Y,Entrance/Exit Ramp Related,None,,,         ,Lisa,Beck,Clear,Not Collision with Motor Vehicle in Transport,no,no,no,no,no,False
103120307,METROPOLITAN NASHVILLE POLICE DEPT,20210548911,Davidson,Nashville,10/22/2021 2:30:00 AM,2,1,0,36.154640,-86.759350,I 40,,,,0.00,,,,,,,211.00,N,Not at Intersection,N,Non-Junction,None,,,         ,Bryson,Wilkins,Clear,Angle,no,no,no,no,no,False
103120333,METROPOLITAN NASHVILLE POLICE DEPT,20210548740,Davidson,Nashville,10/22/2021 12:23:00 AM,2,0,0,36.143140,-86.704840,I 40,,,,0.00,,,,,,,214.50,N,Not at Intersection,N,Non-Junction,Work Zone,Intermittent Moving Work,Activity Area,         ,Richard,Luellen,Clear,"Sideswipe, Same Direction",no,no,no,no,no,False
103120340,METROPOLITAN NASHVILLE POLICE DEPT,20210548915,Davidson,Not in City Limit,10/22/2021 2:38:00 AM,2,1,0,36.202190,-86.980260,RIVER ROAD PKE,,,,899.00,Feet,West,RIVER ROAD PKE PVTDR,,,,0.00,N,Not at Intersection,N,Non-Junction,None,,,         ,Billy,Price,Clear,Not Collision with Motor Vehicle in Transport,no,no,no,no,no,False
103120372,METROPOLITAN NASHVILLE POLICE DEPT,20210549076,Davidson,Nashville,10/22/2021 6:30:00 AM,2,0,0,36.253510,-86.716580,GALLATIN PKES,,,,123.00,Feet,North,MADISON SQ,,,,0.00,N,Not at Intersection, ,,None,,,         ,Chase,Carter,,,no,no,no,no,no,False
103120385,METROPOLITAN NASHVILLE POLICE DEPT,20210549085,Davidson,Nashville,10/22/2021 6:52:00 AM,2,0,0,36.045440,-86.712520,OLD HICKORY BLVD,,,,220.00,Feet,East,NOLENSVILLE PKE,,,,0.00,N,Not at Intersection, ,Non-Junction,None,,,         ,Joe,Hooper,Cloudy,Angle,no,no,no,no,no,False
103120411,METROPOLITAN NASHVILLE POLICE DEPT,20210547879,Davidson,Nashville,10/21/2021 1:20:00 PM,2,1,0,36.173270,-86.791400,JEFFERSON ST,,,,0.00,,,ROSA L PARKS BLVD,,,,0.00,Y,Four-Way,N,Intersection,None,,,         ,Russell,Freeman,Clear,"Sideswipe, Same Direction",no,no,no,no,yes,False
103120422,THP District 3 - Nashville,321070565,Davidson,Nashville,10/21/2021 2:05:00 PM,2,1,0,36.252770,-86.739640,I 65,,,,0.00,,,,,,,91.40,N,Not at Intersection,N,Non-Junction,None,,,         ,Matthew,Priest,Clear,"Sideswipe, Same Direction",no,no,no,no,no,False
103120429,METROPOLITAN NASHVILLE POLICE DEPT,20210549191,Davidson,Nashville,10/22/2021 7:09:00 AM,2,0,0,36.069280,-86.693820,APACHE TRL,,,,116.00,Feet,South,EZELL RD,,,,0.00,N,Not at Intersection,N,Non-Junction,None,,,         ,Joe,Hooper,Cloudy,Angle,no,no,no,yes,yes,False
103120431,METROPOLITAN NASHVILLE POLICE DEPT,20210549155,Davidson,Nashville,10/22/2021 7:40:00 AM,2,0,0,36.142100,-86.676670,I 40,,,,0.00,,,,,,,216.00,N,Not at Intersection, ,Non-Junction,None,,,         ,Zachary,Wilbanks,Clear,Angle,no,no,no,no,no,False
103120432,METROPOLITAN NASHVILLE POLICE DEPT,20210547867,Davidson,Nashville,10/21/2021 1:30:00 PM,1,0,0,36.169750,-86.790280,HERMAN ST,,,,0.00,,,,,,,0.00,,,N,Intersection-Related,None,,,         ,Russell,Freeman,Clear,Not Collision with Motor Vehicle in Transport,no,no,no,no,yes,False
103120433,METROPOLITAN NASHVILLE POLICE DEPT,20210549135,Davidson,Nashville,10/22/2021 7:28:00 AM,2,0,0,36.139450,-86.819990,MURPHY RD,,,,20.00,Feet,West,PARK DR,,,,0.00,N,Not at Intersection, ,Non-Junction,None,,,         ,Paxton,Montgomery,Clear,Angle,no,no,no,no,no,False
103120441,METROPOLITAN NASHVILLE POLICE DEPT,20210549116,Davidson,Nashville,10/22/2021 7:16:00 AM,2,1,0,36.079000,-86.684030,ANTIOCH PKE,,,,73.00,Feet,East,CHEROKEE HILLS DR,,,,0.00,N,Not at Intersection,N,Non-Junction,None,,,         ,Justin,Wells,Clear,Angle,no,no,no,no,yes,False
103120445,METROPOLITAN NASHVILLE POLICE DEPT,20210549174,Davidson,Nashville,10/22/2021 7:35:00 AM,2,0,0,36.190630,-86.789880,I 65,,,,0.00,,,,,,,85.75,N,Not at Intersection, ,Non-Junction,None,,,         ,David,Kmosko,Cloudy,"Sideswipe, Same Direction",no,no,no,no,yes,False
103120463,METROPOLITAN NASHVILLE POLICE DEPT,20210549141,Davidson,Nashville,10/22/2021 7:30:00 AM,2,0,0,36.176930,-86.774970,SPRING ST,,,,114.00,Feet,West,N 1ST ST,,,,0.00,N,Not at Intersection, ,Non-Junction,None,,,         ,Jaren,Breece,Clear,Front to Rear,no,no,no,no,no,False
103120468,METROPOLITAN NASHVILLE POLICE DEPT,20210549301,Davidson,Nashville,10/22/2021 9:00:00 AM,2,0,0,36.117920,-86.810020,GOLF CLUB LN,,,,0.00,Feet,East,HILLSBORO PKE,,,,0.00,N,Not at Intersection, ,Non-Junction,None,,,         ,Douglas,Atwood,Cloudy,Angle,no,no,no,no,yes,False
103120480,METROPOLITAN NASHVILLE POLICE DEPT,20210549071,Davidson,Nashville,10/22/2021 6:38:00 AM,3,0,0,36.205460,-86.776590,I 65,,,,0.00,,,,,,,87.20,N,Not at Intersection,N,Non-Junction,None,,,         ,James,Wray,Clear,"Sideswipe, Same Direction",no,no,no,no,yes,False
103120484,METROPOLITAN NASHVILLE POLICE DEPT,20210549264,Davidson,Nashville,10/22/2021 8:15:00 AM,2,0,0,36.245530,-86.776620,CHESAPEAKE CIR,,,,130.00,Feet,South,CHESAPEAKE DR,,,,0.00,N,Not at Intersection,N,Non-Junction,None,,,         ,Justan,Vance,Cloudy,Angle,no,no,no,no,no,False
103120488,METROPOLITAN NASHVILLE POLICE DEPT,20210549327,Davidson,Nashville,10/22/2021 9:35:00 AM,2,0,0,36.115480,-86.826460,WOODMONT BLVD,,,,52.00,Feet,East,BOWLING AV,,,,0.00,N,Not at Intersection, ,Non-Junction,None,,,         ,Douglas,Atwood,Cloudy,Front to Rear,no,no,no,no,no,False
103120506,METROPOLITAN NASHVILLE POLICE DEPT,20210549391,Davidson,Nashville,10/21/2021 2:00:00 PM,2,0,0,36.095740,-86.737450,US HWY 31 ALT,,,,0.00,,,WHEELER AVE,,,,0.00,Y,T-Intersection,N,Intersection-Related,None,,,         ,Holly,Davis,Clear,HeadOn,no,no,no,no,yes,False
103120523,METROPOLITAN NASHVILLE POLICE DEPT,20210549503,Davidson,Nashville,10/22/2021 11:08:00 AM,2,0,0,36.101790,-86.740550,NOLENSVILLE PKE,,,,0.00,,,ANTIOCH PKE,,,,0.00,Y,T-Intersection, ,Intersection,None,,,         ,Mason,Tyler,Clear,Angle,no,no,no,no,no,False
103120528,METROPOLITAN NASHVILLE POLICE DEPT,20210549479,Davidson,Nashville,10/22/2021 10:40:00 AM,2,0,0,36.125820,-86.846490,HARDING PKE,,,,0.00,,,KENNER AV,,,,0.00,Y,Four-Way,N,Intersection,None,,,         ,Douglas,Atwood,Cloudy,Angle,no,no,no,no,no,False
103120530,METROPOLITAN NASHVILLE POLICE DEPT,20210549520,Davidson,Nashville,10/22/2021 11:25:00 AM,2,0,0,36.082100,-86.761700,HARDING PL,,,,0.00,,,SIDCO DR,,,,0.00,Y,Four-Way, ,,None,,,         ,Seth,Wilson,,,no,no,no,no,no,False
103120534,METROPOLITAN NASHVILLE POLICE DEPT,20210549426,Davidson,Nashville,10/22/2021 10:23:00 AM,2,0,0,36.205890,-86.768610,E TRINITY LN,,,,0.00,,,DICKERSON PKE,,,,0.00,Y,Four-Way, ,Intersection,None,,,         ,Paul,Hughes II,Clear,Angle,no,no,no,no,no,False
103120562,METROPOLITAN NASHVILLE POLICE DEPT,20210549546,Davidson,Nashville,10/22/2021 11:53:00 AM,3,2,0,36.167630,-86.787750,ROSA L PARKS BLVD,,,,0.00,,,10TH CIRN,,,,0.00,Y,T-Intersection,N,Intersection,None,,,         ,Wesley,Young,Clear,Front to Rear,no,no,no,no,no,False
103120573,METROPOLITAN NASHVILLE POLICE DEPT,20210549437,Davidson,Nashville,10/22/2021 10:45:00 AM,2,0,0,36.171360,-86.769220,JAMES ROBERTSON PKWY,,,,50.00,Feet,East,MAIN ST,,,,0.00,N,Not at Intersection,N,Non-Junction,None,,,         ,Russell,Freeman,Cloudy,"Sideswipe, Same Direction",no,no,no,no,yes,False
103120583,METROPOLITAN NASHVILLE POLICE DEPT,20210549554,Davidson,Nashville,10/22/2021 11:24:00 AM,2,0,0,36.160020,-86.760490,I 24,,,,0.00,,,,,,,49.60,N,Not at Intersection,N,Non-Junction,None,,,         ,Jerrod,Kalinsky,Cloudy,Front to Rear,no,no,no,no,no,False
103120596,METROPOLITAN NASHVILLE POLICE DEPT,20210549609,Davidson,Nashville,10/22/2021 12:30:00 PM,2,0,0,36.081470,-86.697090,I 24,,,,0.00,,,,,,,56.10,N,Not at Intersection, ,Non-Junction,None,,,         ,Joe,Hooper,Cloudy,"Sideswipe, Same Direction",no,no,no,no,no,False
103120597,METROPOLITAN NASHVILLE POLICE DEPT,20210549586,Davidson,Nashville,10/22/2021 12:02:00 PM,2,0,0,36.181050,-86.787300,2ND AVN,,,,0.00,,,VAN BUREN ST,,,,0.00,Y,Four-Way,N,Intersection,None,,,         ,Joshua,Reece,Cloudy,Angle,no,no,no,no,no,False
103120609,METROPOLITAN NASHVILLE POLICE DEPT,20210549533,Davidson,Nashville,10/22/2021 12:00:00 PM,1,0,0,36.125960,-86.904030,I 40,,,,0.00,,,,,,,200.60,N,Not at Intersection, ,Non-Junction,None,,,         ,Michael,Raash,Cloudy,Not Collision with Motor Vehicle in Transport,no,no,no,no,no,False
103120627,METROPOLITAN NASHVILLE POLICE DEPT,20210549602,Davidson,Madison,10/22/2021 11:38:00 AM,2,1,0,36.296250,-86.698660,MYATT DR,,,,112.00,Feet,North,RIVERGATE STATION PVTDR,,,,0.00,N,Not at Intersection,N,Non-Junction,None,,,         ,James,Gilliam,Cloudy,Angle,no,no,no,no,no,False
103120650,METROPOLITAN NASHVILLE POLICE DEPT,20210549542,Davidson,Nashville,10/22/2021 11:45:00 AM,2,0,0,36.125560,-86.846850,HARDING PKE,,,,141.00,Feet,West,KENNER AVN,,,,0.00,N,Not at Intersection, ,Non-Junction,None,,,         ,Douglas,Atwood,Cloudy,Front to Rear,no,no,no,no,no,False
103120686,METROPOLITAN NASHVILLE POLICE DEPT,20210549408,Davidson,Nashville,10/22/2021 10:24:00 AM,2,0,0,36.129480,-86.695110,BRILEY PKWYN,,,,92.00,Feet,North,BRILEY PKWYS,,,,0.00,N,Not at Intersection, ,Non-Junction,None,,,         ,Matthew,Jorgensen,Clear,"Sideswipe, Same Direction",no,no,no,no,no,False
103120687,METROPOLITAN NASHVILLE POLICE DEPT,20210549563,Davidson,Nashville,10/22/2021 12:02:00 PM,2,0,0,36.201630,-86.754010,CHEROKEE AV,,,,131.00,Feet,West,HARMONY WAY,,,,0.00,N,Not at Intersection,N,Non-Junction,None,,,         ,David,Scheevel,Cloudy,HeadOn,no,no,no,no,no,False
103120695,METROPOLITAN NASHVILLE POLICE DEPT,20210549636,Davidson,Nashville,10/22/2021 12:46:00 PM,2,0,0,36.112560,-86.766960,BRANSFORD AV,,,,48.00,Feet,South,HEATHER PL,,,,0.00,N,Not at Intersection, ,Non-Junction,None,,,         ,Mason,Tyler,Clear,"Sideswipe, Same Direction",no,no,no,no,no,False
103120699,METROPOLITAN NASHVILLE POLICE DEPT,20210549272,Davidson,Nashville,10/22/2021 9:15:00 AM,2,1,0,36.072440,-86.636730,MURFREESBORO PKE,,,,262.00,Feet,North,BELL RD,,,,0.00,N,Not at Intersection,N,Non-Junction,None,,,         ,Robert,Higgins,Clear,Front to Rear,no,no,no,no,no,False
103120731,METROPOLITAN NASHVILLE POLICE DEPT,20210549725,Davidson,Not in City Limit,10/22/2021 1:40:00 PM,2,0,0,36.096240,-86.936970,I 40,,,,0.00,,,,,,,197.90,N,Not at Intersection,N,Non-Junction,None,,,         ,Wesley,Tilley,Cloudy,Front to Rear,no,no,no,no,no,False
103120740,GOODLETTSVILLE POLICE DEPT,21-29713,Davidson,Goodlettsville,10/22/2021 1:05:00 PM,2,0,0,36.305660,-86.703030,RIVERGATE PKWY,,,,0.00,,,MEADOW LARK LN,,,,0.00,Y,Four-Way, ,Non-Junction,None,,,         ,George,Forbes,Cloudy,"Sideswipe, Same Direction",no,no,no,no,no,False
103120771,METROPOLITAN NASHVILLE POLICE DEPT,20210549629,Davidson,Nashville,10/22/2021 12:35:00 PM,2,0,0,36.097740,-86.738480,NOLENSVILLE PKE,,,,0.00,Feet,East,VERITAS ST,,,,0.00,N,Not at Intersection,N,Non-Junction,None,,,         ,Tyler,Heckaman,Cloudy,"Sideswipe, Same Direction",no,no,no,no,yes,False
103120780,METROPOLITAN NASHVILLE POLICE DEPT,20210549673,Davidson,Nashville,10/22/2021 1:00:00 PM,2,0,0,36.132300,-86.894380,CHARLOTTE PKE,,,,233.00,Feet,East,I40 E ENT RAMP,,,,0.00,N,Not at Intersection,N,Non-Junction,None,,,         ,laina,herod,Cloudy,Front to Rear,no,no,no,no,no,False
103120840,METROPOLITAN NASHVILLE POLICE DEPT,20210549686,Davidson,Nashville,10/22/2021 1:22:00 PM,2,1,0,36.173060,-86.769500,I 24,,,,0.00,,,,,,,48.20,N,Not at Intersection,N,Non-Junction,None,,,         ,Zachary,Akers,Cloudy,"Sideswipe, Same Direction",no,no,no,no,no,False
103120853,METROPOLITAN NASHVILLE POLICE DEPT,20210549780,Davidson,Nashville,10/22/2021 2:44:00 PM,2,1,0,36.249390,-86.719410,E PALESTINE AV,,,,0.00,Feet,East,GALLATIN PKES,,,,0.00,N,Not at Intersection,N,Non-Junction,None,,,         ,Sean,Herman,Cloudy,Angle,no,no,no,yes,no,False
103120884,METROPOLITAN NASHVILLE POLICE DEPT,20210549897,Davidson,OTHER,10/22/2021 3:43:00 PM,2,0,0,36.015140,-86.620270,I24 W EXT RAMP,,,,0.00,,,I 24,,,,0.00,Y,Four-Way, ,,None,,,         ,Joseph,Hurst,,,no,no,no,no,no,False
103120908,METROPOLITAN NASHVILLE POLICE DEPT,20210549898,Davidson,Nashville,10/22/2021 12:00:00 AM,2,1,0,36.205660,-86.765770,E TRINITY LN,,,,0.00,Feet,,MERIDIAN ST,,,,0.00,Y,T-Intersection,N,Intersection,None,,,         ,Justen,Ogle,Cloudy,Angle,no,no,no,no,no,False
103120911,METROPOLITAN NASHVILLE POLICE DEPT,20210549890,Davidson,Nashville,10/22/2021 3:08:00 PM,2,0,0,36.185530,-86.797760,I65 S EXT RAMP,,,,0.00,Feet,East,I 65,,,,0.00,N,Not at Intersection,N,Non-Junction,None,,,         ,Hendrik,Kruger,Cloudy,Front to Rear,no,no,no,no,no,False
103120915,METROPOLITAN NASHVILLE POLICE DEPT,20210549857,Davidson,Not in City Limit,10/22/2021 3:25:00 PM,2,0,0,36.269050,-86.762510,BELL GRIMES LN,,,,245.00,Feet,East,HICKORY TER,,,,0.00,N,Not at Intersection,N,Non-Junction,None,,,         ,Austin,Bowles,Cloudy,Front to Rear,no,no,no,no,yes,False
103120916,METROPOLITAN NASHVILLE POLICE DEPT,20210549949,Davidson,Not in City Limit,10/22/2021 4:33:00 PM,2,0,0,36.262210,-86.712210,GALLATIN PKES,,,,0.00,Feet,East,E OLD HICKORY BLVD,,,,0.00,N,Not at Intersection,N,Non-Junction,None,,,         ,Sean,Herman,Cloudy,Angle,no,no,no,no,no,False
103120925,METROPOLITAN NASHVILLE POLICE DEPT,20210549920,Davidson,Nashville,10/22/2021 3:52:00 PM,2,0,0,36.115750,-86.695810,MURFREESBORO PKE,,,,517.00,Feet,East,MCGAVOCK PKE,,,,0.00,N,Not at Intersection,N,Non-Junction,None,,,         ,Robert,Marquez,Clear,"Sideswipe, Same Direction",no,no,no,no,no,False
103120938,METROPOLITAN NASHVILLE POLICE DEPT,20210549787,Davidson,Nashville,10/22/2021 1:45:00 PM,2,0,0,36.079600,-86.726320,HARDING PL,,,,0.00,,,NOLENSVILLE PKE,,,,0.00,Y,Four-Way,N,Intersection,None,,,         ,Dylan,Chambers,Cloudy,Front to Rear,no,no,no,no,yes,False
103120939,METROPOLITAN NASHVILLE POLICE DEPT,20210549903,Davidson,Nashville,10/22/2021 3:56:00 PM,2,0,0,36.136610,-86.727200,I 24,,,,0.00,,,,,,,51.15,N,Not at Intersection,N,Non-Junction,None,,,         ,Beri,Scott,Clear,Front to Rear,no,no,no,no,yes,False
103120940,METROPOLITAN NASHVILLE POLICE DEPT,20210549934,Davidson,Nashville,10/22/2021 12:08:00 PM,2,0,0,36.142420,-86.680150,I 40,,,,0.00,,,,,,,215.80,N,Not at Intersection,N,Non-Junction,Construction Zone,Laneclosure,Activity Area,         ,Dontaveous,Eubanks,Clear,"Sideswipe, Same Direction",no,no,no,no,yes,False
103120941,METROPOLITAN NASHVILLE POLICE DEPT,20210549952,Davidson,OTHER,10/22/2021 4:32:00 PM,2,0,0,36.009170,-86.622870,OCTOBER WOODS DR,,,,203.00,Feet,East,CRAFTWOOD DR,,,,0.00,N,Not at Intersection,N,Non-Junction,None,,,         ,Joseph,Hurst,Clear,Angle,no,no,no,no,yes,False
103120947,METROPOLITAN NASHVILLE POLICE DEPT,20210549884,Davidson,Not in City Limit,10/22/2021 3:45:00 PM,2,0,0,36.284430,-86.729190,I 65,,,,0.00,,,,,,,93.70,N,Not at Intersection,N,Non-Junction,None,,,         ,Brandon,Lopez,Clear,"Sideswipe, Same Direction",no,no,no,no,no,False
103120949,METROPOLITAN NASHVILLE POLICE DEPT,20210550005,Davidson,Nashville,10/22/2021 5:23:00 PM,2,2,0,36.188510,-86.581950,LANDINGS WAY,,,,0.00,Feet,East,N NEW HOPE RD,,,,0.00,N,Not at Intersection,N,Non-Junction,None,,,         ,Brandon,Chapman,Clear,Angle,no,no,no,no,no,False
103120953,METROPOLITAN NASHVILLE POLICE DEPT,20210549932,Davidson,Antioch,10/22/2021 4:07:00 PM,2,0,0,36.047840,-86.612050,MURFREESBORO PKE,,,,1284.00,Feet,North,MOUNTAIN SPRINGS RD,,,,0.00,N,Not at Intersection, ,,None,,,         ,Beri,Scott,,,no,no,no,no,no,False
103120960,METROPOLITAN NASHVILLE POLICE DEPT,20210550002,Davidson,Nashville,10/22/2021 12:00:00 AM,2,0,0,36.124790,-86.755940,ROSEDALE AV,,,,0.00,,,WINFORD AV,,,,0.00,Y,T-Intersection,N,Intersection-Related,None,,,         ,Alex,Gibson,Cloudy,Angle,no,no,no,no,no,False
103120963,METROPOLITAN NASHVILLE POLICE DEPT,20210549954,Davidson,Nashville,10/22/2021 4:41:00 PM,4,5,0,36.109950,-86.770240,I 65,,,,0.00,,,,,,,79.75,N,Not at Intersection,N,Non-Junction,None,,,         ,Dylan,Chambers,Cloudy,Front to Rear,no,no,no,no,no,False
103120975,METROPOLITAN NASHVILLE POLICE DEPT,20210549951,Davidson,Nashville,10/22/2021 4:35:00 PM,2,1,0,36.237410,-86.758380,I 65,,,,0.00,,,,,,,89.90,N,Not at Intersection,N,Non-Junction,None,,,         ,Tyler,Lewis,Cloudy,Front to Rear,no,no,no,no,yes,False
103120982,METROPOLITAN NASHVILLE POLICE DEPT,20210550020,Davidson,Nashville,10/22/2021 5:38:00 PM,2,0,0,36.155170,-86.788970,I 40,,,,0.00,,,,,,,209.15,N,Not at Intersection, ,Entrance/Exit Ramp Related,None,,,         ,Dakota,Davis,Cloudy,Front to Rear,no,no,no,no,no,False