master_record_number,agency,agency_tracking_number,county,city,collision_date,vehicles_involved,number_injured,number_dead,latitude,longitude,roadway_name,roadway_suffix,roadway_number,roadway_local_id,distance_from_reference,miles-feet_indicator,direction_from_reference,intersection_road_name,intersection_road_name_suffix,intersection_road_number,intersection_local_id,mile_marker,intersection_indicator,intersect_type,interchange_related_indicator,relation_to_junction,work_zone_type,construction_maintenance_zone,construction_maintenance_zone_location,fatal_case_number,officer_first_name,officer_last_name,weather_condition(s),manner_of_crash,pedestrian,bicycle,scooter,parking,hitrun,mou
103121891,METROPOLITAN NASHVILLE POLICE DEPT,20210551701,Davidson,Nashville,10/23/2021 6:45:00 PM,2,0,0,36.148780,-86.774980,I 40,,,,0.00,,,,,,,210.05,N,Not at Intersection, ,Non-Junction,None,,,         ,Douglas,Sykes,Clear,"Sideswipe, Same Direction",no,no,no,no,no,False
103121897,METROPOLITAN NASHVILLE POLICE DEPT,20210551513,Davidson,Antioch,10/23/2021 3:55:00 PM,2,3,0,36.045250,-86.609100,MURFREESBORO PKE,,,,0.00,,,MOUNTAIN SPRINGS RD,,,,0.00,Y,Four-Way,N,Intersection,None,,,         ,Corey,Reed,Clear,Angle,no,no,no,no,no,False
103121902,METROPOLITAN NASHVILLE POLICE DEPT,20210550155,Davidson,Nashville,10/22/2021 6:36:00 PM,2,0,0,36.231600,-86.781520,EWING DR,,,,0.00,Feet,East,BRICK CHURCH PKE,,,,0.00,N,Not at Intersection,N,Non-Junction,None,,,         ,Austin,Bowles,Clear,Angle,no,no,no,no,yes,False
103121922,METROPOLITAN NASHVILLE POLICE DEPT,20210551809,Davidson,Nashville,10/23/2021 8:35:00 PM,2,0,0,36.160270,-86.778300,5TH AVS,,,,84.00,Feet,South,BROADWAY,,,,0.00,N,Not at Intersection,N,Non-Junction,None,,,         ,Rachel,Susee,Cloudy,Front to Rear,no,no,no,no,yes,False
103121929,GOODLETTSVILLE POLICE DEPT,21-29804,Davidson,Goodlettsville,10/23/2021 7:40:00 PM,1,0,0,36.324210,-86.709110,E CEDAR ST,,,,487.00,Feet,East,CARTWRIGHT ST,,,,0.00,N,Not at Intersection, ,Non-Junction,None,,,         ,Austin,Herendeen,Clear,Not Collision with Motor Vehicle in Transport,no,no,no,no,no,False
103121950,METROPOLITAN NASHVILLE POLICE DEPT,20210551672,Davidson,Nashville,10/23/2021 6:29:00 PM,2,0,0,36.044910,-86.713210,NOLENSVILLE PKE,,,,166.00,Feet,South,OLD HICKORY BLVD,,,,0.00,N,Not at Intersection, ,,None,,,         ,Beri,Scott,,,no,no,no,no,no,False
103121958,METROPOLITAN NASHVILLE POLICE DEPT,20210551782,Davidson,Nashville,10/23/2021 8:04:00 PM,5,2,0,36.158080,-86.638510,STEWARTS FERRY PKE,,,,533.00,Feet,East,CLOVERWOOD DR,,,,0.00,N,Not at Intersection,N,Non-Junction,None,,,         ,Brandon,Chapman,Clear,Front to Rear,no,no,no,no,no,False
103121977,METROPOLITAN NASHVILLE POLICE DEPT,20210551835,Davidson,Nashville,10/23/2021 8:44:00 PM,2,1,0,36.250760,-86.718460,GALLATIN PKES,,,,8.00,Feet,South,MOVING CENTER CT,,,,0.00,N,Not at Intersection,N,Non-Junction,None,,,         ,Forrest,Punke,Cloudy,Front to Rear,no,no,no,no,yes,False
103121987,METROPOLITAN NASHVILLE POLICE DEPT,20210551523,Davidson,Madison,10/23/2021 12:00:00 AM,5,0,0,36.307510,-86.684370,GALLATIN PKEN,,,,168.00,Feet,East,NORTHSIDE MARKETPLACE PVTDR,,,,0.00,N,Not at Intersection,N,Non-Junction,None,,,         ,Vincent,McCrary,Cloudy,Other,no,no,no,yes,yes,False
103122005,METROPOLITAN NASHVILLE POLICE DEPT,20210551878,Davidson,Not in City Limit,10/23/2021 9:24:00 PM,2,1,0,36.271820,-86.761480,OLD HICKORY BLVD,,,,0.00,Feet,East,MARYDALE DR,,,,0.00,N,Not at Intersection,N,Non-Junction,None,,,         ,Brandon,Lopez,Clear,Angle,no,no,no,no,no,False
103122011,METROPOLITAN NASHVILLE POLICE DEPT,20210551836,Davidson,Nashville,10/23/2021 8:26:00 PM,2,0,0,36.185300,-86.754340,CHICAMAUGA AV,,,,0.00,,,MCFERRIN AV,,,,0.00,Y,T-Intersection,N,Intersection-Related,None,,,         ,James,Harben,Clear,"Sideswipe, Opposite Direction",no,no,no,no,no,False
103122017,METROPOLITAN NASHVILLE POLICE DEPT,20210551925,Davidson,Nashville,10/23/2021 8:17:00 PM,2,0,0,36.183660,-86.600780,WOODCHIMES CT,,,,50.00,Feet,North,MARKET SQ,,,,0.00,N,Not at Intersection,N,Non-Junction,None,,,         ,Christian,Vanders,Clear,Unknown,no,no,no,no,yes,False
103122018,METROPOLITAN NASHVILLE POLICE DEPT,20210551600,Davidson,Hermitage,10/23/2021 5:27:00 PM,2,0,0,36.247980,-86.639760,ELLIOTT DR,,,,152.00,Feet,West,26TH ST,,,,0.00,N,Not at Intersection,N,Non-Junction,None,,,         ,Jeffrey,Palomino-Gonzalez,Clear,Angle,no,no,no,no,yes,False
103122034,METROPOLITAN NASHVILLE POLICE DEPT,20210551988,Davidson,Nashville,10/23/2021 11:41:00 AM,2,0,0,36.197880,-86.825650,KIRK AV,,,,391.00,Feet,South,BUENA VISTA PKE,,,,0.00,N,Not at Intersection,N,Non-Junction,None,,,         ,Alquavious,McDaniel,Cloudy,Rear to Side,no,no,no,yes,yes,False
103122039,GOODLETTSVILLE POLICE DEPT,21-29816,Davidson,Goodlettsville,10/23/2021 10:42:00 PM,1,2,0,36.312980,-86.698870,CONFERENCE DR,,,,351.00,Feet,North,PROFESSIONAL PARK DR,,,,0.00,N,Not at Intersection,N,Non-Junction,None,,,         ,Zachary,Scannell,Clear,Not Collision with Motor Vehicle in Transport,no,no,no,no,no,False
103122055,METROPOLITAN NASHVILLE POLICE DEPT,20210552063,Davidson,Goodlettsville,10/23/2021 11:34:00 PM,2,0,0,36.302750,-86.691850,RIVERGATE MARKETPLACE PVTDR,,,,0.00,,,GALLATIN PKEN,,,,0.00,Y,Four-Way,N,Intersection,None,,,         ,Patrick,McGinnis,Clear,Angle,no,no,no,no,yes,False
103122056,METROPOLITAN NASHVILLE POLICE DEPT,20210552014,Davidson,Nashville,10/23/2021 11:12:00 PM,2,0,0,36.183970,-86.814210,CLARKSVILLE PKE,,,,0.00,,,23RD AVN,,,,0.00,Y,Four-Way, ,Intersection-Related,None,,,         ,Burton,Beeson,Clear,Angle,no,no,no,no,no,False
103122065,METROPOLITAN NASHVILLE POLICE DEPT,20210552070,Davidson,Nashville,10/23/2021 11:48:00 PM,2,1,0,36.109450,-86.728050,BRILEY PKWYN,,,,0.00,,,BRILEY PKWYS,,,,0.00,Y,Four-Way,N,Intersection,None,,,         ,Robert,Leverick,Clear,Front to Rear,no,no,no,no,yes,False
103122073,METROPOLITAN NASHVILLE POLICE DEPT,20210552183,Davidson,Nashville,10/24/2021 12:47:00 AM,2,0,0,36.187060,-86.631070,LEBANON PKE,,,,0.00,,,CENTRAL PKE,,,,0.00,Y,Four-Way, ,Intersection,None,,,         ,Ryan,Malone,Clear,Angle,no,no,no,no,yes,False
103122079,METROPOLITAN NASHVILLE POLICE DEPT,20210552008,Davidson,Nashville,10/23/2021 11:12:00 PM,2,0,0,36.106210,-86.673060,MURFREESBORO PKE,,,,0.00,Feet,,DONELSON PKE,,,,0.00,Y,Four-Way,N,Intersection,None,,,         ,Austin,Bowles,Clear,Angle,no,no,no,no,no,False
103122080,METROPOLITAN NASHVILLE POLICE DEPT,20210552018,Davidson,Nashville,10/23/2021 12:00:00 AM,2,0,0,36.159560,-86.774640,3RD AVS,,,,0.00,,,DEMONBREUN ST,,,,0.00,Y,Four-Way, ,Non-Junction,None,,,         ,Tim,Le,Clear,"Sideswipe, Same Direction",no,no,no,no,yes,False
103122089,METROPOLITAN NASHVILLE POLICE DEPT,20210552174,Davidson,Nashville,10/24/2021 12:30:00 AM,2,0,0,36.150340,-86.795970,DIVISION ST,,,,0.00,,,19TH AVS,,,,0.00,Y,T-Intersection, ,Non-Junction,None,,,         ,Bobby,Ehman,Clear,"Sideswipe, Opposite Direction",no,no,no,no,yes,False
103122096,METROPOLITAN NASHVILLE POLICE DEPT,20210552194,Davidson,Not in City Limit,10/24/2021 1:10:00 AM,1,0,0,36.329850,-86.895940,I 24,,,,0.00,,,,,,,33.30,N,Not at Intersection,N,Non-Junction,None,,,         ,Nathan,Sizemore,Clear,Not Collision with Motor Vehicle in Transport,no,no,no,no,no,False
103122097,METROPOLITAN NASHVILLE POLICE DEPT,20210552280,Davidson,Nashville,10/23/2021 11:00:00 PM,2,0,0,36.088470,-86.654860,SOUTH GRAFTON CT,,,,112.00,Feet,South,GULF COAST CT,,,,0.00,N,Not at Intersection,N,Non-Junction,None,,,         ,Alex,DiBernardo,Clear,Rear to Side,no,no,no,no,yes,False
103122098,METROPOLITAN NASHVILLE POLICE DEPT,20210552266,Davidson,Nashville,10/24/2021 12:30:00 AM,2,0,0,36.151400,-86.751240,I 40,,,,0.00,,,,,,,211.50,N,Not at Intersection,N,Non-Junction,None,,,         ,Bryson,Wilkins,Clear,"Sideswipe, Same Direction",no,no,no,no,yes,False
103122099,METROPOLITAN NASHVILLE POLICE DEPT,20210552129,Davidson,Not in City Limit,10/24/2021 12:22:00 AM,2,1,0,36.262950,-86.714730,DOUGLAS ST,,,,143.00,Feet,South,OLD HICKORY BLVDW,,,,0.00,N,Not at Intersection,N,Non-Junction,None,,,         ,Zachary,Lang,Clear,Angle,no,no,no,no,no,False
103122102,VANDERBILT UNIVERSITY POLICE,20210552132,Davidson,Nashville,10/24/2021 12:00:00 AM,2,0,0,36.149370,-86.803470,WEST END AV,,,,0.00,,,LOUISE AV,,,,0.00,Y,T-Intersection,N,Non-Junction,None,,,         ,O'Darra,Beauvais,Clear,Angle,no,no,no,no,no,Campus
103122103,METROPOLITAN NASHVILLE POLICE DEPT,20210552196,Davidson,Not in City Limit,10/24/2021 1:10:00 AM,2,3,0,36.266410,-86.742650,OLD HICKORY BLVDW,,,,395.00,Feet,East,LINCOLN PK,,,,0.00,N,Not at Intersection,N,Non-Junction,None,,,         ,Jonathon,Sheppard,Clear,Front to Rear,no,no,no,no,no,False
103122121,METROPOLITAN NASHVILLE POLICE DEPT,20210552213,Davidson,Nashville,10/24/2021 1:28:00 AM,2,1,0,36.157950,-86.784310,10TH AVS,,,,0.00,Feet,,BROADWAY,,,,0.00,Y,Four-Way,N,Intersection-Related,None,,,         ,Cory,Fetner,Clear,Front to Rear,yes,no,no,no,yes,False
103122162,VANDERBILT UNIVERSITY POLICE,210550594,Davidson,Nashville,10/22/2021 11:04:00 PM,2,0,0,36.141800,-86.807920,25TH AVS,,,,0.00,,,,,,,0.00,,, ,Non-Junction,None,,,         ,Orlando,Dixson,,"Sideswipe, Same Direction",no,no,no,yes,no,Campus
103122163,METROPOLITAN NASHVILLE POLICE DEPT,20210552419,Davidson,Nashville,10/24/2021 5:12:00 AM,1,0,0,36.086770,-86.694380,HARDING PL,,,,466.00,Feet,East,METROPLEX DR,,,,0.00,N,Not at Intersection,N,Non-Junction,None,,,         ,Alex,DiBernardo,Clear,Not Collision with Motor Vehicle in Transport,no,no,no,no,no,False
103122166,METROPOLITAN NASHVILLE POLICE DEPT,20210552262,Davidson,Not in City Limit,10/24/2021 2:12:00 AM,1,0,0,36.277080,-86.795540,OLD HICKORY BLVD,,,,196.00,Feet,East,HICKORY HILLS BLVD,,,,0.00,N,Not at Intersection,N,Non-Junction,None,,,         ,Coleman,McKellar,Clear,Not Collision with Motor Vehicle in Transport,no,no,no,no,no,False
103122170,METROPOLITAN NASHVILLE POLICE DEPT,20210552415,Davidson,Antioch,10/24/2021 5:10:00 AM,2,1,0,36.047840,-86.612050,MURFREESBORO PKE,,,,1284.00,Feet,North,MOUNTAIN SPRINGS RD,,,,0.00,N,Not at Intersection,N,Non-Junction,None,,,         ,Jose,Oliveros,Clear,"Sideswipe, Same Direction",no,no,no,no,yes,False
103122172,METROPOLITAN NASHVILLE POLICE DEPT,20210552320,Davidson,Nashville,10/24/2021 3:06:00 AM,1,0,0,36.097410,-86.707850,ANTIOCH PKE,,,,315.00,Feet,West,SPACE PARK SOUTH DR,,,,0.00,N,Not at Intersection,N,Non-Junction,None,,,         ,Robert,Leverick,Clear,Not Collision with Motor Vehicle in Transport,no,no,no,no,no,False
103122182,METROPOLITAN NASHVILLE POLICE DEPT,20210552351,Davidson,Nashville,10/24/2021 3:50:00 AM,2,2,0,36.148910,-86.746220,I 40,,,,0.00,,,,,,,211.85,N,Not at Intersection,N,Non-Junction,None,,,         ,Jacob,Snyder,Cloudy,Front to Rear,no,no,no,no,no,False
103122183,METROPOLITAN NASHVILLE POLICE DEPT,20210552402,Davidson,Antioch,10/24/2021 3:45:00 AM,3,1,0,36.047840,-86.612050,MURFREESBORO PKE,,,,0.00,,,MOUNTAIN SPRINGS RD,,,,0.00,Y,Four-Way,N,Intersection,None,,,         ,Douglas,Meringer,Clear,Front to Rear,no,no,no,no,yes,False
103122185,METROPOLITAN NASHVILLE POLICE DEPT,20210552465,Davidson,Nashville,10/24/2021 6:00:00 AM,2,0,0,36.148420,-86.745440,I40 W ENT RAMP,,,,0.00,,,I 40,,,,0.00,Y,OTHER, ,,None,,,         ,Nelson,Hemingway,,,no,no,no,no,no,False
103122187,METROPOLITAN NASHVILLE POLICE DEPT,20210552461,Davidson,Nashville,10/24/2021 6:12:00 AM,1,0,0,36.053450,-86.672880,BLUE HOLE RD,,,,12.00,Feet,East,BLUE HOLE RD PVTDR,,,,0.00,N,Not at Intersection,N,Non-Junction,None,,,         ,Spencer,Arroyo,Clear,Not Collision with Motor Vehicle in Transport,no,no,no,no,no,False
103122191,METROPOLITAN NASHVILLE POLICE DEPT,20210552439,Davidson,Nashville,10/24/2021 5:25:00 AM,4,0,0,36.145430,-86.740790,I 40,,,,0.00,,,,,,,212.25,N,Not at Intersection,N,Non-Junction,None,,,         ,Bryson,Wilkins,Clear,Front to Rear,no,no,no,no,yes,False
103122192,METROPOLITAN NASHVILLE POLICE DEPT,20210552432,Davidson,Nashville,10/24/2021 5:26:00 AM,2,0,0,36.038400,-86.647630,I 24,,,,0.00,,,,,,,60.20,N,Not at Intersection,Y,Entrance/Exit Ramp Related,None,,,         ,James,Wells Jr.,Clear,Angle,no,no,no,no,yes,False
103122200,METROPOLITAN NASHVILLE POLICE DEPT,20210552385,Davidson,Nashville,10/24/2021 4:15:00 AM,1,2,0,36.132470,-86.719310,MURFREESBORO PKE,,,,0.00,,East,WILHAGAN RD,,,,0.00,N,Not at Intersection,N,Non-Junction,None,,,         ,Scott,Edwards,Cloudy,Not Collision with Motor Vehicle in Transport,no,no,no,no,no,False
103122202,METROPOLITAN NASHVILLE POLICE DEPT,20210552479,Davidson,Nashville,10/24/2021 5:15:00 AM,2,0,0,36.238180,-86.736650,I65 N ENT RAMP,,,,108.00,Feet,West,BRILEY PKWY W EXT RAMP,,,,0.00,N,Not at Intersection,N,Non-Junction,None,,,         ,Joshua,Goepper,Clear,Front to Rear,no,no,no,no,yes,False
103122206,METROPOLITAN NASHVILLE POLICE DEPT,20210552389,Davidson,Nashville,10/24/2021 4:35:00 AM,2,3,0,36.038400,-86.647630,I 24,,,,0.00,,,,,,,60.20,N,Not at Intersection,N,Non-Junction,None,,,         ,Lisa,Beck,Clear,"Sideswipe, Same Direction",no,no,no,no,no,False
103122207,BERRY HILL POLICE DEPT,21-3121,Davidson,Berry Hill,10/23/2021 1:27:00 PM,2,2,0,36.112330,-86.767020,THOMPSON LN,,,,0.00,,,BRANSFORD AV,,,,0.00,Y,OTHER,N,Intersection-Related,None,,,         ,Larry,Carter,Cloudy,Front to Rear,no,no,no,no,no,False
103122215,METROPOLITAN NASHVILLE POLICE DEPT,20210552485,Davidson,Nashville,10/24/2021 3:42:00 AM,1,0,0,36.042510,-86.654440,I 24,,,,0.00,,,,,,,59.70,N,Not at Intersection, ,Non-Junction,None,,,         ,Tyler,Heckaman,Clear,Not Collision with Motor Vehicle in Transport,no,no,no,no,no,False
103122235,METROPOLITAN NASHVILLE POLICE DEPT,20210552537,Davidson,Nashville,10/24/2021 12:00:00 AM,2,0,0,36.110870,-86.736260,PRESCOTT PL,,,,272.00,Feet,North,THOMPSON LN,,,,0.00,N,Not at Intersection,N,Non-Junction,None,,,         ,Charles,Wakefield,Clear,Angle,no,no,no,yes,yes,False
103122276,METROPOLITAN NASHVILLE POLICE DEPT,20210552531,Davidson,Nashville,10/24/2021 7:45:00 AM,2,1,0,36.095750,-86.737440,NOLENSVILLE PKE,,,,28.00,Feet,South,WHEELER AV,,,,0.00,N,Not at Intersection,N,Non-Junction,None,,,         ,Mason,Tyler,Clear,Angle,no,no,no,no,no,False
103122284,METROPOLITAN NASHVILLE POLICE DEPT,20210552622,Davidson,Not in City Limit,10/24/2021 12:00:00 AM,1,0,0,36.256980,-86.704120,FOREST PARK RD,,,,206.00,Feet,South,FOREST BEND CIR,,,,0.00,N,Not at Intersection,N,Non-Junction,None,,,         ,Chase,Carter,Clear,Not Collision with Motor Vehicle in Transport,no,no,no,no,yes,False
103122297,METROPOLITAN NASHVILLE POLICE DEPT,20210552478,Davidson,Nashville,10/24/2021 6:48:00 AM,1,0,0,36.074020,-86.638880,RURAL HILL RD,,,,181.00,Feet,South,MURFREESBORO PKE,,,,0.00,N,Not at Intersection,N,Non-Junction,None,,,         ,Kaytlin,huyler,Clear,Not Collision with Motor Vehicle in Transport,no,no,no,no,no,False
103122312,METROPOLITAN NASHVILLE POLICE DEPT,20210552644,Davidson,Nashville,10/24/2021 9:50:00 AM,2,0,0,36.152120,-86.772230,LAFAYETTE ST,,,,0.00,,,ASH ST,,,,0.00,Y,Four-Way, ,Intersection-Related,None,,,         ,Jaren,Breece,Clear,Angle,no,no,no,no,no,False
103122315,METROPOLITAN NASHVILLE POLICE DEPT,20210552557,Davidson,Nashville,10/24/2021 8:22:00 AM,2,0,0,36.152040,-86.797960,WEST END AV,,,,178.00,Feet,West,19TH AVN,,,,0.00,N,Not at Intersection, ,Non-Junction,None,,,         ,Cecelia,Brown,Clear,"Sideswipe, Same Direction",no,no,no,no,no,False
103122330,METROPOLITAN NASHVILLE POLICE DEPT,20210552643,Davidson,Nashville,10/24/2021 6:30:00 AM,2,0,0,36.152330,-86.788590,MUSIC CIRE,,,,364.00,Feet,East,DIVISION ST,,,,0.00,N,Not at Intersection, ,,None,,,         ,Cherell,Kinchloe,,,no,no,no,yes,no,False
103122333,METROPOLITAN NASHVILLE POLICE DEPT,20210552662,Davidson,Nashville,10/24/2021 10:32:00 AM,2,1,0,36.195090,-86.772240,DICKERSON PKE,,,,251.00,Feet,North,DOUGLAS AV,,,,0.00,N,Not at Intersection,N,Non-Junction,None,,,         ,Matthew,Cammarn,Clear,Angle,no,no,no,no,no,False
103122334,METROPOLITAN NASHVILLE POLICE DEPT,20210552674,Davidson,Nashville,10/24/2021 10:45:00 AM,2,0,0,36.166170,-86.778970,3RD AVN,,,,70.00,Feet,South,DEADERICK ST,,,,0.00,N,Not at Intersection, ,,None,,,         ,Wesley,Tilley,,,no,no,no,no,no,False
103122337,METROPOLITAN NASHVILLE POLICE DEPT,20210552733,Davidson,Nashville,10/24/2021 11:40:00 AM,1,0,0,36.040100,-86.744390,OLD HICKORY BLVD,,,,270.00,Feet,West,EDMONDSON PKE,,,,0.00,N,Not at Intersection, ,,None,,,         ,Jackson,Smythe,,,no,no,no,no,no,False
103122338,METROPOLITAN NASHVILLE POLICE DEPT,20210552699,Davidson,Nashville,10/24/2021 11:12:00 AM,2,1,0,36.222560,-86.774570,I 65,,,,0.00,,,,,,,88.45,N,Not at Intersection,Y,Non-Junction,None,,,         ,William,Coy,Clear,"Sideswipe, Same Direction",no,no,no,no,yes,False
103122339,METROPOLITAN NASHVILLE POLICE DEPT,20210552511,Davidson,Nashville,10/24/2021 7:15:00 AM,2,0,0,36.184490,-86.775650,I 24,,,,0.00,,,,,,,47.25,N,Not at Intersection,N,Non-Junction,None,,,         ,Mitchell,Cook,Cloudy,Front to Rear,no,no,no,no,yes,False
103122395,METROPOLITAN NASHVILLE POLICE DEPT,20210552754,Davidson,Nashville,10/24/2021 11:52:00 AM,2,0,0,36.128270,-86.779280,ELLIOTT AV,,,,0.00,,,BRADFORD AV,,,,0.00,Y,Four-Way,N,Intersection,None,,,         ,Nicholas,Smith,Clear,Angle,no,no,no,no,no,False
103122425,METROPOLITAN NASHVILLE POLICE DEPT,20210552725,Davidson,Nashville,10/24/2021 11:20:00 AM,2,0,0,36.149080,-86.863060,CHARLOTTE PKE,,,,391.00,Feet,South,LELLYETT ST,,,,0.00,N,Not at Intersection,N,Non-Junction,None,,,         ,Christopher,Gooding,Clear,Front to Rear,no,no,no,no,no,False
103122427,METROPOLITAN NASHVILLE POLICE DEPT,20210552651,Davidson,Nashville,10/24/2021 10:13:00 AM,2,2,0,36.085370,-86.647890,MURFREESBORO PKE,,,,560.00,Feet,East,UNA ANTIOCH PKE,,,,0.00,N,Not at Intersection,N,Non-Junction,None,,,         ,Kaytlin,huyler,Clear,HeadOn,no,no,no,no,no,False
103122428,METROPOLITAN NASHVILLE POLICE DEPT,20210552804,Davidson,Nashville,10/24/2021 12:25:00 PM,2,0,0,36.166760,-86.765020,I 24,,,,0.00,,,,,,,48.90,N,Not at Intersection, ,Non-Junction,None,,,         ,Jaren,Breece,Clear,Front to Rear,no,no,no,no,no,False
103122443,METROPOLITAN NASHVILLE POLICE DEPT,20210552639,Davidson,Not in City Limit,10/24/2021 9:56:00 AM,1,1,0,36.277930,-86.800960,I 24,,,,0.00,,,,,,,40.40,N,Not at Intersection,N,Non-Junction,None,,,         ,Jedidayah,Merriweather,Clear,Not Collision with Motor Vehicle in Transport,no,no,no,yes,no,False
103122458,METROPOLITAN NASHVILLE POLICE DEPT,20210552686,Davidson,Nashville,10/24/2021 11:04:00 AM,2,1,0,36.087320,-86.692450,HARDING PL,,,,80.00,Feet,West,ANTIOCH PKE,,,,0.00,N,Not at Intersection,N,Non-Junction,None,,,         ,Sandra,Fly,Clear,Front to Rear,no,no,no,no,no,False
103122465,METROPOLITAN NASHVILLE POLICE DEPT,2021-0551345,Davidson,Nashville,10/23/2021 12:00:00 AM,2,0,0,36.140570,-86.723700,I 40,,,,0.00,,,,,,,213.55,N,Not at Intersection,N,Non-Junction,None,,,         ,Frank,Walker,Clear,Front to Rear,no,no,no,no,no,False
103122495,METROPOLITAN NASHVILLE POLICE DEPT,20210552838,Davidson,Nashville,10/24/2021 2:01:00 PM,2,3,0,36.082160,-86.724500,SEVEN MILE CREEK HARDING MALL,,,,0.00,,,,,,,0.00,,,N,Non-Junction,None,,,         ,Jason,Hees,Clear,HeadOn,no,no,no,yes,no,False
103122496,METROPOLITAN NASHVILLE POLICE DEPT,20210552744,Davidson,Nashville,10/24/2021 12:05:00 PM,2,0,0,36.087780,-86.731170,NOLENSVILLE PKE,,,,431.00,Feet,North,ELYSIAN FIELDS CT,,,,0.00,N,Not at Intersection,N,Non-Junction,None,,,         ,Sandra,Fly,Clear,Front to Rear,no,no,no,no,no,False
103122518,METROPOLITAN NASHVILLE POLICE DEPT,20210552710,Davidson,Nashville,10/24/2021 11:35:00 AM,2,1,0,36.118300,-86.700320,MURFREESBORO PKE,,,,0.00,,,BRILEY PKWYS,,,,0.00,Y,Four-Way,Y,Intersection,None,,,         ,Tyler,Heckaman,Clear,HeadOn,no,no,no,no,no,False
103122522,METROPOLITAN NASHVILLE POLICE DEPT,20210552807,Davidson,Nashville,10/24/2021 1:04:00 PM,2,0,0,36.215070,-86.590080,LEBANON PKE,,,,478.00,Feet,West,ANDREW JACKSON PKWY,,,,0.00,N,Not at Intersection, ,Non-Junction,None,,,         ,Rex,Engelbert,Clear,Angle,no,no,no,no,no,False
103122524,THP District 3 - Nashville,321070438,Davidson,Not in City Limit,10/20/2021 10:34:00 PM,2,0,0,36.048060,-86.663430,I 24,,,,0.00,,,,,,,59.10,N,Not at Intersection, ,Non-Junction,Construction Zone,,,         ,Dakotah,Jacob,Clear,"Sideswipe, Same Direction",no,no,no,no,no,False
103122536,METROPOLITAN NASHVILLE POLICE DEPT,20210552918,Davidson,Nashville,10/24/2021 3:00:00 PM,2,0,0,36.152450,-86.766230,I 40,,,,0.00,,,,,,,210.60,N,Not at Intersection,N,Non-Junction,None,,,         ,Donovan,Coble,Clear,Front to Rear,no,no,no,no,no,False
103122543,METROPOLITAN NASHVILLE POLICE DEPT,20210552858,Davidson,Not in City Limit,10/24/2021 2:20:00 PM,2,3,0,36.267340,-86.746260,OLD HICKORY BLVDW,,,,0.00,,,NESBITT DR,,,,0.00,Y,T-Intersection,N,Non-Junction,None,,,         ,Kaitlyn,Qualls,Clear,Angle,no,no,no,no,no,False
103122550,METROPOLITAN NASHVILLE POLICE DEPT,20210552967,Davidson,Madison,10/24/2021 12:00:00 AM,2,0,0,36.281810,-86.721210,APPLE VALLEY RD,,,,4.00,Feet,East,N GRAYCROFT AV,,,,0.00,N,Not at Intersection,N,Non-Junction,None,,,         ,Vincent,McCrary,Clear,Angle,no,no,no,no,yes,False
103122575,METROPOLITAN NASHVILLE POLICE DEPT,20210552994,Davidson,Nashville,10/24/2021 4:23:00 PM,2,0,0,36.157060,-86.776190,5TH AVS,,,,201.00,Feet,North,KOREAN VETERANS BLVD,,,,0.00,N,Not at Intersection, ,Non-Junction,None,,,         ,Charles,Large,Clear,"Sideswipe, Same Direction",no,no,no,no,no,False
103122576,METROPOLITAN NASHVILLE POLICE DEPT,20210552459,Davidson,Nashville,10/24/2021 5:21:00 AM,1,0,0,36.116000,-86.747800,NOLENSVILLE PKE,,,,196.00,Feet,South,JOYNER AV,,,,0.00,N,Not at Intersection,N,Non-Junction,None,,,         ,Robert,Higgins,Clear,Not Collision with Motor Vehicle in Transport,no,no,no,no,yes,False
103122577,METROPOLITAN NASHVILLE POLICE DEPT,20210552993,Davidson,Nashville,10/24/2021 3:52:00 PM,2,0,0,36.160310,-86.760500,I 24,,,,0.00,,,,,,,49.60,N,Not at Intersection,N,Non-Junction,None,,,         ,David,Snowden,Clear,Front to Rear,no,no,no,no,no,False
103122578,METROPOLITAN NASHVILLE POLICE DEPT,20210552947,Davidson,Nashville,10/24/2021 3:51:00 PM,2,8,0,36.141690,-86.713510,I 40,,,,0.00,,,,,,,214.00,N,Not at Intersection,N,Non-Junction,None,,,         ,Joshua,Zambrano-Vera,Clear,"Sideswipe, Same Direction",no,no,no,no,no,False
103122581,METROPOLITAN NASHVILLE POLICE DEPT,20210553024,Davidson,Nashville,10/24/2021 4:30:00 PM,2,0,0,36.129240,-86.714380,MURFREESBORO PKE,,,,131.00,Feet,East,MILLWOOD DR,,,,0.00,N,Not at Intersection, ,,None,,,         ,Rami,Rouhi,,,no,no,no,no,no,False
103122582,METROPOLITAN NASHVILLE POLICE DEPT,20210553013,Davidson,Nashville,10/24/2021 2:45:00 PM,2,2,0,36.125860,-86.752590,GLENROSE AV,,,,0.00,,,NOLENSVILLE PKE,,,,0.00,Y,T-Intersection,N,Intersection,None,,,         ,Steven,Begley,Clear,Front to Rear,no,no,no,no,yes,False
103122597,METROPOLITAN NASHVILLE POLICE DEPT,20210553028,Davidson,Nashville,10/24/2021 4:56:00 PM,2,0,0,36.240380,-86.772970,MOOREWOOD DR,,,,4.00,Feet,North,DOVERSIDE DR,,,,0.00,N,Not at Intersection,N,Non-Junction,None,,,         ,Brandon,Lopez,Clear,Angle,no,no,no,no,no,False