master_record_number,agency,agency_tracking_number,county,city,collision_date,vehicles_involved,number_injured,number_dead,latitude,longitude,roadway_name,roadway_suffix,roadway_number,roadway_local_id,distance_from_reference,miles-feet_indicator,direction_from_reference,intersection_road_name,intersection_road_name_suffix,intersection_road_number,intersection_local_id,mile_marker,intersection_indicator,intersect_type,interchange_related_indicator,relation_to_junction,work_zone_type,construction_maintenance_zone,construction_maintenance_zone_location,fatal_case_number,officer_first_name,officer_last_name,weather_condition(s),manner_of_crash,pedestrian,bicycle,scooter,parking,hitrun,mou
103123223,METROPOLITAN NASHVILLE POLICE DEPT,20210554244,Davidson,Nashville,10/25/2021 12:15:00 PM,2,2,0,36.141610,-86.776580,I 65,,,,0.00,,,,,,,82.00,N,Not at Intersection,N,Non-Junction,None,,,         ,Earl,Davis,Clear,Front to Rear,no,no,no,no,no,False
103123224,METROPOLITAN NASHVILLE POLICE DEPT,20210554239,Davidson,Nashville,10/25/2021 12:00:00 PM,2,0,0,36.040420,-86.816890,OLD HICKORY BLVD,,,,155.00,Feet,West,GRANNY WHITE PKE,,,,0.00,N,Not at Intersection,N,Non-Junction,None,,,         ,Kaitlyn,Qualls,Clear,Front to Rear,no,no,no,no,no,False
103123231,METROPOLITAN NASHVILLE POLICE DEPT,20210554223,Davidson,Nashville,10/25/2021 12:00:00 AM,3,0,0,36.189150,-86.792290,I 65,,,,0.00,,,,,,,85.60,N,Not at Intersection,N,Non-Junction,None,,,         ,James,Thornton,Cloudy,Front to Rear,no,no,no,no,no,False
103123233,METROPOLITAN NASHVILLE POLICE DEPT,20210553970,Davidson,Nashville,10/25/2021 8:35:00 AM,2,1,0,36.193660,-86.831220,CLARKSVILLE PKE,,,,0.00,,,BUENA VISTA PKE,,,,0.00,Y,Four-Way,N,Intersection,None,,,         ,Nicholas,Hoffmann,Cloudy,Front to Rear,no,no,no,no,no,False
103123257,METROPOLITAN NASHVILLE POLICE DEPT,20210554388,Davidson,Nashville,10/25/2021 1:26:00 PM,2,0,0,36.049790,-86.666430,I 24,,,,0.00,,,,,,,58.90,N,Not at Intersection, ,Non-Junction,None,,,         ,Joe,Hooper,Cloudy,"Sideswipe, Same Direction",no,no,no,no,no,False
103123266,METROPOLITAN NASHVILLE POLICE DEPT,20210553098,Davidson,Nashville,10/24/2021 12:00:00 AM,1,0,0,36.077040,-86.811630,SAXON DR,,,,380.00,Feet,West,DRESDEN CIR,,,,0.00,N,Not at Intersection,N,Non-Junction,None,,,         ,Ashley,Kappenmacher,Clear,Not Collision with Motor Vehicle in Transport,no,no,no,no,no,False
103123283,METROPOLITAN NASHVILLE POLICE DEPT,20210554142,Davidson,Nashville,10/25/2021 9:50:00 AM,2,1,0,36.142590,-86.815500,WEST END AV,,,,0.00,Feet,,31ST AVN,,,,0.00,Y,Four-Way,N,Intersection,None,,,         ,laina,herod,Cloudy,Angle,no,no,no,no,no,Campus
103123298,METROPOLITAN NASHVILLE POLICE DEPT,20210554280,Davidson,Nashville,10/25/2021 12:40:00 PM,2,0,0,36.173760,-86.822550,ED TEMPLE BLVD,,,,10.00,Feet,South,DR WALTER S DAVIS BLVD,,,,0.00,N,Not at Intersection,N,Non-Junction,None,,,         ,Robert,Allen,Cloudy,Angle,no,no,no,no,yes,False
103123299,METROPOLITAN NASHVILLE POLICE DEPT,20210554218,Davidson,Nashville,10/25/2021 9:32:00 AM,2,0,0,36.100130,-86.711260,I 24,,,,0.00,,,,,,,54.55,N,Not at Intersection,N,Non-Junction,None,,,         ,Tyler,Heckaman,Clear,Front to Rear,no,no,no,no,no,False
103123306,VANDERBILT UNIVERSITY POLICE,20210554318,Davidson,Nashville,10/25/2021 12:58:00 PM,2,2,0,36.137330,-86.798140,WEDGEWOOD AV,,,,0.00,,,19TH AVS,,,,0.00,Y,T-Intersection,N,Intersection,None,,,         ,Christopher,Dion,,Angle,no,no,no,no,no,Campus
103123308,METROPOLITAN NASHVILLE POLICE DEPT,20210554210,Davidson,Nashville,10/25/2021 11:53:00 AM,2,0,0,36.157520,-86.790710,I 40,,,,0.00,,,,,,,209.00,N,Not at Intersection,N,Non-Junction,None,,,         ,Cherell,Kinchloe,Clear,Front to Rear,no,no,no,no,no,False
103123346,METROPOLITAN NASHVILLE POLICE DEPT,20210554397,Davidson,Nashville,10/25/2021 1:38:00 PM,2,0,0,36.166090,-86.766140,SHELBY AV,,,,150.00,Feet,West,I24 E ENT RAMP,,,,0.00,N,Not at Intersection,N,Non-Junction,None,,,         ,Joshua,Reece,Clear,Other,no,no,no,no,no,False
103123365,METROPOLITAN NASHVILLE POLICE DEPT,20210554443,Davidson,Nashville,10/25/2021 2:19:00 PM,2,2,0,36.127970,-86.753730,NOLENSVILLE PKE,,,,0.00,,,COLEMAN ST,,,,0.00,Y,T-Intersection,N,Intersection,None,,,         ,Earl,Davis,Cloudy,Front to Rear,no,no,no,no,no,False
103123366,METROPOLITAN NASHVILLE POLICE DEPT,20210554401,Davidson,Nashville,10/25/2021 10:30:00 AM,2,0,0,36.034540,-86.710310,MONTE CARLO DR,,,,187.00,Feet,East,MONTE CARLO CT,,,,0.00,N,Not at Intersection, ,,None,,,         ,Arend,Groeneweg,,,no,no,no,no,no,False
103123386,METROPOLITAN NASHVILLE POLICE DEPT,20210554480,Davidson,Nashville,10/25/2021 2:46:00 PM,2,2,0,36.109360,-86.727690,BRILEY PKWYN,,,,109.00,Feet,East,BRILEY PKWYS,,,,0.00,N,Not at Intersection,N,Entrance/Exit Ramp Related,None,,,         ,Gary,Anderson,Clear,Angle,no,no,no,no,no,False
103123387,METROPOLITAN NASHVILLE POLICE DEPT,20210554522,Davidson,Nashville,10/25/2021 2:30:00 PM,2,0,0,36.172430,-86.799220,I65 N ENT RAMP,,,,0.00,Feet,East,I 40,,,,0.00,N,Not at Intersection,Y,Non-Junction,None,,,         ,Kyle,Eicholtz,Cloudy,"Sideswipe, Same Direction",no,no,no,no,yes,False
103123407,BELLE MEADE POLICE DEPT,210223,Davidson,Belle Meade,10/25/2021 7:19:00 AM,1,0,0,36.096250,-86.860270,HARDING PL,,,,210.00,Feet,South,WESTOVER AV,,,,0.00,N,Not at Intersection, ,Non-Junction,None,,,         ,Michael,Germany,"Cloudy, Rain",Not Collision with Motor Vehicle in Transport,no,no,no,no,no,False
103123409,METROPOLITAN NASHVILLE POLICE DEPT,20210554461,Davidson,Nashville,10/25/2021 2:36:00 PM,2,1,0,36.043840,-86.661600,CANE RIDGE RD,,,,133.00,Feet,North,CANEWOOD DR,,,,0.00,N,Not at Intersection,N,Non-Junction,None,,,         ,Thomas,Parsons,Cloudy,Angle,no,no,no,no,no,False
103123421,METROPOLITAN NASHVILLE POLICE DEPT,20210554513,Davidson,Nashville,10/25/2021 3:03:00 PM,2,1,0,36.179650,-86.773920,I 24,,,,0.00,,,,,,,47.70,N,Not at Intersection,N,Non-Junction,None,,,         ,Tyler,Lewis,Cloudy,Front to Rear,no,no,no,no,no,False
103123426,METROPOLITAN NASHVILLE POLICE DEPT,20210554575,Davidson,Nashville,10/25/2021 3:50:00 PM,2,0,0,36.055190,-86.674910,I 24,,,,0.00,,,,,,,58.30,N,Not at Intersection, ,Non-Junction,None,,,         ,Joseph,Hurst,Clear,Front to Rear,no,no,no,no,no,False
103123444,METROPOLITAN NASHVILLE POLICE DEPT,2021-0551264,Davidson,Nashville,10/23/2021 12:00:00 AM,2,1,0,36.141210,-86.731620,I 40,,,,0.00,,,,,,,212.80,N,Not at Intersection,N,Non-Junction,None,,,         ,Frank,Walker,Cloudy,Front to Rear,no,no,no,no,no,False
103123450,METROPOLITAN NASHVILLE POLICE DEPT,20210554559,Davidson,Nashville,10/25/2021 3:35:00 PM,2,1,0,36.161070,-86.840310,44TH AVN,,,,8.00,Feet,North,TENNESSEE AV,,,,0.00,N,Not at Intersection,N,Non-Junction,None,,,         ,Ryan,Papp,Clear,Front to Rear,no,no,no,no,no,False
103123457,METROPOLITAN NASHVILLE POLICE DEPT,20210554548,Davidson,Not in City Limit,10/25/2021 11:15:00 AM,2,0,0,36.256690,-86.714180,GALLATIN PKES,,,,196.00,Feet,North,NEELYS BEND RD,,,,0.00,N,Not at Intersection,N,Non-Junction,None,,,         ,Derek,Sibley,Unknown,Unknown,no,no,no,no,yes,False
103123458,METROPOLITAN NASHVILLE POLICE DEPT,20210554584,Davidson,Not in City Limit,10/25/2021 3:32:00 PM,2,0,0,36.262620,-86.684380,E OLD HICKORY BLVD,,,,0.00,,,LARKIN SPRINGS RD,,,,0.00,Y,Four-Way,Y,Intersection,None,,,         ,Derek,Sibley,Cloudy,Angle,no,no,no,no,yes,False
103123474,METROPOLITAN NASHVILLE POLICE DEPT,20210554655,Davidson,Nashville,10/25/2021 4:50:00 PM,2,0,0,36.132880,-86.829980,WEST END AV,,,,180.00,Feet,West,LEONARD AV,,,,0.00,N,Not at Intersection,N,Non-Junction,None,,,         ,Heather,Fox,Clear,Front to Rear,no,no,no,no,no,False
103123475,METROPOLITAN NASHVILLE POLICE DEPT,20210554634,Davidson,Not in City Limit,10/25/2021 4:25:00 PM,2,0,0,36.268750,-86.859860,CLARKSVILLE PKE,,,,4.00,Feet,North,SIMPKINS RD,,,,0.00,N,Not at Intersection, ,Non-Junction,None,,,         ,Sefer,Kerim,Cloudy,Front to Rear,no,no,no,no,no,False
103123489,METROPOLITAN NASHVILLE POLICE DEPT,20210554643,Davidson,Not in City Limit,10/25/2021 4:42:00 PM,1,2,0,36.343620,-86.792020,GREER RD,,,,1728.00,Feet,South,IVEY POINT RD,,,,0.00,N,Not at Intersection,N,Non-Junction,None,,,         ,Kyle,Eicholtz,Cloudy,Not Collision with Motor Vehicle in Transport,no,no,no,no,no,False
103123493,METROPOLITAN NASHVILLE POLICE DEPT,20210554632,Davidson,Nashville,10/25/2021 4:27:00 PM,2,1,0,36.069790,-86.695880,HAYWOOD LN,,,,0.00,Feet,East,KEELEY DR,,,,0.00,N,Not at Intersection,N,Non-Junction,None,,,         ,Beri,Scott,Cloudy,Front to Rear,no,no,no,no,yes,False
103123514,METROPOLITAN NASHVILLE POLICE DEPT,20210554694,Davidson,Not in City Limit,10/25/2021 5:15:00 PM,2,0,0,36.261240,-86.712530,GALLATIN PKES,,,,0.00,,,MAPLE ST,,,,0.00,Y,T-Intersection,N,Intersection,None,,,         ,Forrest,Punke,Clear,Angle,no,no,no,no,yes,False
103123522,METROPOLITAN NASHVILLE POLICE DEPT,20210554593,Davidson,Nashville,10/25/2021 4:00:00 PM,1,1,0,36.128210,-86.695540,BRILEY PKWY,,,,79.00,Feet,North,KENTON PL,,,,0.00,N,Not at Intersection,N,Non-Junction,None,,,         ,Joseph,Simon,Clear,Not Collision with Motor Vehicle in Transport,no,no,no,no,no,False
103123538,METROPOLITAN NASHVILLE POLICE DEPT,20210554760,Davidson,Nashville,10/25/2021 6:10:00 PM,2,0,0,36.074480,-86.920940,OLD HICKORY BLVD,,,,0.00,Feet,,HIGHWAY 70S,,,,0.00,Y,Four-Way,N,Intersection-Related,None,,,         ,Dylan,Colquhoun,Clear,Angle,no,no,no,no,no,False
103123554,METROPOLITAN NASHVILLE POLICE DEPT,20210554725,Davidson,Not in City Limit,10/25/2021 5:20:00 PM,2,0,0,36.322640,-86.859390,I 24,,,,0.00,,,,,,,35.45,N,Not at Intersection,N,Non-Junction,None,,,         ,Sefer,Kerim,Cloudy,"Sideswipe, Same Direction",no,no,no,no,yes,False
103123566,METROPOLITAN NASHVILLE POLICE DEPT,20210554657,Davidson,Not in City Limit,10/25/2021 3:30:00 PM,2,0,0,36.306700,-86.817750,I 24,,,,0.00,,,,,,,38.20,N,Not at Intersection, ,Non-Junction,None,,,         ,Keegan,Winchell,Cloudy,"Sideswipe, Same Direction",no,no,no,no,no,False
103123592,METROPOLITAN NASHVILLE POLICE DEPT,20210554682,Davidson,Nashville,10/25/2021 5:05:00 PM,2,0,0,36.081140,-86.726820,NOLENSVILLE PKE,,,,551.00,Feet,South,WELSHWOOD DR,,,,0.00,N,Not at Intersection,N,Non-Junction,None,,,         ,Tyler,Shanks,Clear,Angle,no,no,no,no,no,False
103123596,METROPOLITAN NASHVILLE POLICE DEPT,20210554902,Davidson,Nashville,10/25/2021 7:40:00 PM,2,0,0,36.124830,-86.752100,NOLENSVILLE PKE,,,,65.00,Feet,South,ROSEDALE AV,,,,0.00,N,Not at Intersection,N,Non-Junction,None,,,         ,Samuel,Sundra,Clear,"Sideswipe, Same Direction",no,no,no,no,yes,False
103123601,METROPOLITAN NASHVILLE POLICE DEPT,20210554832,Davidson,Nashville,10/25/2021 7:20:00 PM,1,1,0,36.174740,-86.614260,DODSON CHAPEL RD,,,,3.00,Feet,North,CENTRAL PKE,,,,0.00,N,Not at Intersection,Y,Non-Junction,None,,,         ,Cameron,Van Der Merwe,Cloudy,Not Collision with Motor Vehicle in Transport,yes,no,no,no,no,False
103123602,METROPOLITAN NASHVILLE POLICE DEPT,20210554850,Davidson,Nashville,10/25/2021 7:20:00 PM,2,0,0,36.165240,-86.764050,I 24,,,,0.00,,,,,,,49.05,N,Not at Intersection,N,Non-Junction,None,,,         ,Courtney,Kirtley,Cloudy,"Sideswipe, Same Direction",no,no,no,no,no,False
103123638,METROPOLITAN NASHVILLE POLICE DEPT,20210554963,Davidson,Nashville,10/25/2021 9:09:00 PM,2,0,0,36.179760,-86.773970,I 24,,,,0.00,,,,,,,47.70,N,Not at Intersection,N,Non-Junction,None,,,         ,Tyler,Lewis,Clear,"Sideswipe, Same Direction",no,no,no,no,yes,False
103123683,METROPOLITAN NASHVILLE POLICE DEPT,20210555054,Davidson,Nashville,10/25/2021 10:30:00 PM,1,0,0,36.254370,-86.651130,ROBINSON RD,,,,201.00,Feet,East,NEWPORT DR,,,,0.00,N,Not at Intersection, ,,None,,,         ,Nelson,Hemingway,,,no,no,no,no,no,False
103123684,METROPOLITAN NASHVILLE POLICE DEPT,20210554890,Davidson,Nashville,10/25/2021 4:18:00 PM,2,0,0,36.159660,-86.818760,28TH AVN,,,,197.00,Feet,South,BOOKER ST,,,,0.00,N,Not at Intersection,N,Non-Junction,None,,,         ,Tristen,Mayfield,Cloudy,Front to Rear,no,no,no,no,yes,False
103123685,METROPOLITAN NASHVILLE POLICE DEPT,20210554936,Davidson,Nashville,10/25/2021 8:47:00 PM,2,1,0,36.169680,-86.821300,W HEIMAN ST,,,,0.00,Feet,,ED TEMPLE BLVD,,,,0.00,Y,Four-Way,Y,Intersection,None,,,         ,Tristen,Mayfield,Cloudy,Angle,no,no,no,no,yes,False
103123687,METROPOLITAN NASHVILLE POLICE DEPT,20210555027,Davidson,Nashville,10/25/2021 10:06:00 PM,2,0,0,36.045100,-86.659320,BELL RD,,,,143.00,Feet,East,I24 E ENT RAMP,,,,0.00,N,Not at Intersection, ,,None,,,         ,Brian,Sherman,,,no,no,no,no,no,False
103123694,METROPOLITAN NASHVILLE POLICE DEPT,20210555067,Davidson,Nashville,10/25/2021 10:49:00 PM,2,0,0,36.202170,-86.740040,DOZIER PL,,,,202.00,Feet,West,GALLATIN PKE,,,,0.00,N,Not at Intersection, ,"Driveway, Alley Access, etc",None,,,         ,Zachary,Cooper,Clear,"Sideswipe, Same Direction",no,no,no,yes,no,False
103123712,METROPOLITAN NASHVILLE POLICE DEPT,20210555036,Davidson,Not in City Limit,10/25/2021 10:16:00 PM,1,0,0,36.137920,-86.949920,RIVER ROAD PKE,,,,1739.00,Feet,East,INDIAN CREEK RD,,,,0.00,N,Not at Intersection,N,Non-Junction,None,,,         ,Jeremy,Huffine,Clear,Not Collision with Motor Vehicle in Transport,no,no,no,no,no,False
103123713,METROPOLITAN NASHVILLE POLICE DEPT,20210555071,Davidson,Nashville,10/25/2021 12:00:00 AM,2,0,0,36.117760,-86.725730,OLD GLENROSE AV,,,,24.00,Feet,East,GLENROSE AV,,,,0.00,N,Not at Intersection,N,Non-Junction,None,,,         ,Antoine,Maghamez,Clear,Front to Rear,no,no,no,no,no,False
103123714,METROPOLITAN NASHVILLE POLICE DEPT,20210555171,Davidson,Nashville,10/25/2021 12:00:00 AM,2,0,0,36.149390,-86.774220,I 40,,,,0.00,,,,,,,210.10,N,Not at Intersection,N,Non-Junction,None,,,         ,Tristan,Krausman,Clear,"Sideswipe, Same Direction",no,no,no,no,yes,False
103123720,METROPOLITAN NASHVILLE POLICE DEPT,20210554990,Davidson,Nashville,10/25/2021 9:27:00 PM,2,0,0,36.170340,-86.755110,SHELBY AV,,,,267.00,Feet,West,S 9TH ST,,,,0.00,N,Not at Intersection,N,Non-Junction,None,,,         ,James,Harben,Clear,Angle,no,no,no,no,yes,False
103123726,THP District 3 - Nashville,321071232,Davidson,Nashville,10/24/2021 1:51:00 PM,2,3,0,36.045740,-86.674350,BELL RD,,,,0.00,,,BLUE HOLE RD,,,,0.00,Y,Four-Way,N,Intersection,None,,,         ,Jennifer,Hicks,Clear,Angle,no,no,no,no,no,False
103123732,METROPOLITAN NASHVILLE POLICE DEPT,20210553730,Davidson,Nashville,10/25/2021 5:05:00 AM,2,0,0,36.040020,-86.780850,OLD HICKORY BLVD,,,,0.00,,,I65 N EXT RAMP,,,,0.00,Y,OTHER, ,Entrance/Exit Ramp Related,None,,,         ,David,Barras,Rain,Front to Rear,no,no,no,no,no,False
103123747,METROPOLITAN NASHVILLE POLICE DEPT,20210555182,Davidson,Nashville,10/20/2021 12:00:00 AM,2,0,0,36.174580,-86.869900,BRILEY PKWYN,,,,372.00,Feet,North,BRILEY PKWY N ENT RAMP,,,,0.00,N,Not at Intersection, ,Non-Junction,None,,,         ,Christopher,Cantrell,Clear,Other,no,no,no,no,yes,False
103123753,METROPOLITAN NASHVILLE POLICE DEPT,20210555412,Davidson,Nashville,10/26/2021 2:55:00 AM,2,0,0,36.157110,-86.774670,KOREAN VETERANS BLVD,,,,0.00,,,4TH AVS,,,,0.00,Y,Four-Way,N,Intersection,None,,,         ,Nathaniel,Jones,Clear,"Sideswipe, Same Direction",no,no,no,no,yes,False
103123762,METROPOLITAN NASHVILLE POLICE DEPT,20210555421,Davidson,Nashville,10/26/2021 3:19:00 AM,1,0,0,36.081400,-86.699910,LINBAR DR,,,,609.00,Feet,East,WALLACE RD,,,,0.00,N,Not at Intersection,N,Non-Junction,None,,,         ,Autumn,Manning,Clear,Not Collision with Motor Vehicle in Transport,no,no,no,yes,no,False
103123765,METROPOLITAN NASHVILLE POLICE DEPT,20210555124,Davidson,Nashville,10/25/2021 11:20:00 PM,2,0,0,36.090330,-86.626500,SMITH SPRINGS RD,,,,0.00,Feet,,BELL RD,,,,0.00,Y,Four-Way,N,Intersection-Related,None,,,         ,Hunter,Hodge,,Angle,no,no,no,no,no,False
103123780,METROPOLITAN NASHVILLE POLICE DEPT,20210555449,Davidson,Nashville,10/26/2021 3:49:00 AM,2,1,0,36.164290,-86.762940,I 24,,,,0.00,,,,,,,49.15,N,Not at Intersection,N,Non-Junction,None,,,         ,Peter,Kinsey,,Front to Rear,no,no,no,no,yes,False
103123799,METROPOLITAN NASHVILLE POLICE DEPT,20210555533,Davidson,Nashville,10/26/2021 5:38:00 AM,2,1,0,36.157980,-86.772640,2ND AVS,,,,0.00,Feet,,KOREAN VETERANS BLVD,,,,0.00,Y,Four-Way,N,Non-Junction,None,,,         ,Cory,Fetner,Clear,Angle,no,no,no,no,no,False
103123816,METROPOLITAN NASHVILLE POLICE DEPT,20210554275,Davidson,Nashville,10/25/2021 11:10:00 AM,2,0,0,36.059960,-86.672110,BLUE HOLE RD,,,,0.00,,,ANTIOCH PKE,,,,0.00,Y,T-Intersection, ,Intersection,None,,,         ,Donald,Davidson,Cloudy,"Sideswipe, Same Direction",no,no,no,no,no,False
103123837,METROPOLITAN NASHVILLE POLICE DEPT,20210555447,Davidson,Nashville,10/26/2021 3:30:00 AM,2,0,0,36.217480,-86.811620,VANDERHORST DR,,,,492.00,Feet,West,WALKER LN,,,,0.00,N,Not at Intersection,N,Non-Junction,None,,,         ,Alquavious,McDaniel,Clear,Rear to Side,no,no,no,no,yes,False
103123840,METROPOLITAN NASHVILLE POLICE DEPT,20210555599,Davidson,Nashville,10/26/2021 6:28:00 AM,1,0,0,36.198170,-86.611460,TYLER DR,,,,436.00,Feet,West,MONA DR,,,,0.00,N,Not at Intersection,N,Non-Junction,None,,,         ,Rachael,Robinson,Cloudy,Not Collision with Motor Vehicle in Transport,no,no,no,no,no,False
103123845,METROPOLITAN NASHVILLE POLICE DEPT,20210554326,Davidson,Nashville,10/25/2021 8:39:00 AM,2,0,0,36.056650,-86.676120,I 24,,,,0.00,,,,,,,58.15,N,Not at Intersection,N,Non-Junction,None,,,         ,Donald,Davidson,Rain,Front to Rear,no,no,no,no,yes,False
103123849,METROPOLITAN NASHVILLE POLICE DEPT,20210555590,Davidson,Nashville,10/26/2021 6:37:00 AM,3,0,0,36.156020,-86.788860,GEORGE L DAVIS BLVD,,,,4.00,Feet,North,BROADWAY,,,,0.00,N,Not at Intersection, ,,None,,,         ,Sean,Herman,,,no,no,no,no,no,False
103123851,METROPOLITAN NASHVILLE POLICE DEPT,202105555566,Davidson,Nashville,10/26/2021 6:20:00 AM,2,0,0,36.154630,-86.779160,LAFAYETTE ST,,,,0.00,,,8TH AVS,,,,0.00,Y,Roundabout, ,Intersection,None,,,         ,Wesley,Young,Clear,Angle,no,no,no,no,no,False
103123852,METROPOLITAN NASHVILLE POLICE DEPT,20210555633,Davidson,Nashville,10/26/2021 7:08:00 AM,2,0,0,36.142420,-86.680200,I 40,,,,0.00,,,,,,,215.80,N,Not at Intersection, ,Non-Junction,None,,,         ,Dylan,Chambers,Clear,Front to Rear,no,no,no,no,no,False
103123866,METROPOLITAN NASHVILLE POLICE DEPT,20210555551,Davidson,Not in City Limit,10/26/2021 5:55:00 AM,4,4,0,36.312690,-86.830400,I 24,,,,0.00,,,,,,,37.40,N,Not at Intersection,N,Non-Junction,None,,,         ,Thomas,Clingan,Clear,Front to Rear,no,no,no,no,no,False
103123891,METROPOLITAN NASHVILLE POLICE DEPT,20210555662,Davidson,Nashville,10/26/2021 7:40:00 AM,2,0,0,36.155550,-86.629810,I 40,,,,0.00,,,,,,,218.90,N,Not at Intersection,N,Non-Junction,None,,,         ,Ian,Hammond,Cloudy,Angle,no,no,no,no,no,False
103123900,METROPOLITAN NASHVILLE POLICE DEPT,20210555748,Davidson,Nashville,10/26/2021 8:07:00 AM,2,0,0,36.183840,-86.775490,I 24,,,,0.00,,,,,,,47.30,N,Not at Intersection,N,Non-Junction,None,,,         ,Wesley,Young,Clear,"Sideswipe, Same Direction",no,no,no,no,yes,False
103123912,METROPOLITAN NASHVILLE POLICE DEPT,20210555676,Davidson,Nashville,10/26/2021 7:50:00 AM,2,1,0,36.234900,-86.815980,WHITES CREEK PKE,,,,129.00,Feet,North,BRILEY PKWY W EXT RAMP,,,,0.00,N,Not at Intersection,N,Non-Junction,None,,,         ,William,Coy,Clear,Angle,no,no,no,no,no,False
103123913,METROPOLITAN NASHVILLE POLICE DEPT,20210555660,Davidson,Nashville,10/26/2021 12:00:00 AM,1,0,0,36.148330,-86.762010,LAFAYETTE ST,,,,231.00,Feet,South,CHARLES E DAVIS BLVD,,,,0.00,N,Not at Intersection,N,Non-Junction,None,,,         ,Todd,Watson,Unknown,Not Collision with Motor Vehicle in Transport,no,no,no,yes,yes,False
103123917,METROPOLITAN NASHVILLE POLICE DEPT,20210555767,Davidson,Nashville,10/26/2021 8:40:00 AM,1,0,0,36.158560,-86.864450,BRILEY PKWYS,,,,275.00,Feet,West,BRILEY PKWYN,,,,0.00,N,Not at Intersection, ,Non-Junction,None,,,         ,Douglas,Atwood,Cloudy,Not Collision with Motor Vehicle in Transport,no,no,no,no,no,False
103123921,METROPOLITAN NASHVILLE POLICE DEPT,20210555790,Davidson,Antioch,10/26/2021 8:40:00 AM,2,0,0,36.040690,-86.604430,MURFREESBORO PKE,,,,634.00,Feet,North,OLD HICKORY BLVD,,,,0.00,N,Not at Intersection,N,Non-Junction,None,,,         ,Joe,Hooper,Cloudy,Front to Rear,no,no,no,no,no,False
103123923,METROPOLITAN NASHVILLE POLICE DEPT,20210555685,Davidson,Nashville,10/26/2021 8:00:00 AM,2,1,0,36.195140,-86.725040,PORTER RD,,,,9.00,Feet,South,CAHAL AV,,,,0.00,N,Not at Intersection,N,Non-Junction,None,,,         ,Bryan,Malone,Clear,Angle,no,no,no,no,no,False
103123934,METROPOLITAN NASHVILLE POLICE DEPT,20210555786,Davidson,Nashville,10/26/2021 8:57:00 AM,2,1,0,36.115557,-86.464901,,,I440,,0.50,Miles,East,,,,,4.20,N,Not at Intersection,Y,Entrance/Exit Ramp Related,None,,,         ,Earl,Davis,Clear,Front to Rear,no,no,no,no,no,False
103123939,METROPOLITAN NASHVILLE POLICE DEPT,20210555587,Davidson,Not in City Limit,10/26/2021 6:44:00 AM,2,1,0,36.301610,-86.886280,CLARKSVILLE PKE,,,,55.00,Feet,South,EATONS CREEK RD,,,,0.00,N,Not at Intersection,N,Non-Junction,None,,,         ,Jeanine,Sarno,Clear,Front to Rear,no,no,no,no,no,False
103123946,GOODLETTSVILLE POLICE DEPT,21-30022,Davidson,Goodlettsville,10/26/2021 8:15:00 AM,2,0,0,36.309180,-86.689990,VIETNAM VETERANS BLVDS,,,,403.00,Feet,East,VIETNAM VETERANS BLVD SB EXT R,,,,0.00,N,Not at Intersection,N,Non-Junction,None,,,         ,Benny,Alexander,Cloudy,Front to Rear,no,no,no,no,no,False
103123961,METROPOLITAN NASHVILLE POLICE DEPT,20210555863,Davidson,Not in City Limit,10/26/2021 9:11:00 AM,2,0,0,35.995070,-86.687360,NOLENSVILLE RD,,,,197.00,Feet,West,SOUTHPOINT PKWY,,,,0.00,N,Not at Intersection, ,Non-Junction,None,,,         ,Joe,Hooper,Cloudy,Front to Rear,no,no,no,no,no,False
103123962,METROPOLITAN NASHVILLE POLICE DEPT,20210555691,Davidson,Nashville,10/26/2021 8:02:00 AM,2,0,0,36.205900,-86.771320,WEST TRINITY LANE,,,,0.00,,,,,SR,,0.00,Y,T-Intersection,N,Intersection,None,,,         ,Faye,Denson,Clear,Angle,no,no,no,no,no,False
103123964,VANDERBILT UNIVERSITY POLICE,20210555760,Davidson,Nashville,10/26/2021 8:05:00 AM,2,0,0,36.138030,-86.805050,BLAKEMORE AV,,,,0.00,,,24TH AVS,,,,0.00,Y,Four-Way, ,Non-Junction,None,,,         ,Adam,Dorris,,"Sideswipe, Same Direction",no,no,no,no,no,Campus
103123966,METROPOLITAN NASHVILLE POLICE DEPT,20210555893,Davidson,Nashville,10/26/2021 10:07:00 AM,2,0,0,36.170810,-86.601630,I40 W ENT RAMP,,,,0.00,Feet,,I 40,,,,0.00,Y,OTHER, ,Intersection,None,,,         ,Ian,Hammond,Cloudy,Angle,no,no,no,no,no,False
103123971,METROPOLITAN NASHVILLE POLICE DEPT,20210555871,Davidson,Nashville,10/26/2021 12:00:00 AM,2,0,0,36.159900,-86.795550,CHARLOTTE AV,,,,55.00,Feet,West,15TH AVN,,,,0.00,N,Not at Intersection,N,OtherLocation,None,,,         ,Earl,Davis,Clear,Front to Rear,no,no,no,yes,yes,False
103123974,METROPOLITAN NASHVILLE POLICE DEPT,20210555779,Davidson,Nashville,10/26/2021 6:40:00 AM,2,0,0,36.179810,-86.876850,CENTENNIAL BLVD,,,,796.00,Feet,East,CENTENNIAL PL,,,,0.00,N,Not at Intersection,N,Non-Junction,None,,,         ,George,Spencer,Cloudy,Front to Rear,no,no,no,no,no,False