master_record_number,agency,agency_tracking_number,county,city,collision_date,vehicles_involved,number_injured,number_dead,latitude,longitude,roadway_name,roadway_suffix,roadway_number,roadway_local_id,distance_from_reference,miles-feet_indicator,direction_from_reference,intersection_road_name,intersection_road_name_suffix,intersection_road_number,intersection_local_id,mile_marker,intersection_indicator,intersect_type,interchange_related_indicator,relation_to_junction,work_zone_type,construction_maintenance_zone,construction_maintenance_zone_location,fatal_case_number,officer_first_name,officer_last_name,weather_condition(s),manner_of_crash,pedestrian,bicycle,scooter,parking,hitrun,mou
103123983,METROPOLITAN NASHVILLE POLICE DEPT,20210555607,Davidson,Nashville,10/26/2021 6:54:00 AM,4,1,0,36.141210,-86.717380,I 40,,,,0.00,,,,,,,213.20,N,Not at Intersection,N,Non-Junction,None,,,         ,Eric,Cunningham,Clear,Front to Rear,no,no,no,no,yes,False
103123984,METROPOLITAN NASHVILLE POLICE DEPT,20210555711,Davidson,Nashville,10/26/2021 8:17:00 AM,2,0,0,36.169890,-86.674420,LEBANON PKE,,,,0.00,,,GRAYLYNN DR,,,,0.00,Y,T-Intersection,N,Intersection,None,,,         ,Dylan,Chambers,Clear,Angle,no,no,no,no,no,False
103123987,METROPOLITAN NASHVILLE POLICE DEPT,20210555864,Davidson,Nashville,10/26/2021 9:40:00 AM,2,0,0,36.157500,-86.781210,8TH AVS,,,,157.00,Feet,South,MCGAVOCK ST,,,,0.00,N,Not at Intersection, ,Non-Junction,None,,,         ,Jerrod,Kalinsky,Clear,Front to Rear,no,no,no,no,no,False
103123989,METROPOLITAN NASHVILLE POLICE DEPT,20210555877,Davidson,Nashville,10/26/2021 12:00:00 AM,2,0,0,36.127570,-86.750220,ROSEMARY LN,,,,301.00,Feet,North,VIVELLE AV,,,,0.00,N,Not at Intersection,N,Non-Junction,None,,,         ,Todd,Watson,Unknown,Unknown,no,no,no,no,yes,False
103123990,METROPOLITAN NASHVILLE POLICE DEPT,20210555849,Davidson,Nashville,10/26/2021 12:00:00 AM,1,0,0,36.110470,-86.701980,MCGAVOCK PKE,,,,534.00,Feet,South,SCHOOL LN,,,,0.00,N,Not at Intersection, ,Non-Junction,None,,,         ,Charles,Wakefield,Clear,Not Collision with Motor Vehicle in Transport,no,no,no,no,yes,False
103124003,METROPOLITAN NASHVILLE POLICE DEPT,20210555829,Davidson,Nashville,10/26/2021 9:20:00 AM,2,0,0,36.240910,-86.753720,BRILEY PKWYE,,,,484.00,Feet,West,BRILEY PKWYW,,,,0.00,N,Not at Intersection,N,Non-Junction,None,,,         ,John,Braxton,Cloudy,"Sideswipe, Same Direction",no,no,no,no,yes,False
103124010,VANDERBILT UNIVERSITY POLICE,20210555880,Davidson,Nashville,10/26/2021 9:45:00 AM,2,0,0,36.149110,-86.804760,23RD AVN,,,,115.00,Feet,North,WEST END AV,,,,0.00,N,Not at Intersection,N,"Driveway, Alley Access, etc",None,,,         ,Charles,Stevens,Clear,Angle,no,no,no,no,yes,Campus
103124015,METROPOLITAN NASHVILLE POLICE DEPT,20210555787,Davidson,Nashville,10/26/2021 9:04:00 AM,1,1,0,36.103460,-86.932640,I 40,,,,0.00,,,,,,,198.45,N,Not at Intersection,N,Non-Junction,None,,,         ,Adam,Kauffman,Clear,Not Collision with Motor Vehicle in Transport,no,no,no,no,no,False
103124021,METROPOLITAN NASHVILLE POLICE DEPT,20210556014,Davidson,Goodlettsville,10/26/2021 11:00:00 AM,2,0,0,36.302140,-86.692720,TWIN HILLS DR,,,,0.00,,,GALLATIN PKEN,,,,0.00,Y,Four-Way, ,Intersection-Related,None,,,         ,James,Gilliam,Cloudy,"Sideswipe, Same Direction",no,no,no,no,yes,False
103124040,METROPOLITAN NASHVILLE POLICE DEPT,20210556064,Davidson,Nashville,10/26/2021 11:37:00 AM,2,0,0,36.206750,-86.777890,BRICK CHURCH PKE,,,,48.00,Feet,North,W TRINITY LN,,,,0.00,N,Not at Intersection,N,Non-Junction,None,,,         ,William,Coy,Clear,Angle,no,no,no,no,yes,False
103124106,TENNESSEE STATE UNIVERSITY ,21-38542,Davidson,Nashville,10/25/2021 2:13:00 PM,3,0,0,36.164560,-86.834000,39TH AVN,,,,356.00,Feet,North,ALAMEDA ST,,,,0.00,N,Not at Intersection,N,Non-Junction,None,,,         ,Inice,Wagner,Cloudy,Front to Rear,no,no,no,yes,no,False
103124108,METROPOLITAN NASHVILLE POLICE DEPT,20210555936,Davidson,Nashville,10/25/2021 8:00:00 PM,2,0,0,36.182280,-86.750040,MAXWELL AV,,,,221.00,Feet,East,CLEO MILLER DR,,,,0.00,N,Not at Intersection, ,Non-Junction,None,,,         ,Daniel,Carney,Clear,Front to Rear,no,no,no,no,yes,False
103124111,METROPOLITAN NASHVILLE POLICE DEPT,20210555813,Davidson,Nashville,10/25/2021 7:00:00 PM,1,0,0,36.182360,-86.775940,COWAN ST,,,,0.00,,,,,,,0.00,,,N,Non-Junction,None,,,         ,Erik,Wagner,Cloudy,Not Collision with Motor Vehicle in Transport,no,no,no,yes,yes,False
103124113,METROPOLITAN NASHVILLE POLICE DEPT,20210556153,Davidson,Nashville,10/26/2021 12:24:00 PM,2,0,0,36.188850,-86.797880,ROSA L PARKS BLVD,,,,368.00,Feet,West,DOMINICAN DR,,,,0.00,N,Not at Intersection, ,Non-Junction,None,,,         ,David,Kmosko,Clear,Rear to Rear,no,no,no,yes,yes,False
103124121,METROPOLITAN NASHVILLE POLICE DEPT,20210556151,Davidson,Nashville,10/26/2021 12:22:00 PM,2,0,0,36.162630,-86.761430,I 24,,,,0.00,,,,,,,49.30,N,Not at Intersection, ,Non-Junction,None,,,         ,Theodore,Kenney,Clear,Front to Rear,no,no,no,no,no,False
103124130,METROPOLITAN NASHVILLE POLICE DEPT,20210556204,Davidson,Nashville,10/26/2021 12:35:00 PM,2,0,0,36.119920,-86.808510,HILLSBORO PKE,,,,143.00,Feet,North,STOKES LN,,,,0.00,N,Not at Intersection, ,Non-Junction,None,,,         ,Douglas,Atwood,Cloudy,"Sideswipe, Same Direction",no,no,no,no,no,False
103124148,METROPOLITAN NASHVILLE POLICE DEPT,20210556130,Davidson,Nashville,10/26/2021 12:05:00 PM,2,3,0,36.136550,-86.858080,WHITE BRIDGE PKE,,,,59.00,Feet,North,STONEWAY TRL,,,,0.00,N,Not at Intersection,N,Non-Junction,None,,,         ,Charles,Agius,Clear,Front to Rear,no,no,no,no,no,False
103124149,METROPOLITAN NASHVILLE POLICE DEPT,20210556292,Davidson,Goodlettsville,10/26/2021 12:00:00 AM,2,0,0,36.292170,-86.704480,RIVERGATE SQUARE PVTDR,,,,378.00,Feet,East,ALTUS AV,,,,0.00,N,Not at Intersection, ,,None,,,         ,Chase,Carter,,,no,no,no,yes,no,False
103124150,METROPOLITAN NASHVILLE POLICE DEPT,20210556319,Davidson,Nashville,10/26/2021 1:57:00 PM,2,0,0,36.152920,-86.858040,WHITE BRIDGE PKE EXT RAMP,,,,0.00,Feet,East,I40 W ENT RAMP,,,,0.00,N,Not at Intersection, ,Entrance/Exit Ramp Related,None,,,         ,Jared,Dick,Clear,Angle,no,no,no,no,no,False
103124151,METROPOLITAN NASHVILLE POLICE DEPT,20210556143,Davidson,Nashville,10/26/2021 12:20:00 PM,2,0,0,36.152630,-86.857650,BRILEY PKWY,,,,63.00,Feet,North,I40 E ENT RAMP,,,,0.00,N,Not at Intersection,Y,Entrance/Exit Ramp Related,None,,,         ,George,Spencer,Cloudy,Angle,no,no,no,no,no,False
103124154,METROPOLITAN NASHVILLE POLICE DEPT,20210554759,Davidson,Nashville,10/25/2021 12:00:00 AM,3,0,0,36.111440,-86.758000,THOMPSON LN,,,,0.00,,,KRAFT DR,,,,0.00,Y,T-Intersection,N,Non-Junction,None,,,         ,Ashley,Kappenmacher,Clear,Other,no,no,no,no,no,False
103124160,METROPOLITAN NASHVILLE POLICE DEPT,20210556299,Davidson,Nashville,10/26/2021 1:34:00 PM,2,0,0,36.157090,-86.834320,40TH AVN,,,,0.00,,,CLIFTON AV,,,,0.00,Y,Four-Way, ,,None,,,         ,Adam,Kauffman,,,no,no,no,no,no,False
103124164,METROPOLITAN NASHVILLE POLICE DEPT,20210556075,Davidson,Nashville,10/25/2021 1:25:00 PM,2,0,0,36.162370,-86.804360,19TH AVN,,,,109.00,Feet,South,BRITT PL,,,,0.00,N,Not at Intersection, ,Non-Junction,None,,,         ,Phillip,Lovell,Clear,Not Collision with Motor Vehicle in Transport,no,no,no,no,yes,False
103124167,METROPOLITAN NASHVILLE POLICE DEPT,20210556301,Davidson,Nashville,10/26/2021 1:45:00 PM,1,1,0,36.139550,-86.700180,I40 E ENT RAMP,,,,0.00,Feet,,BRILEY PKWYN,,,,0.00,Y,Four-Way,Y,Intersection-Related,None,,,         ,Rachael,Robinson,Clear,Not Collision with Motor Vehicle in Transport,no,no,no,no,no,False
103124178,METROPOLITAN NASHVILLE POLICE DEPT,20210556195,Davidson,Nashville,10/26/2021 12:45:00 PM,2,1,0,36.221930,-86.773610,I 65,,,,0.00,,,,,,,88.40,N,Not at Intersection,N,Non-Junction,None,,,         ,Nicholas,Cochran,Clear,"Sideswipe, Same Direction",no,no,no,no,no,False
103124203,METROPOLITAN NASHVILLE POLICE DEPT,20210556338,Davidson,Nashville,10/26/2021 12:00:00 AM,2,0,0,36.242980,-86.769530,HAWKWOOD LN,,,,89.00,Feet,South,TIGER CIR,,,,0.00,N,Not at Intersection,N,Non-Junction,None,,,         ,David,Williford,Clear,"Sideswipe, Same Direction",no,no,no,no,no,False
103124204,METROPOLITAN NASHVILLE POLICE DEPT,20210556368,Davidson,Nashville,10/26/2021 2:28:00 PM,2,1,0,36.113690,-86.807690,WOODMONT BLVD,,,,0.00,,,BENHAM AV,,,,0.00,Y,T-Intersection,N,Intersection,None,,,         ,Earl,Davis,Clear,Angle,no,no,no,no,no,False
103124214,METROPOLITAN NASHVILLE POLICE DEPT,20210556398,Davidson,Not in City Limit,10/26/2021 2:32:00 PM,2,0,0,36.264400,-86.732560,OLD HICKORY BLVDW,,,,83.00,Feet,West,N GRAYCROFT AV,,,,0.00,N,Not at Intersection,N,Non-Junction,None,,,         ,Joshua,Dodge,Clear,Front to Rear,no,no,no,no,yes,False
103124218,METROPOLITAN NASHVILLE POLICE DEPT,2021-0556344,Davidson,Nashville,10/26/2021 2:11:00 PM,2,2,0,36.171440,-86.802870,I 40,,,,0.00,,,,,,,207.50,N,Not at Intersection,N,Non-Junction,None,,,         ,Aaron,Jones,Clear,Front to Rear,no,no,no,no,no,False
103124258,METROPOLITAN NASHVILLE POLICE DEPT,20210556233,Davidson,Nashville,10/26/2021 1:05:00 PM,4,0,0,36.209760,-86.775900,I 65,,,,0.00,,,,,,,87.55,N,Not at Intersection,N,Non-Junction,None,,,         ,Bryan,Malone,Clear,Front to Rear,no,no,no,no,no,False
103124306,METROPOLITAN NASHVILLE POLICE DEPT,20210556372,Davidson,Nashville,10/26/2021 2:35:00 PM,2,1,0,36.158810,-86.798160,CHARLOTTE AV,,,,0.00,,,17TH AVN,,,,0.00,Y,Four-Way,N,Intersection,None,,,         ,Michael,Douglas,Clear,Angle,no,no,no,no,no,False
103124319,METROPOLITAN NASHVILLE POLICE DEPT,20210556547,Davidson,Goodlettsville,10/26/2021 4:00:00 PM,2,0,0,36.296910,-86.699160,MYATT DR,,,,0.00,,,GALLATIN PKEN,,,,0.00,Y,Four-Way, ,Intersection,None,,,         ,Connor,Hosey,Clear,"Sideswipe, Same Direction",no,no,no,no,no,False
103124335,METROPOLITAN NASHVILLE POLICE DEPT,20210556379,Davidson,Nashville,10/26/2021 12:04:00 PM,2,0,0,36.188740,-86.729150,GREENWOOD AV,,,,0.00,,,PORTER RD,,,,0.00,Y,Four-Way, ,Non-Junction,None,,,         ,James,Harben,Clear,Angle,no,no,no,no,no,False
103124341,METROPOLITAN NASHVILLE POLICE DEPT,20210556510,Davidson,Nashville,10/26/2021 3:50:00 PM,2,3,0,36.164680,-86.802180,17TH AVN,,,,0.00,Feet,,HERMAN ST,,,,0.00,Y,Four-Way,Y,Intersection,None,,,         ,Craig,Paschetti,Clear,Angle,no,no,no,no,no,False
103124342,METROPOLITAN NASHVILLE POLICE DEPT,20210556586,Davidson,Nashville,10/26/2021 4:51:00 PM,2,1,0,36.168660,-86.776230,JAMES ROBERTSON PKWY,,,,397.00,Feet,East,WOODLAND ST,,,,0.00,N,Not at Intersection,N,Non-Junction,None,,,         ,Trevor,Taylor,Clear,Front to Rear,no,no,no,no,no,False
103124343,METROPOLITAN NASHVILLE POLICE DEPT,20210556641,Davidson,Nashville,10/26/2021 5:12:00 PM,1,0,0,36.125460,-86.713090,EAST THOMPSON LN,,,,0.00,,,,,,,0.00,,,N,Non-Junction,None,,,         ,Joseph,Hurst,Clear,Not Collision with Motor Vehicle in Transport,no,no,no,no,yes,False
103124347,METROPOLITAN NASHVILLE POLICE DEPT,20210556663,Davidson,Nashville,10/26/2021 5:40:00 PM,1,1,0,36.244020,-86.785010,I 24,,,,0.00,,,,,,,43.00,N,Not at Intersection,N,Non-Junction,None,,,         ,Keegan,Winchell,Clear,Not Collision with Motor Vehicle in Transport,no,no,no,no,no,False
103124371,METROPOLITAN NASHVILLE POLICE DEPT,20210556638,Davidson,Nashville,10/26/2021 5:29:00 PM,2,0,0,36.123580,-86.772870,I 65,,,,0.00,,,,,,,80.65,N,Not at Intersection, ,Non-Junction,None,,,         ,Travis,Pemberton,Clear,Angle,no,no,no,no,yes,False
103124383,METROPOLITAN NASHVILLE POLICE DEPT,20210556518,Davidson,Nashville,10/26/2021 3:57:00 PM,1,2,0,36.219620,-86.727430,ARDEE AV,,,,0.00,,,GALLATIN PKE,,,,0.00,Y,Four-Way,N,Intersection,None,,,         ,Zachary,Aldrich,Clear,Not Collision with Motor Vehicle in Transport,yes,no,no,no,no,False
103124399,METROPOLITAN NASHVILLE POLICE DEPT,20210556731,Davidson,OTHER,10/26/2021 5:48:00 PM,3,0,0,36.069060,-86.582940,HOBSON PKE,,,,0.00,,,,,,,0.00,,,N,Non-Junction,None,,,         ,Joseph,Hurst,Clear,Front to Rear,no,no,no,no,yes,False
103124401,METROPOLITAN NASHVILLE POLICE DEPT,20210556715,Davidson,Not in City Limit,10/26/2021 6:17:00 PM,2,0,0,36.279350,-86.708830,GALLATIN PKEN,,,,0.00,,,ONE MILE PKWY,,,,0.00,Y,T-Intersection,N,Intersection,None,,,         ,Connor,Hosey,Clear,HeadOn,no,no,no,no,yes,False
103124404,METROPOLITAN NASHVILLE POLICE DEPT,20210556570,Davidson,Not in City Limit,10/26/2021 12:00:00 AM,2,1,0,36.014180,-86.704860,NOLENSVILLE PKE,,,,497.00,Feet,South,SUGAR VALLEY DR,,,,0.00,N,Not at Intersection,N,Non-Junction,None,,,         ,Ashley,Kappenmacher,Clear,Front to Rear,no,no,no,no,no,False
103124425,METROPOLITAN NASHVILLE POLICE DEPT,20210556567,Davidson,Nashville,10/26/2021 4:39:00 PM,1,1,0,36.190400,-86.745470,GALLATIN AV,,,,0.00,,,W GREENWOOD AV,,,,0.00,Y,Four-Way,N,Intersection,None,,,         ,James,Harben,Clear,Not Collision with Motor Vehicle in Transport,yes,no,no,no,no,False
103124430,METROPOLITAN NASHVILLE POLICE DEPT,20210556560,Davidson,Nashville,10/26/2021 4:08:00 PM,2,0,0,36.145960,-86.879490,I 40,,,,0.00,,,,,,,202.60,N,Not at Intersection,Y,Non-Junction,None,,,         ,Dylan,Colquhoun,Clear,Angle,no,no,no,no,no,False
103124454,METROPOLITAN NASHVILLE POLICE DEPT,20210556766,Davidson,Nashville,10/26/2021 6:52:00 PM,2,0,0,36.190390,-86.790030,I 65,,,,0.00,,,,,,,85.75,N,Not at Intersection,N,Non-Junction,None,,,         ,Cressie,Prill,Clear,"Sideswipe, Same Direction",no,no,no,no,no,False
103124460,METROPOLITAN NASHVILLE POLICE DEPT,20210556842,Davidson,Nashville,10/26/2021 7:45:00 PM,2,0,0,36.106430,-86.819430,ABBOTT MARTIN RD,,,,0.00,,,CLEGHORN AV,,,,0.00,Y,Four-Way,N,Intersection,None,,,         ,Heather,Fox,Clear,Angle,no,no,no,no,no,False
103124471,METROPOLITAN NASHVILLE POLICE DEPT,20210556678,Davidson,Nashville,10/26/2021 5:52:00 PM,2,2,0,36.067560,-86.718570,NOLENSVILLE PKE,,,,283.00,Feet,South,HAYWOOD LN,,,,0.00,N,Not at Intersection,N,Non-Junction,None,,,         ,Beri,Scott,Clear,Front to Rear,no,no,no,no,no,False
103124496,METROPOLITAN NASHVILLE POLICE DEPT,20210556721,Davidson,Nashville,10/26/2021 12:00:00 AM,2,2,0,36.112920,-86.763770,HEATHER PL,,,,0.00,,,ERICA PL,,,,0.00,Y,OTHER,N,Non-Junction,None,,,         ,Ashley,Kappenmacher,Clear,Front to Rear,no,no,no,no,no,False
103124500,METROPOLITAN NASHVILLE POLICE DEPT,20210556800,Davidson,Nashville,10/26/2021 7:15:00 PM,2,1,0,36.153960,-86.818220,28TH AVN,,,,0.00,,,CHARLOTTE AV,,,,0.00,Y,Four-Way,N,Intersection,None,,,         ,Sefer,Kerim,Clear,HeadOn,no,no,no,no,no,False
103124503,METROPOLITAN NASHVILLE POLICE DEPT,20210556891,Davidson,Nashville,10/26/2021 8:19:00 PM,2,0,0,36.130370,-86.727690,I 24,,,,0.00,,,,,,,51.30,N,Not at Intersection,N,Non-Junction,None,,,         ,Joseph,Hurst,Clear,Front to Rear,no,no,no,no,no,False
103124536,METROPOLITAN NASHVILLE POLICE DEPT,20210556753,Davidson,Madison,10/26/2021 6:38:00 PM,2,0,0,36.245960,-86.721600,GALLATIN PKES,,,,292.00,Feet,South,BERKLEY DR,,,,0.00,N,Not at Intersection,N,Non-Junction,None,,,         ,David,Harms,Cloudy,Angle,no,no,no,no,no,False
103124547,METROPOLITAN NASHVILLE POLICE DEPT,20210556665,Davidson,Not in City Limit,10/26/2021 5:43:00 PM,3,1,0,36.265470,-86.707180,DULING AV,,,,0.00,,,KATE ST,,,,0.00,Y,T-Intersection,N,Intersection,None,,,         ,Forrest,Punke,Clear,Angle,no,no,no,no,no,False
103124548,METROPOLITAN NASHVILLE POLICE DEPT,20210556929,Davidson,Nashville,10/26/2021 8:30:00 PM,2,1,0,36.226950,-86.597530,WYNTERGRACE FARM RD,,,,25.00,Feet,East,SAUNDERSVILLE RD,,,,0.00,N,Not at Intersection,N,Non-Junction,None,,,         ,Cheri,Cox,Clear,Front to Rear,no,no,no,no,no,False
103124554,METROPOLITAN NASHVILLE POLICE DEPT,20210556656,Davidson,Nashville,10/26/2021 5:40:00 PM,2,0,0,36.080370,-86.901280,HIGHWAY 70S,,,,135.00,Feet,East,CRESTMEADE,,,,0.00,N,Not at Intersection,N,Non-Junction,None,,,         ,Dylan,Colquhoun,Clear,Angle,no,no,no,no,no,False
103124574,METROPOLITAN NASHVILLE POLICE DEPT,20210556939,Davidson,Nashville,10/26/2021 12:00:00 AM,2,0,0,36.250540,-86.715760,LIBERTY CIR,,,,194.00,Feet,South,E WEBSTER ST,,,,0.00,N,Not at Intersection,N,Non-Junction,None,,,         ,Forrest,Punke,Unknown,"Sideswipe, Same Direction",no,no,no,yes,yes,False
103124581,METROPOLITAN NASHVILLE POLICE DEPT,20210556980,Davidson,Nashville,10/26/2021 9:46:00 PM,1,1,0,36.073850,-86.667600,BARCLAY SQUARE DR,,,,0.00,,,VOLUNTEER DR,,,,0.00,Y,T-Intersection,N,Intersection,None,,,         ,Joseph,Hurst,Clear,Not Collision with Motor Vehicle in Transport,no,no,no,no,no,False
103124593,METROPOLITAN NASHVILLE POLICE DEPT,20210556968,Davidson,Nashville,10/26/2021 4:46:00 PM,2,0,0,36.079620,-86.726320,NOLENSVILLE PKE,,,,3.00,Feet,North,HARDING PL,,,,0.00,N,Not at Intersection,N,Non-Junction,None,,,         ,Samuel,Sundra,Clear,"Sideswipe, Same Direction",no,no,no,no,no,False
103124594,METROPOLITAN NASHVILLE POLICE DEPT,20210556915,Davidson,Nashville,10/26/2021 8:42:00 PM,2,0,0,36.112250,-86.918450,STONECREST DR,,,,254.00,Feet,East,STONECREST WAY,,,,0.00,N,Not at Intersection, ,Non-Junction,None,,,         ,Kristopher,Sharpe,Clear,Other,yes,no,no,no,no,False
103124595,METROPOLITAN NASHVILLE POLICE DEPT,20210556926,Davidson,Nashville,10/26/2021 8:45:00 PM,2,1,0,36.227410,-86.597550,SAUNDERSVILLE RD,,,,167.00,Feet,North,WYNTERGRACE FARM RD,,,,0.00,N,Not at Intersection,N,Non-Junction,None,,,         ,Donovan,Coble,Clear,Front to Rear,no,no,no,no,no,False
103124607,METROPOLITAN NASHVILLE POLICE DEPT,20210556948,Davidson,Not in City Limit,10/26/2021 7:27:00 PM,2,2,0,36.012340,-86.703670,HOLT RD,,,,23.00,Feet,West,NOLENSVILLE PKE,,,,0.00,N,Not at Intersection,N,Unknown,None,,,         ,Dakota,Davis,Clear,Angle,no,no,no,no,no,False
103124613,METROPOLITAN NASHVILLE POLICE DEPT,20210556914,Davidson,Nashville,10/26/2021 7:22:00 PM,2,0,0,36.164660,-86.763330,I 24,,,,0.00,,,,,,,49.10,N,Not at Intersection, ,Non-Junction,None,,,         ,Kevin,Clausius,Clear,Front to Rear,no,no,no,no,no,False
103124620,METROPOLITAN NASHVILLE POLICE DEPT,20210556612,Davidson,Nashville,10/26/2021 4:00:00 PM,2,0,0,36.169250,-86.757870,S 7TH ST,,,,0.00,Feet,,SHELBY AV,,,,0.00,Y,Four-Way,N,Intersection,None,,,         ,Flynn,Ireland,Clear,Angle,no,no,no,no,no,False
103124623,METROPOLITAN NASHVILLE POLICE DEPT,20210557030,Davidson,Nashville,10/26/2021 8:50:00 PM,1,0,0,36.067010,-86.718200,NOLENSVILLE PKE,,,,145.00,Feet,North,NORTHCREST DR,,,,0.00,N,Not at Intersection, ,,None,,,         ,Clayton,Cox,,,no,no,no,yes,no,False
103124627,METROPOLITAN NASHVILLE POLICE DEPT,20210557083,Davidson,Nashville,10/26/2021 9:19:00 PM,1,0,0,36.235960,-86.774490,MOOREWOOD DR,,,,222.00,Feet,East,WILMOTH RD,,,,0.00,N,Not at Intersection,N,Non-Junction,None,,,         ,Derrick,Toney,Clear,Not Collision with Motor Vehicle in Transport,no,no,no,no,yes,False
103124642,METROPOLITAN NASHVILLE POLICE DEPT,20210557037,Davidson,Nashville,10/26/2021 11:05:00 PM,4,0,0,36.249580,-86.741580,I 65,,,,0.00,,,,,,,91.15,N,Not at Intersection, ,Non-Junction,None,,,         ,Timothy,Lehnert,Clear,"Sideswipe, Same Direction",no,no,no,no,yes,False
103124644,METROPOLITAN NASHVILLE POLICE DEPT,20210552020,Davidson,Nashville,10/23/2021 12:00:00 AM,2,0,0,36.183990,-86.751130,W EASTLAND AV,,,,288.00,Feet,West,BAILEY ST,,,,0.00,N,Not at Intersection,N,Non-Junction,None,,,         ,Spencer,Arroyo,Clear,Unknown,no,no,no,no,yes,False
103124660,METROPOLITAN NASHVILLE POLICE DEPT,20210557005,Davidson,Nashville,10/26/2021 10:44:00 PM,3,3,0,36.175960,-86.780600,JEFFERSON ST,,,,501.00,Feet,East,OLDHAM ST PVTDR,,,,0.00,N,Not at Intersection,N,Non-Junction,None,,,         ,Damon,Hutcheson,Cloudy,Front to Rear,no,no,no,no,no,False
103124675,METROPOLITAN NASHVILLE POLICE DEPT,20210556924,Davidson,Nashville,10/26/2021 8:35:00 PM,5,2,0,36.161280,-86.620570,I 40,,,,0.00,,,,,,,219.60,N,Not at Intersection,N,Non-Junction,None,,,         ,James,Hill,Clear,Angle,no,no,no,no,yes,False
103124679,METROPOLITAN NASHVILLE POLICE DEPT,20210557302,Davidson,Not in City Limit,10/27/2021 3:09:00 AM,1,0,0,36.098510,-86.553330,HOBSON PKE,,,,373.00,Feet,North,COUCHVILLE PKE,,,,0.00,N,Not at Intersection,N,Non-Junction,None,,,         ,Kevin,Breeding,Clear,Not Collision with Motor Vehicle in Transport,no,no,no,no,no,False
103124688,METROPOLITAN NASHVILLE POLICE DEPT,20210557147,Davidson,Nashville,10/27/2021 12:55:00 AM,1,0,0,36.041520,-86.726580,OLD HICKORY BLVD,,,,285.00,Feet,South,WOODLANDS AV,,,,0.00,N,Not at Intersection,N,Non-Junction,None,,,         ,James,Wells Jr.,Clear,Not Collision with Motor Vehicle in Transport,no,no,no,no,no,False
103124692,METROPOLITAN NASHVILLE POLICE DEPT,20210557372,Davidson,Not in City Limit,10/27/2021 4:00:00 AM,1,0,0,36.275350,-86.752470,DICKERSON PKE,,,,908.00,Feet,South,HUNTERS LN,,,,0.00,N,Not at Intersection,N,Non-Junction,None,,,         ,Blake,Langford,Clear,Not Collision with Motor Vehicle in Transport,no,no,no,no,no,False
103124700,METROPOLITAN NASHVILLE POLICE DEPT,20210557269,Davidson,Nashville,10/27/2021 2:45:00 AM,1,1,0,36.152620,-86.830620,CHARLOTTE AV,,,,107.00,Feet,East,38TH AVN,,,,0.00,N,Not at Intersection,N,Non-Junction,None,,,         ,David,Moser,Clear,Not Collision with Motor Vehicle in Transport,no,no,no,no,no,False
103124734,METROPOLITAN NASHVILLE POLICE DEPT,20210557518,Davidson,Nashville,10/27/2021 6:00:00 AM,2,0,0,36.094400,-86.881700,HARDING PKE,,,,0.00,,,BROOK HOLLOW RD,,,,0.00,Y,T-Intersection, ,Intersection,None,,,         ,Jared,Dick,Clear,Angle,no,no,no,no,no,False
103124741,METROPOLITAN NASHVILLE POLICE DEPT,20210557524,Davidson,Nashville,10/27/2021 6:48:00 AM,2,0,0,36.065330,-86.621970,OWENDALE DR,,,,0.00,,,ROUNDWOOD FOREST DR,,,,0.00,Y,Four-Way, ,Intersection-Related,None,,,         ,Joe,Hooper,Clear,Angle,no,no,no,no,no,False
103124758,METROPOLITAN NASHVILLE POLICE DEPT,20210557573,Davidson,Nashville,10/27/2021 7:12:00 AM,3,0,0,36.096100,-86.763160,I 65,,,,0.00,,,,,,,78.80,N,Not at Intersection,N,Non-Junction,None,,,         ,Ronald,Bright,Clear,Angle,no,no,no,no,yes,False
103124761,METROPOLITAN NASHVILLE POLICE DEPT,20210557653,Davidson,Nashville,10/27/2021 8:00:00 AM,2,0,0,36.174420,-86.789210,MADISON ST,,,,40.00,Feet,West,6TH AVN,,,,0.00,N,Not at Intersection, ,,None,,,         ,Jordan,Vrbas,,,no,no,no,no,no,False
103124764,METROPOLITAN NASHVILLE POLICE DEPT,20210557482,Davidson,Nashville,10/27/2021 6:11:00 AM,2,1,0,36.192210,-86.615980,OLD HICKORY BLVD,,,,60.00,Feet,South,JUAREZ DR,,,,0.00,N,Not at Intersection,N,Non-Junction,None,,,         ,Donald,Davidson,Clear,Front to Rear,no,no,no,no,no,False
103124766,METROPOLITAN NASHVILLE POLICE DEPT,20210557553,Davidson,Nashville,10/27/2021 7:00:00 AM,2,0,0,36.136640,-86.821840,WEST END AV,,,,0.00,,,I440 E ENT RAMP,,,,0.00,Y,OTHER, ,,None,,,         ,Michael,Pyle,,,no,no,no,no,no,False
103124782,METROPOLITAN NASHVILLE POLICE DEPT,20210557621,Davidson,Nashville,10/27/2021 7:45:00 AM,2,0,0,36.223800,-86.774540,I 65,,,,0.00,,,,,,,88.50,N,Not at Intersection,Y,Non-Junction,None,,,         ,William,Coy,Clear,"Sideswipe, Same Direction",no,no,no,no,no,False