master_record_number,agency,agency_tracking_number,county,city,collision_date,vehicles_involved,number_injured,number_dead,latitude,longitude,roadway_name,roadway_suffix,roadway_number,roadway_local_id,distance_from_reference,miles-feet_indicator,direction_from_reference,intersection_road_name,intersection_road_name_suffix,intersection_road_number,intersection_local_id,mile_marker,intersection_indicator,intersect_type,interchange_related_indicator,relation_to_junction,work_zone_type,construction_maintenance_zone,construction_maintenance_zone_location,fatal_case_number,officer_first_name,officer_last_name,weather_condition(s),manner_of_crash,pedestrian,bicycle,scooter,parking,hitrun,mou
103125404,METROPOLITAN NASHVILLE POLICE DEPT,20210559043,Davidson,Nashville,10/27/2021 9:38:00 PM,2,0,0,36.044950,-86.665000,BELL RD,,,,519.00,Feet,North,CEDAR POINTE PKWY,,,,0.00,N,Not at Intersection,N,Non-Junction,None,,,         ,Joseph,Hurst,Clear,Angle,no,no,no,no,yes,False
103125406,METROPOLITAN NASHVILLE POLICE DEPT,20210558349,Davidson,Nashville,10/27/2021 2:22:00 PM,2,0,0,36.121321,-86.878949,GREELEY DR,,,,0.00,,,GEORGETOWN DR,,,,0.00,Y,Four-Way,N,Intersection,None,,,         ,Jeremy,Huffine,Clear,Angle,no,no,no,no,no,False
103125416,METROPOLITAN NASHVILLE POLICE DEPT,20210558957,Davidson,Nashville,10/27/2021 8:42:00 PM,1,1,0,36.170790,-86.873870,UNNAMED STREET,,,,85.00,Feet,South,CENTENNIAL BLVD,,,,0.00,N,Not at Intersection,N,Non-Junction,None,,,         ,Kyle,Lund,Clear,Not Collision with Motor Vehicle in Transport,no,no,no,no,no,False
103125417,METROPOLITAN NASHVILLE POLICE DEPT,20210559051,Davidson,Nashville,10/27/2021 9:49:00 PM,1,1,0,36.091580,-86.651490,MURFREESBORO PKE,,,,139.00,Feet,North,BRITISH WOODS DR,,,,0.00,N,Not at Intersection,N,Non-Junction,None,,,         ,Keith,Parlato,Clear,Not Collision with Motor Vehicle in Transport,no,no,no,no,no,False
103125431,METROPOLITAN NASHVILLE POLICE DEPT,20210559046,Davidson,Nashville,10/27/2021 9:06:00 PM,2,0,0,36.135750,-86.800990,ACKLEN AV,,,,0.00,,,21ST AVS,,,,0.00,Y,OTHER, ,OtherLocation,None,,,         ,Douglas,Sykes,Clear,"Sideswipe, Same Direction",no,no,no,no,no,Campus
103125449,METROPOLITAN NASHVILLE POLICE DEPT,20210558952,Davidson,Nashville,10/27/2021 8:39:00 PM,2,0,0,36.078964,-86.948713,PRIVATE ROAD,,,,0.00,,,PRIVATE ROAD,,,,0.00,Y,Four-Way,N,Intersection,None,,,         ,Jeremy,Huffine,Clear,Angle,no,no,no,yes,no,False
103125450,METROPOLITAN NASHVILLE POLICE DEPT,20210559100,Davidson,Nashville,10/27/2021 10:30:00 PM,1,0,0,36.212760,-86.748690,ELLINGTON PKWYS,,,,856.00,Feet,South,ELLINGTON PKWYN,,,,0.00,N,Not at Intersection, ,Non-Junction,None,,,         ,Peter,Kinsey,Clear,Not Collision with Motor Vehicle in Transport,no,no,no,no,no,False
103125451,METROPOLITAN NASHVILLE POLICE DEPT,20210559067,Davidson,Nashville,10/27/2021 10:03:00 PM,2,1,0,36.126780,-86.772470,I 65,,,,0.00,,,,,,,80.85,N,Not at Intersection,N,Non-Junction,None,,,         ,Brady,Reynolds,Clear,Front to Rear,no,no,no,no,no,False
103125460,METROPOLITAN NASHVILLE POLICE DEPT,20210559096,Davidson,Nashville,10/27/2021 10:45:00 PM,2,1,0,36.122140,-86.790210,12TH AVS,,,,160.00,Feet,South,HALCYON AV,,,,0.00,N,Not at Intersection,N,Non-Junction,None,,,         ,Taylor,Hurley,Clear,"Sideswipe, Same Direction",no,no,no,no,no,False
103125462,METROPOLITAN NASHVILLE POLICE DEPT,20210559103,Davidson,Nashville,10/27/2021 12:00:00 AM,1,0,0,36.214760,-86.817670,BUENA VISTA PKE,,,,4.00,Feet,North,MOORMANS ARM RD,,,,0.00,N,Not at Intersection,N,Non-Junction,None,,,         ,David,Crisman,Clear,Not Collision with Motor Vehicle in Transport,no,no,no,no,yes,False
103125476,METROPOLITAN NASHVILLE POLICE DEPT,20210559224,Davidson,Nashville,10/28/2021 12:10:00 AM,2,0,0,36.152670,-86.796690,WEST END AV,,,,237.00,Feet,West,18TH AVS,,,,0.00,N,Not at Intersection,N,Non-Junction,None,,,         ,Michael,Hodges,Clear,Front to Rear,no,no,no,yes,yes,False
103125486,METROPOLITAN NASHVILLE POLICE DEPT,20210559235,Davidson,Nashville,10/28/2021 12:13:00 AM,2,0,0,36.208260,-86.778850,HAMPTON ST,,,,236.00,Feet,South,AVONDALE CIR,,,,0.00,N,Not at Intersection, ,,None,,,         ,Alquavious,McDaniel,,,no,no,no,no,no,False
103125496,METROPOLITAN NASHVILLE POLICE DEPT,20210559350,Davidson,Nashville,10/28/2021 2:08:00 AM,2,0,0,36.188400,-86.796400,DOMINICAN DR,,,,0.00,,,FRENCH LANDING DR,,,,0.00,Y,T-Intersection,N,Non-Junction,None,,,         ,Brian,DeMarce,Cloudy,"Sideswipe, Same Direction",no,no,no,no,yes,False
103125507,METROPOLITAN NASHVILLE POLICE DEPT,20210559101,Davidson,Nashville,10/27/2021 12:00:00 AM,2,0,0,36.152340,-86.771580,4TH AVS,,,,0.00,Feet,North,ASH ST,,,,0.00,N,Not at Intersection,N,Non-Junction,None,,,         ,Tim,Le,Clear,"Sideswipe, Same Direction",no,no,no,no,no,False
103125549,METROPOLITAN NASHVILLE POLICE DEPT,20210559513,Davidson,Nashville,10/28/2021 5:35:00 AM,2,1,0,36.201370,-86.618210,LEBANON PKE,,,,0.00,,,,,,,0.00,,,N,Non-Junction,None,,,         ,Jeffrey,Mullins,Clear,Angle,no,no,no,yes,yes,False
103125584,METROPOLITAN NASHVILLE POLICE DEPT,20210559600,Davidson,Antioch,10/28/2021 6:58:00 AM,2,0,0,36.053550,-86.617980,MURFREESBORO,PIKE,US41&70S,,300.00,Feet,South,MT VIEW,RD,,,0.00,N,Not at Intersection,N,Non-Junction,None,,,         ,Joe,Hooper,Cloudy,Angle,no,no,no,no,no,False
103125586,BERRY HILL POLICE DEPT,21-3159,Davidson,Berry Hill,10/27/2021 1:31:00 PM,3,0,0,36.125300,-86.765410,ROSEDALE AV,,,,160.00,Feet,East,BRANSFORD AV,,,,0.00,N,Not at Intersection, ,Non-Junction,None,,,         ,Ronnie,Hill,Cloudy,"Sideswipe, Same Direction",no,no,no,no,yes,False
103125590,METROPOLITAN NASHVILLE POLICE DEPT,20210559569,Davidson,Nashville,10/28/2021 6:33:00 AM,2,1,0,36.052210,-86.644910,EAGLE VIEW BLVD,,,,0.00,Feet,West,BELL RD,,,,0.00,N,Not at Intersection,N,Non-Junction,None,,,         ,Eric,Laury,Cloudy,Front to Rear,no,no,no,no,no,False
103125599,METROPOLITAN NASHVILLE POLICE DEPT,20210559583,Davidson,Nashville,10/28/2021 12:00:00 AM,2,0,0,36.168280,-86.766000,I 24,,,,0.00,,,,,,,48.80,N,Not at Intersection,N,Non-Junction,None,,,         ,James,Thornton,Rain,Front to Rear,no,no,no,no,no,False
103125605,METROPOLITAN NASHVILLE POLICE DEPT,20210559622,Davidson,Not in City Limit,10/28/2021 7:00:00 AM,2,0,0,36.259890,-86.713050,GALLATIN PKES,,,,0.00,,,WOODRUFF ST,,,,0.00,Y,T-Intersection,N,Intersection,None,,,         ,Brian,Otto,Rain,Angle,no,no,no,no,no,False
103125608,METROPOLITAN NASHVILLE POLICE DEPT,20210559535,Davidson,Nashville,10/28/2021 5:45:00 AM,2,1,0,36.154340,-86.762650,I 40,,,,0.00,,,,,,,210.80,N,Not at Intersection,N,Non-Junction,None,,,         ,Brenton,Adcox,Clear,Front to Rear,no,no,no,no,no,False
103125609,METROPOLITAN NASHVILLE POLICE DEPT,20210559616,Davidson,Nashville,10/28/2021 5:45:00 AM,2,0,0,36.154340,-86.762650,I 40,,,,0.00,,,,,,,210.80,N,Not at Intersection, ,Non-Junction,None,,,         ,Brenton,Adcox,Clear,Front to Rear,no,no,no,no,no,False
103125610,METROPOLITAN NASHVILLE POLICE DEPT,20210559617,Davidson,Nashville,10/28/2021 5:45:00 AM,2,0,0,36.154340,-86.762650,I 40,,,,0.00,,,,,,,210.80,N,Not at Intersection,N,Non-Junction,None,,,         ,Brenton,Adcox,Clear,Front to Rear,no,no,no,no,no,False
103125612,METROPOLITAN NASHVILLE POLICE DEPT,20210558250,Davidson,Nashville,10/27/2021 1:31:00 PM,2,2,0,36.080940,-86.751620,HARDING PL,,,,0.00,,,WAUFORD DR,,,,0.00,Y,Four-Way,N,Intersection-Related,None,,,         ,Earl,Davis,Clear,Front to Rear,no,no,no,no,yes,False
103125616,METROPOLITAN NASHVILLE POLICE DEPT,20210559652,Davidson,Nashville,10/28/2021 7:30:00 AM,1,1,0,36.111080,-86.747660,THOMPSON LN,,,,88.00,Feet,West,LOUISE DR,,,,0.00,N,Not at Intersection,N,Non-Junction,None,,,         ,Kaitlyn,Qualls,"Cloudy, Rain",Not Collision with Motor Vehicle in Transport,no,no,no,no,no,False
103125618,METROPOLITAN NASHVILLE POLICE DEPT,20210559693,Davidson,Nashville,10/28/2021 8:11:00 AM,2,1,0,36.079460,-86.644630,EDGE O LAKE DR,,,,10.00,Feet,East,MURFREESBORO PKE,,,,0.00,N,Not at Intersection,N,Non-Junction,None,,,         ,Joe,Hooper,Rain,Front to Rear,no,no,no,no,yes,False
103125627,METROPOLITAN NASHVILLE POLICE DEPT,20210559683,Davidson,Not in City Limit,10/28/2021 8:00:00 AM,2,0,0,36.263820,-86.704460,STATE RT 45,,,,0.00,Feet,,DELAWARE AV,,,,0.00,Y,Four-Way,N,Intersection,None,,,         ,Brian,Otto,Rain,Angle,no,no,no,no,no,False
103125632,METROPOLITAN NASHVILLE POLICE DEPT,20210559650,Davidson,Nashville,10/28/2021 7:34:00 AM,2,0,0,36.045300,-86.701680,BELL RD,,,,0.00,Feet,West,OLD HICKORY BLVD,,,,0.00,N,Not at Intersection, ,,None,,,         ,Lee,Davis,,,no,no,no,no,no,False
103125636,METROPOLITAN NASHVILLE POLICE DEPT,20210559638,Davidson,Nashville,10/28/2021 7:26:00 AM,3,1,0,36.144350,-86.697140,I 40,,,,0.00,,,,,,,214.90,N,Not at Intersection,N,Non-Junction,None,,,         ,Terry,Denton,,Front to Rear,no,no,no,no,no,False
103125641,METROPOLITAN NASHVILLE POLICE DEPT,20210559659,Davidson,Not in City Limit,10/28/2021 7:46:00 AM,1,0,0,36.327080,-86.917460,CLARKSVILLE PKE,,,,887.00,Feet,North,HARPER RD,,,,0.00,N,Not at Intersection,N,Non-Junction,None,,,         ,James,Wray,Rain,Not Collision with Motor Vehicle in Transport,no,no,no,no,no,False
103125654,METROPOLITAN NASHVILLE POLICE DEPT,20210559640,Davidson,Nashville,10/28/2021 7:00:00 AM,2,0,0,36.071870,-86.636180,BELL RD,,,,0.00,,,MURFREESBORO PKE,,,,0.00,Y,Four-Way, ,Intersection-Related,None,,,         ,Thomas,White,Rain,Angle,no,no,no,no,no,False
103125655,METROPOLITAN NASHVILLE POLICE DEPT,20210559713,Davidson,Nashville,10/24/2021 3:00:00 PM,2,0,0,36.233570,-86.724820,GALLATIN PKE,,,,3.00,Feet,North,JOYCE LN,,,,0.00,N,Not at Intersection,N,Non-Junction,None,,,         ,Justan,Vance,Clear,"Sideswipe, Same Direction",no,no,no,no,yes,False
103125661,METROPOLITAN NASHVILLE POLICE DEPT,20210559685,Davidson,Nashville,10/28/2021 8:03:00 AM,2,4,0,36.165120,-86.602780,BELL RD,,,,0.00,,,MILLS RD,,,,0.00,Y,T-Intersection,N,Intersection,None,,,         ,Michael,Brooks,,Front to Rear,no,no,no,no,no,False
103125662,METROPOLITAN NASHVILLE POLICE DEPT,20210559643,Davidson,Nashville,10/28/2021 7:33:00 AM,1,1,0,36.232650,-86.825290,BRILEY PKWYW,,,,12.00,Feet,West,BUENA VISTA PKE,,,,0.00,N,Not at Intersection,N,Non-Junction,None,,,         ,Jeanine,Sarno,Rain,Not Collision with Motor Vehicle in Transport,no,no,no,no,no,False
103125664,METROPOLITAN NASHVILLE POLICE DEPT,20210559716,Davidson,Nashville,10/28/2021 8:10:00 AM,1,0,0,36.124849,-86.735652,,,I440 W,,0.00,Miles,West,,,,,7.20,N,Not at Intersection,N,Non-Junction,None,,,         ,Todd,Watson,"Cloudy, Rain",Not Collision with Motor Vehicle in Transport,no,no,no,no,no,False
103125694,METROPOLITAN NASHVILLE POLICE DEPT,20210559597,Davidson,Nashville,10/28/2021 6:45:00 AM,2,0,0,36.146540,-86.742580,I 40,,,,0.00,,,,,,,212.10,N,Not at Intersection, ,Non-Junction,None,,,         ,Eric,Cunningham,,"Sideswipe, Same Direction",no,no,no,no,no,False
103125695,METROPOLITAN NASHVILLE POLICE DEPT,20210559671,Davidson,Nashville,10/28/2021 7:49:00 AM,2,0,0,36.038990,-86.734620,OLD HICKORY BLVD,,,,375.00,Feet,East,THRIBLE SPRINGS DR,,,,0.00,N,Not at Intersection,N,Non-Junction,None,,,         ,Rico,Hunt,Rain,Front to Rear,no,no,no,no,no,False
103125696,METROPOLITAN NASHVILLE POLICE DEPT,20210559655,Davidson,Nashville,10/28/2021 7:45:00 AM,2,1,0,36.191270,-86.687370,BRILEY PKWYN,,,,365.00,Feet,North,BRILEY PKWYS,,,,0.00,N,Not at Intersection,N,Non-Junction,None,,,         ,Patrick,Lancaster,,Front to Rear,no,no,no,no,no,False
103125708,METROPOLITAN NASHVILLE POLICE DEPT,20210559787,Davidson,Not in City Limit,10/28/2021 8:37:00 AM,2,0,0,36.313110,-86.864870,WHITES CREEK PKE,,,,0.00,,,OLD CLARKSVILLE PKE,,,,0.00,Y,Y-Intersection, ,Non-Junction,None,,,         ,James,Wray,Rain,Angle,no,no,no,no,no,False
103125716,METROPOLITAN NASHVILLE POLICE DEPT,20210559628,Davidson,Nashville,10/28/2021 7:19:00 AM,4,0,0,36.089500,-86.804510,HARDING PL,,,,400.00,Feet,West,BATTERY LN,,,,0.00,N,Not at Intersection, ,Non-Junction,None,,,         ,Earl,Davis,Rain,Front to Rear,no,no,no,no,no,False
103125717,METROPOLITAN NASHVILLE POLICE DEPT,20210559794,Davidson,Nashville,10/28/2021 9:37:00 AM,2,0,0,36.137330,-86.727250,I24E,,,,113.00,Feet,North,I24 E ENT RAMP,,,,0.00,N,Not at Intersection, ,Non-Junction,None,,,         ,Joe,Hooper,Rain,"Sideswipe, Same Direction",no,no,no,no,no,False
103125723,METROPOLITAN NASHVILLE POLICE DEPT,20210559687,Davidson,Nashville,10/28/2021 8:09:00 AM,1,0,0,36.140950,-86.732840,I 40,,,,0.00,,,,,,,212.80,N,Not at Intersection,N,Non-Junction,None,,,         ,Eric,Cunningham,Rain,Not Collision with Motor Vehicle in Transport,no,no,no,no,no,False
103125727,METROPOLITAN NASHVILLE POLICE DEPT,20210559830,Davidson,Not in City Limit,10/28/2021 10:15:00 AM,1,0,0,36.080870,-86.957500,I 40,,,,0.00,,,,,,,196.30,N,Not at Intersection,N,Non-Junction,None,,,         ,Wesley,Tilley,Rain,Not Collision with Motor Vehicle in Transport,no,no,no,no,no,False
103125733,METROPOLITAN NASHVILLE POLICE DEPT,20210559854,Davidson,Nashville,10/28/2021 10:15:00 AM,2,0,0,36.250710,-86.700260,ROTHWOOD AV,,,,352.00,Feet,West,HOWSE AV,,,,0.00,N,Not at Intersection,N,Non-Junction,None,,,         ,Brian,Otto,Rain,Angle,no,no,no,yes,yes,False
103125735,METROPOLITAN NASHVILLE POLICE DEPT,20210559858,Davidson,Nashville,10/28/2021 10:21:00 AM,2,0,0,36.047610,-86.713530,NOLENSVILLE PKE,,,,432.00,Feet,South,HICKORYVIEW DR,,,,0.00,N,Not at Intersection, ,,None,,,         ,Rico,Hunt,,,no,no,no,no,no,False
103125736,METROPOLITAN NASHVILLE POLICE DEPT,20210559774,Davidson,Nashville,10/28/2021 9:13:00 AM,2,0,0,36.146840,-86.808630,ELLISTON PL,,,,0.00,,,WEST END AV,,,,0.00,Y,OTHER, ,Intersection-Related,None,,,         ,Earl,Davis,"Cloudy, Rain",Other,no,no,no,no,no,Campus
103125738,METROPOLITAN NASHVILLE POLICE DEPT,20210559759,Davidson,Nashville,10/28/2021 9:00:00 AM,2,1,0,36.192300,-86.777100,I 65,,,,0.00,,,,,,,86.50,N,Not at Intersection,N,Non-Junction,None,,,         ,Flynn,Ireland,"Cloudy, Rain","Sideswipe, Same Direction",no,no,no,no,yes,False
103125749,METROPOLITAN NASHVILLE POLICE DEPT,20210559575,Davidson,Not in City Limit,10/28/2021 6:34:00 AM,3,1,0,36.268330,-86.736960,I 65,,,,0.00,,,,,,,92.50,N,Not at Intersection,N,Non-Junction,None,,,         ,John,Braxton,"Cloudy, Rain","Sideswipe, Same Direction",no,no,no,no,no,False
103125754,BELLE MEADE POLICE DEPT,21-224,Davidson,Nashville,10/28/2021 12:00:00 AM,1,1,0,36.076410,-86.869460,PAGE RD,,,,0.00,,,CHICKERING RD,,,,0.00,Y,OTHER,N,Non-Junction,None,,,         ,Chris,Roark,Rain,Not Collision with Motor Vehicle in Transport,no,no,no,no,no,False
103125755,METROPOLITAN NASHVILLE POLICE DEPT,20210559723,Davidson,Nashville,10/28/2021 8:15:00 AM,2,0,0,36.072440,-86.691830,I 24,,,,0.00,,,,,,,56.75,N,Not at Intersection,N,Non-Junction,None,,,         ,Seth,Wilson,"Cloudy, Rain",Front to Rear,no,no,no,no,no,False
103125767,METROPOLITAN NASHVILLE POLICE DEPT,20210559869,Davidson,Nashville,10/28/2021 10:35:00 AM,2,0,0,36.060270,-86.679880,I 24,,,,0.00,,,,,,,57.85,N,Not at Intersection, ,Non-Junction,None,,,         ,Joe,Hooper,Rain,Not Collision with Motor Vehicle in Transport,no,no,no,no,no,False
103125776,METROPOLITAN NASHVILLE POLICE DEPT,20210559798,Davidson,Nashville,10/28/2021 9:44:00 AM,2,1,0,36.073960,-86.734970,OVERCREST DR,,,,0.00,,,BLACKMAN RD,,,,0.00,Y,T-Intersection,N,Intersection-Related,None,,,         ,Earl,Davis,Rain,Front to Rear,no,no,no,no,yes,False
103125788,METROPOLITAN NASHVILLE POLICE DEPT,20210559918,Davidson,Nashville,10/28/2021 11:20:00 AM,1,0,0,36.241500,-86.750290,I65 S EXT RAMP,,,,0.00,Feet,East,I 65,,,,0.00,N,Not at Intersection,N,Entrance/Exit Ramp Related,None,,,         ,Eric,Hall,Rain,Not Collision with Motor Vehicle in Transport,no,no,no,no,no,False
103125792,METROPOLITAN NASHVILLE POLICE DEPT,20210559786,Davidson,Nashville,10/28/2021 7:33:00 AM,2,0,0,36.194900,-86.776160,I 65,,,,0.00,,,,,,,86.50,N,Not at Intersection,N,Non-Junction,None,,,         ,Jeanine,Sarno,Rain,"Sideswipe, Same Direction",no,no,no,no,no,False
103125795,METROPOLITAN NASHVILLE POLICE DEPT,20210559823,Davidson,Nashville,10/28/2021 9:57:00 AM,2,1,0,36.127580,-86.727680,I 24,,,,0.00,,,,,,,51.45,N,Not at Intersection,N,Non-Junction,None,,,         ,Todd,Watson,"Cloudy, Rain",Front to Rear,no,no,no,no,no,False
103125796,METROPOLITAN NASHVILLE POLICE DEPT,20210559885,Davidson,Nashville,10/28/2021 10:55:00 AM,2,2,0,36.205520,-86.776580,I 65,,,,0.00,,,,,,,87.20,N,Not at Intersection,N,Non-Junction,None,,,         ,David,Kmosko,Rain,Front to Rear,no,no,no,no,no,False
103125797,METROPOLITAN NASHVILLE POLICE DEPT,20210559920,Davidson,Nashville,10/28/2021 10:42:00 AM,2,0,0,36.066670,-86.717940,NOLENSVILLE PKE,,,,0.00,,,NORTHCREST DR,,,,0.00,Y,Four-Way,Y,Intersection,None,,,         ,Rico,Hunt,Rain,Angle,no,no,no,no,yes,False
103125798,METROPOLITAN NASHVILLE POLICE DEPT,20210559931,Davidson,Nashville,10/28/2021 11:30:00 AM,2,0,0,36.040260,-86.768240,OLD HICKORY BLVD,,,,39.00,Feet,East,SEVEN SPRINGS WAY,,,,0.00,N,Not at Intersection,N,Non-Junction,None,,,         ,Kaitlyn,Qualls,"Cloudy, Rain",Angle,no,no,no,no,no,False
103125805,THP District 3 - Nashville,321072031,Davidson,Nashville,10/28/2021 8:11:00 AM,2,0,0,36.030460,-86.783610,I 65,,,,0.00,,,,,,,74.00,N,Not at Intersection, ,Non-Junction,None,,,         ,Walter,Roth,"Cloudy, Rain",Front to Rear,no,no,no,no,no,False
103125812,METROPOLITAN NASHVILLE POLICE DEPT,20210559883,Davidson,Nashville,10/28/2021 10:45:00 AM,2,1,0,36.166440,-86.856170,CENTENNIAL BLVD,,,,72.00,Feet,West,OHIO AV,,,,0.00,N,Not at Intersection,N,Non-Junction,None,,,         ,Charles,Boles,Rain,Front to Rear,no,no,no,no,no,False
103125815,METROPOLITAN NASHVILLE POLICE DEPT,20210559819,Davidson,Not in City Limit,10/28/2021 8:45:00 AM,2,0,0,36.069070,-86.941430,BELLEVUE RD,,,,76.00,Feet,North,BAUGH RD,,,,0.00,N,Not at Intersection, ,Non-Junction,None,,,         ,Wesley,Tilley,Rain,Angle,no,no,no,no,yes,False
103125831,VANDERBILT UNIVERSITY POLICE,2021-0558418,Davidson,Nashville,10/27/2021 1:40:00 PM,2,0,0,36.139110,-86.804190,CHILDRENS WAY,,,,0.00,,,,,,,0.00,,, ,Non-Junction,None,,,         ,Scott,Johnson,Clear,Front to Rear,no,no,no,yes,no,Campus
103125848,METROPOLITAN NASHVILLE POLICE DEPT,20210560005,Davidson,Nashville,10/28/2021 12:45:00 PM,2,2,0,36.240740,-86.757370,DICKERSON PKE,,,,0.00,,,BRILEY PKWY E EXT RAMP,,,,0.00,Y,T-Intersection,N,Intersection,None,,,         ,Travis,Baxter,Cloudy,Angle,no,no,no,no,yes,False
103125849,METROPOLITAN NASHVILLE POLICE DEPT,20210559972,Davidson,Nashville,10/28/2021 12:08:00 PM,2,0,0,36.122000,-86.754620,I440 W ENT RAMP,,,,0.00,,,I 440,,,,0.00,Y,T-Intersection, ,Entrance/Exit Ramp Related,None,,,         ,Jean,McCormack,Cloudy,Angle,no,no,no,no,no,False
103125850,METROPOLITAN NASHVILLE POLICE DEPT,20210559932,Davidson,Nashville,10/28/2021 11:37:00 AM,2,0,0,36.206720,-86.779630,W TRINITY LN,,,,353.00,Feet,West,HAMPTON ST,,,,0.00,N,Not at Intersection,N,Non-Junction,None,,,         ,Ronald,Bright,Rain,Front to Rear,no,no,no,no,no,False
103125851,METROPOLITAN NASHVILLE POLICE DEPT,20210559930,Davidson,Nashville,10/28/2021 10:55:00 AM,2,0,0,36.207550,-86.777790,BRICK CHURCH PKE,,,,0.00,,,I65 S EXT RAMP,,,,0.00,Y,T-Intersection,N,OtherLocation,None,,,         ,Ronald,Bright,Rain,"Sideswipe, Same Direction",no,no,no,no,no,False
103125853,METROPOLITAN NASHVILLE POLICE DEPT,20210559936,Davidson,Nashville,10/28/2021 11:41:00 AM,2,2,0,36.125600,-86.732890,I440 W ENT RAMP,,,,0.00,Feet,East,I 440,,,,0.00,N,Not at Intersection,N,Non-Junction,None,,,         ,Charles,Wakefield,Rain,Front to Rear,no,no,no,no,no,False
103125855,METROPOLITAN NASHVILLE POLICE DEPT,20210560046,Davidson,Nashville,10/28/2021 1:00:00 PM,2,0,0,36.107900,-86.755650,SIDCO DR,,,,50.00,Feet,South,FONTANA AV,,,,0.00,N,Not at Intersection,N,OtherLocation,None,,,         ,Earl,Davis,Cloudy,Other,no,no,no,yes,yes,False
103125866,METROPOLITAN NASHVILLE POLICE DEPT,20210560015,Davidson,Nashville,10/28/2021 12:55:00 PM,2,1,0,36.130870,-86.897760,I40 E EXT RAMP,,,,0.00,Feet,East,I 40,,,,0.00,N,Not at Intersection,N,Entrance/Exit Ramp Related,None,,,         ,Douglas,Atwood,Cloudy,Front to Rear,no,no,no,no,no,False
103125871,METROPOLITAN NASHVILLE POLICE DEPT,20210559886,Davidson,Nashville,10/28/2021 10:56:00 AM,2,0,0,36.168050,-86.691340,LEBANON PKE,,,,0.00,Feet,,CRAIGMEADE DR,,,,0.00,Y,T-Intersection,N,Intersection,None,,,         ,Eric,Cunningham,Rain,Front to Rear,no,no,no,no,yes,False
103125875,METROPOLITAN NASHVILLE POLICE DEPT,20210559945,Davidson,Nashville,10/28/2021 9:30:00 AM,2,0,0,36.152410,-86.690500,ELM HILL PIKE,,,,0.00,,,-- UNKNOWN RAMP/ROAD --,,,,0.00,Y,Four-Way, ,Entrance/Exit Ramp Related,None,,,         ,Michael,Reid,Rain,Angle,no,no,no,no,yes,False
103125876,METROPOLITAN NASHVILLE POLICE DEPT,20210559937,Davidson,Nashville,10/28/2021 11:45:00 AM,1,1,0,36.174130,-86.767660,MAIN ST ENT RAMP,,,,0.00,Feet,East,I 24,,,,0.00,N,Not at Intersection,N,Non-Junction,None,,,         ,Michael,Agee,Cloudy,Not Collision with Motor Vehicle in Transport,no,no,no,no,no,False
103125880,METROPOLITAN NASHVILLE POLICE DEPT,20210559873,Davidson,Nashville,10/28/2021 10:41:00 AM,1,1,0,36.174540,-86.606050,I40 W ENT RAMP,,,,0.00,Feet,East,CENTRAL PKE,,,,0.00,N,Not at Intersection,N,Non-Junction,None,,,         ,Kaytlin,huyler,Rain,Not Collision with Motor Vehicle in Transport,no,no,no,no,no,False
103125881,METROPOLITAN NASHVILLE POLICE DEPT,20210559994,Davidson,Nashville,10/28/2021 10:36:00 AM,2,0,0,36.095590,-86.735220,WHEELER AV,,,,152.00,Feet,East,FLORAL DR,,,,0.00,N,Not at Intersection,N,Non-Junction,None,,,         ,Joe,Hooper,Rain,Angle,no,no,no,no,yes,False
103125888,METROPOLITAN NASHVILLE POLICE DEPT,20210560070,Davidson,Nashville,10/28/2021 12:51:00 PM,2,1,0,36.063220,-86.626750,MURFREESBORO PKE,,,,766.00,Feet,South,HAMILTON CHURCH RD,,,,0.00,N,Not at Intersection,N,Non-Junction,None,,,         ,Ryan,Howard,Cloudy,Angle,no,no,no,no,no,False
103125889,METROPOLITAN NASHVILLE POLICE DEPT,20210560064,Davidson,Nashville,10/28/2021 1:28:00 PM,2,0,0,36.045720,-86.658620,I24 W ENT RAMP,,,,10.00,Feet,East,BELL RD,,,,0.00,N,Not at Intersection,N,Non-Junction,None,,,         ,Eric,Burford,Cloudy,Front to Rear,no,no,no,no,yes,False
103125895,METROPOLITAN NASHVILLE POLICE DEPT,20210560010,Davidson,Nashville,10/28/2021 12:00:00 PM,2,0,0,36.173790,-86.822580,DR WALTER S DAVIS BLVD,,,,0.00,Feet,,ED TEMPLE BLVD,,,,0.00,Y,Four-Way, ,Intersection-Related,None,,,         ,Jean,McCormack,Rain,"Sideswipe, Same Direction",no,no,no,no,yes,False
103125897,METROPOLITAN NASHVILLE POLICE DEPT,20210559780,Davidson,Nashville,10/28/2021 9:24:00 AM,1,0,0,36.203390,-86.750800,ELLINGTON PKWY S EXT RAMP,,,,0.00,Feet,East,ELLINGTON PKWYS,,,,0.00,N,Not at Intersection, ,Entrance/Exit Ramp Related,None,,,         ,Daniel,Carney,"Cloudy, Rain",Not Collision with Motor Vehicle in Transport,no,no,no,no,no,False