master_record_number,agency,agency_tracking_number,county,city,collision_date,vehicles_involved,number_injured,number_dead,latitude,longitude,roadway_name,roadway_suffix,roadway_number,roadway_local_id,distance_from_reference,miles-feet_indicator,direction_from_reference,intersection_road_name,intersection_road_name_suffix,intersection_road_number,intersection_local_id,mile_marker,intersection_indicator,intersect_type,interchange_related_indicator,relation_to_junction,work_zone_type,construction_maintenance_zone,construction_maintenance_zone_location,fatal_case_number,officer_first_name,officer_last_name,weather_condition(s),manner_of_crash,pedestrian,bicycle,scooter,parking,hitrun,mou
103125910,METROPOLITAN NASHVILLE POLICE DEPT,20210560071,Davidson,Nashville,10/28/2021 12:27:00 PM,1,0,0,36.165910,-86.865010,63RD AVN,,,,19.00,Feet,North,LOUISIANA AV,,,,0.00,N,Not at Intersection,N,Non-Junction,None,,,         ,George,Spencer,"Cloudy, Rain",Not Collision with Motor Vehicle in Transport,no,no,no,no,no,False
103125938,GOODLETTSVILLE POLICE DEPT,21-30238,Davidson,Goodlettsville,10/28/2021 1:29:00 PM,1,0,0,36.306790,-86.694700,VIETNAM VETERANS BLVD NB EXT R,,,,0.00,Feet,East,VIETNAM VETERANS BLVD NB ENT R,,,,0.00,N,Not at Intersection,N,Entrance/Exit Ramp Related,None,,,         ,Rico,Jones,Clear,Not Collision with Motor Vehicle in Transport,no,no,no,no,no,False
103125950,METROPOLITAN NASHVILLE POLICE DEPT,20210560098,Davidson,Nashville,10/28/2021 1:20:00 PM,2,0,0,36.082320,-86.697610,I 24,,,,0.00,,,,,,,56.00,N,Not at Intersection,N,Non-Junction,None,,,         ,Todd,Watson,Cloudy,"Sideswipe, Same Direction",no,no,no,no,yes,False
103125958,METROPOLITAN NASHVILLE POLICE DEPT,20210560032,Davidson,Nashville,10/28/2021 1:04:00 PM,2,1,0,36.156890,-86.618100,BELL RD,,,,0.00,Feet,East,STONES RIVER GRNWY,,,,0.00,N,Not at Intersection,N,Non-Junction,None,,,         ,Mary,Robinson,"Cloudy, Rain",Angle,no,no,no,no,no,False
103125963,METROPOLITAN NASHVILLE POLICE DEPT,20210559928,Davidson,Nashville,10/28/2021 8:10:00 AM,2,0,0,36.205880,-86.768540,E TRINITY LN,,,,20.00,Feet,East,DICKERSON PKE,,,,0.00,N,Not at Intersection,N,Non-Junction,None,,,         ,Flynn,Ireland,"Cloudy, Rain",Front to Rear,no,no,no,no,no,False
103125969,METROPOLITAN NASHVILLE POLICE DEPT,20210560181,Davidson,Nashville,10/28/2021 2:49:00 PM,1,0,0,36.133000,-86.726870,I24E,,,,81.00,Feet,East,I24 W EXT RAMP,,,,0.00,N,Not at Intersection,N,Non-Junction,None,,,         ,Joseph,Hurst,Rain,Not Collision with Motor Vehicle in Transport,no,no,no,no,no,False
103125981,METROPOLITAN NASHVILLE POLICE DEPT,20210560154,Davidson,Nashville,10/28/2021 2:45:00 PM,2,0,0,36.231850,-86.769680,I 65,,,,0.00,,,,,,,89.10,N,Not at Intersection, ,Non-Junction,None,,,         ,Gabriel,Vasquez,Clear,"Sideswipe, Same Direction",no,no,no,no,no,False
103125984,METROPOLITAN NASHVILLE POLICE DEPT,20210560186,Davidson,Not in City Limit,10/28/2021 2:53:00 PM,1,0,0,36.336560,-86.783110,UNION HILL RD,,,,339.00,Feet,West,LUSTER RD,,,,0.00,N,Not at Intersection, ,Non-Junction,None,,,         ,Brandon,Lopez,Cloudy,Not Collision with Motor Vehicle in Transport,no,no,no,no,no,False
103125988,METROPOLITAN NASHVILLE POLICE DEPT,20210560180,Davidson,Nashville,10/28/2021 11:54:00 AM,2,0,0,36.190940,-86.763720,LISCHEY AV,,,,100.00,Feet,North,EVANSTON AV,,,,0.00,N,Not at Intersection, ,Non-Junction,None,,,         ,Tyler,Lewis,Clear,"Sideswipe, Same Direction",no,no,no,no,no,False
103125999,METROPOLITAN NASHVILLE POLICE DEPT,20210560116,Davidson,Nashville,10/28/2021 2:27:00 PM,2,0,0,36.048550,-86.653940,CONNECTING ROAD,,,,46.00,Feet,South,STATE HWY 254,,,,0.00,N,Not at Intersection, ,Non-Junction,None,,,         ,Alberta,Auguste,Clear,"Sideswipe, Same Direction",no,no,no,no,no,False
103126002,THP District 3 - Nashville,321071657,Davidson,Not in City Limit,10/26/2021 2:50:00 PM,1,0,0,36.337700,-86.913400,I 24,,,,0.00,,,,,,,32.25,N,Not at Intersection,N,Non-Junction,None,,,         ,Kevin,Smith,Clear,Not Collision with Motor Vehicle in Transport,no,no,no,no,no,False
103126004,METROPOLITAN NASHVILLE POLICE DEPT,20210560194,Davidson,Nashville,10/28/2021 12:00:00 AM,2,0,0,36.229840,-86.756300,HILLSIDE RD,,,,16.00,Feet,North,BROADMOOR DR,,,,0.00,N,Not at Intersection,N,Non-Junction,None,,,         ,Derek,Garcia,Cloudy,Front to Rear,no,no,no,no,no,False
103126008,METROPOLITAN NASHVILLE POLICE DEPT,2021-0559910,Davidson,Nashville,10/28/2021 10:15:00 AM,2,0,0,36.137570,-86.800760,WEDGEWOOD AV,,,,0.00,,,21ST AVS,,,,0.00,Y,Four-Way,N,Intersection-Related,None,,,         ,Po,Cheng,Cloudy,Front to Rear,no,no,no,no,yes,Campus
103126010,METROPOLITAN NASHVILLE POLICE DEPT,20210560192,Davidson,Nashville,10/28/2021 12:00:00 AM,1,0,0,36.201430,-86.714040,FERNWOOD DR,,,,106.00,Feet,North,PIEDMONT AV,,,,0.00,N,Not at Intersection,N,Non-Junction,None,,,         ,Esther,Poysti,Cloudy,Not Collision with Motor Vehicle in Transport,no,no,no,no,no,False
103126013,GOODLETTSVILLE POLICE DEPT,21-30245,Davidson,Goodlettsville,10/28/2021 3:50:00 PM,2,0,0,36.325220,-86.713830,N MAIN ST,,,,0.00,Feet,West,PAYNE ST,,,,0.00,N,Not at Intersection, ,Non-Junction,None,,,         ,George,Forbes,Cloudy,"Sideswipe, Same Direction",no,no,no,no,no,False
103126036,METROPOLITAN NASHVILLE POLICE DEPT,20210560316,Davidson,Nashville,10/28/2021 1:45:00 PM,2,0,0,36.158480,-86.640250,STEWARTS FERRY PKE,,,,0.00,Feet,North,HICKORY BEND DR,,,,0.00,N,Not at Intersection, ,Non-Junction,None,,,         ,Evan,Grace,Cloudy,Angle,no,no,no,no,no,False
103126038,METROPOLITAN NASHVILLE POLICE DEPT,20210560330,Davidson,Not in City Limit,10/28/2021 4:33:00 PM,2,0,0,36.262720,-86.680190,STATE RT 45,,,,242.00,Feet,East,RIO VISTA DR,,,,0.00,N,Not at Intersection, ,,None,,,         ,Derek,Sibley,,,no,no,no,no,no,False
103126040,METROPOLITAN NASHVILLE POLICE DEPT,20210560138,Davidson,Nashville,10/28/2021 2:48:00 PM,3,0,0,36.040040,-86.743900,OLD HICKORY BLVD,,,,126.00,Feet,West,EDMONDSON PKE,,,,0.00,N,Not at Intersection,N,Non-Junction,None,,,         ,Dylan,Motes,Cloudy,"Sideswipe, Same Direction",no,no,no,no,no,False
103126041,METROPOLITAN NASHVILLE POLICE DEPT,20210560230,Davidson,Nashville,10/28/2021 2:12:00 PM,2,1,0,36.142450,-86.765050,4TH AVS,,,,1.00,Feet,North,HART ST,,,,0.00,N,Not at Intersection,N,Non-Junction,None,,,         ,Robert,Laboy,Cloudy,"Sideswipe, Same Direction",no,no,no,no,no,False
103126048,METROPOLITAN NASHVILLE POLICE DEPT,20210560287,Davidson,Nashville,10/28/2021 12:00:00 AM,2,0,0,36.144720,-86.872400,CHARLOTTE PKE,,,,142.00,Feet,North,AMERICAN RD,,,,0.00,N,Not at Intersection, ,Non-Junction,None,,,         ,Kyle,Lund,Cloudy,"Sideswipe, Same Direction",no,no,no,no,yes,False
103126049,METROPOLITAN NASHVILLE POLICE DEPT,20210560337,Davidson,Nashville,10/28/2021 4:14:00 PM,2,0,0,36.172170,-86.768620,I 24,,,,0.00,,,,,,,48.30,N,Not at Intersection,N,Non-Junction,None,,,         ,Randy,Puckett,Rain,Angle,no,no,no,no,no,False
103126053,METROPOLITAN NASHVILLE POLICE DEPT,20210560358,Davidson,Nashville,10/28/2021 4:40:00 PM,2,0,0,36.238400,-86.742740,I65 N ENT RAMP,,,,0.00,Feet,East,ELLINGTON PKWYS,,,,0.00,N,Not at Intersection,N,Non-Junction,None,,,         ,Adam,Warren,Rain,"Sideswipe, Same Direction",no,no,no,no,yes,False
103126055,METROPOLITAN NASHVILLE POLICE DEPT,20210560340,Davidson,Nashville,10/28/2021 4:43:00 PM,2,0,0,36.155300,-86.764750,MIDDLETON ST,,,,30.00,Feet,North,ROLLING MILL HILL GRNWY,,,,0.00,N,Not at Intersection,N,Non-Junction,None,,,         ,Trevor,Taylor,"Cloudy, Rain","Sideswipe, Same Direction",no,no,no,no,yes,False
103126064,METROPOLITAN NASHVILLE POLICE DEPT,20210560277,Davidson,Not in City Limit,10/28/2021 4:00:00 PM,3,0,0,36.275040,-86.735420,I 65,,,,0.00,,,,,,,93.00,N,Not at Intersection,N,Non-Junction,None,,,         ,Kyle,Eicholtz,Cloudy,Front to Rear,no,no,no,no,no,False
103126072,METROPOLITAN NASHVILLE POLICE DEPT,20210560302,Davidson,Nashville,10/28/2021 4:15:00 PM,2,1,0,36.169190,-86.766360,I 24,,,,0.00,,,,,,,48.75,N,Not at Intersection,N,Entrance/Exit Ramp Related,None,,,         ,Cooper,HIll,Rain,"Sideswipe, Same Direction",no,no,no,no,no,False
103126081,METROPOLITAN NASHVILLE POLICE DEPT,20210560386,Davidson,Nashville,10/28/2021 5:10:00 PM,1,0,0,36.248930,-86.742030,I 65,,,,0.00,,,,,,,91.10,N,Not at Intersection,N,Non-Junction,None,,,         ,Dylan,Bradley,Rain,Not Collision with Motor Vehicle in Transport,no,no,no,no,no,False
103126082,METROPOLITAN NASHVILLE POLICE DEPT,20210560253,Davidson,Nashville,10/28/2021 3:45:00 PM,2,1,0,36.157110,-86.774670,KOREAN VETERANS BLVD,,,,0.00,Feet,,4TH AVS,,,,0.00,Y,Four-Way,Y,Intersection,None,,,         ,Kency,Le,Cloudy,Angle,no,no,no,no,no,False
103126083,METROPOLITAN NASHVILLE POLICE DEPT,20210560376,Davidson,Not in City Limit,10/28/2021 5:05:00 PM,2,0,0,36.272980,-86.729770,NESBITT LN,,,,0.00,Feet,North,N GRAYCROFT AV,,,,0.00,N,Not at Intersection,N,Non-Junction,None,,,         ,Brandon,Lopez,Rain,Angle,no,no,no,no,no,False
103126085,METROPOLITAN NASHVILLE POLICE DEPT,20210560378,Davidson,Nashville,10/28/2021 5:06:00 PM,2,1,0,36.066670,-86.717940,NOLENSVILLE PKE,,,,0.00,,,NORTHCREST DR,,,,0.00,Y,T-Intersection,N,Intersection,None,,,         ,Joseph,Hurst,Rain,Angle,no,no,no,no,no,False
103126095,METROPOLITAN NASHVILLE POLICE DEPT,20210560224,Davidson,Nashville,10/28/2021 11:44:00 AM,1,0,0,36.057350,-86.668250,MOUNT VIEW RD,,,,794.00,Feet,South,HICKORY HOLLOW PKWY,,,,0.00,N,Not at Intersection,N,OtherLocation,None,,,         ,Beri,Scott,Rain,Not Collision with Motor Vehicle in Transport,no,no,no,no,yes,False
103126105,METROPOLITAN NASHVILLE POLICE DEPT,20210560263,Davidson,Nashville,10/28/2021 3:50:00 PM,2,1,0,36.073140,-86.920660,OLD HICKORY BLVD,,,,0.00,Feet,,BELLEVUE VALLEY PLAZA PVTDR,,,,0.00,Y,T-Intersection,N,Intersection,None,,,         ,Dylan,Colquhoun,Cloudy,Angle,no,no,no,no,no,False
103126115,METROPOLITAN NASHVILLE POLICE DEPT,20210560483,Davidson,Nashville,10/28/2021 1:00:00 PM,2,0,0,36.097650,-86.679820,AIRPARK CENTER DR,,,,787.00,Feet,West,DONELSON PKE,,,,0.00,N,Not at Intersection, ,,None,,,         ,Andrew,Brazee,,,no,no,no,yes,no,False
103126118,METROPOLITAN NASHVILLE POLICE DEPT,20210560331,Davidson,Nashville,10/28/2021 9:08:00 AM,1,0,0,36.138300,-86.701120,DABBS AV,,,,173.00,Feet,South,LOUANNE DR,,,,0.00,N,Not at Intersection,N,Non-Junction,None,,,         ,Dontaveous,Eubanks,Clear,Not Collision with Motor Vehicle in Transport,no,no,no,yes,yes,False
103126123,METROPOLITAN NASHVILLE POLICE DEPT,20210560418,Davidson,Goodlettsville,10/28/2021 12:00:00 AM,2,0,0,36.305010,-86.705670,VIETNAM VETERANS BLVDS,,,,133.00,Feet,West,VIETNAM VETERANS BLVD SB ENT R,,,,0.00,N,Not at Intersection,N,Non-Junction,None,,,         ,Wallace,Seay III,Rain,Front to Rear,no,no,no,no,no,False
103126124,METROPOLITAN NASHVILLE POLICE DEPT,20210560506,Davidson,Not in City Limit,10/28/2021 6:24:00 PM,2,0,0,36.291490,-86.810000,I 24,,,,0.00,,,,,,,39.30,N,Not at Intersection, ,Non-Junction,None,,,         ,Connor,Hosey,Cloudy,Front to Rear,no,no,no,no,no,False
103126125,METROPOLITAN NASHVILLE POLICE DEPT,20210560436,Davidson,Not in City Limit,10/28/2021 5:28:00 PM,2,0,0,36.261790,-86.738290,I 65,,,,0.00,,,,,,,92.05,N,Not at Intersection,N,Non-Junction,None,,,         ,Derek,Sibley,Rain,Front to Rear,no,no,no,no,no,False
103126127,METROPOLITAN NASHVILLE POLICE DEPT,20210560339,Davidson,Nashville,10/28/2021 4:43:00 PM,2,0,0,36.105870,-86.763960,POWELL AV,,,,256.00,Feet,North,ARMORY OAKS DR,,,,0.00,N,Not at Intersection,N,Non-Junction,None,,,         ,Gregory,Rdzok,"Cloudy, Rain",Angle,no,no,no,no,yes,False
103126132,METROPOLITAN NASHVILLE POLICE DEPT,20210560300,Davidson,Nashville,10/28/2021 4:15:00 PM,2,1,0,36.106540,-86.764560,POWELL AV,,,,0.00,,East,POWELL PL,,,,0.00,N,Not at Intersection,N,Non-Junction,None,,,         ,Tyler,Shanks,Clear,"Sideswipe, Same Direction",no,no,no,no,no,False
103126134,METROPOLITAN NASHVILLE POLICE DEPT,20210560493,Davidson,Nashville,10/28/2021 6:15:00 PM,3,2,0,36.115920,-86.798620,BATTLEFIELD DR,,,,0.00,,,BELMONT BLVD,,,,0.00,Y,OTHER,N,Non-Junction,None,,,         ,Goran,Manojlovic,Rain,Front to Rear,no,no,no,no,no,False
103126135,METROPOLITAN NASHVILLE POLICE DEPT,20210560440,Davidson,Not in City Limit,10/28/2021 5:32:00 PM,2,0,0,36.336180,-86.778630,UNION HILL RD,,,,329.00,Feet,North,LICKTON PKE,,,,0.00,N,Not at Intersection, ,Non-Junction,None,,,         ,Benjamin,Williams,Rain,"Sideswipe, Opposite Direction",no,no,no,no,no,False
103126136,BERRY HILL POLICE DEPT,21-3172,Davidson,Nashville,10/28/2021 6:41:00 PM,2,0,0,36.111600,-86.759640,THOMPSON LN,,,,488.00,Feet,West,E IRIS DR,,,,0.00,N,Not at Intersection, ,,None,,,         ,Mark,Sydenstricker,,,no,no,no,no,no,False
103126137,Nashville Airport Police,2021-03856,Davidson,Nashville,10/7/2021 4:24:00 PM,2,1,0,36.110540,-86.671270,DONELSON PKE,,,,312.00,Feet,North,KNAPP BLVD,,,,0.00,N,Not at Intersection,N,Non-Junction,None,,,         ,Kayla,Kimbro,Clear,Angle,no,no,no,no,no,False
103126141,METROPOLITAN NASHVILLE POLICE DEPT,20210560442,Davidson,Nashville,10/28/2021 5:30:00 PM,2,0,0,36.161250,-86.802370,DR D B TODD JR BLVD,,,,97.00,Feet,North,18TH AVN,,,,0.00,N,Not at Intersection,N,Non-Junction,None,,,         ,Michael,Suagua,Cloudy,Front to Rear,no,no,no,no,no,False
103126142,METROPOLITAN NASHVILLE POLICE DEPT,20210560407,Davidson,Nashville,10/28/2021 5:29:00 PM,2,0,0,36.070000,-86.685610,ACCESS RD,,,,0.00,,,HAYWOOD LN,,,,0.00,Y,Four-Way, ,Intersection,None,,,         ,Beri,Scott,Clear,"Sideswipe, Same Direction",no,no,no,no,no,False
103126145,METROPOLITAN NASHVILLE POLICE DEPT,20210560476,Davidson,Madison,10/28/2021 12:00:00 AM,2,0,0,36.264210,-86.734430,OLD HICKORY BLVDW,,,,165.00,Feet,West,HEAD DR,,,,0.00,N,Not at Intersection,N,Non-Junction,None,,,         ,Vincent,McCrary,Rain,HeadOn,no,no,no,no,no,False
103126147,METROPOLITAN NASHVILLE POLICE DEPT,20210560389,Davidson,Nashville,10/28/2021 5:00:00 PM,2,3,0,36.159260,-86.801010,DR D B TODD JR BLVD,,,,0.00,,,PEARL ST,,,,0.00,Y,T-Intersection,N,Intersection,None,,,         ,Jackson,Sanders,Cloudy,Angle,no,no,no,no,no,False
103126149,METROPOLITAN NASHVILLE POLICE DEPT,20210560605,Davidson,Nashville,10/28/2021 5:45:00 PM,2,0,0,36.124980,-86.847640,HARDING PKE,,,,0.00,,,WHITE BRIDGE PKE,,,,0.00,Y,Four-Way,N,Intersection,None,,,         ,Heather,Fox,Clear,Front to Rear,no,no,no,no,yes,False
103126153,METROPOLITAN NASHVILLE POLICE DEPT,20210560505,Davidson,Nashville,10/28/2021 6:19:00 PM,2,1,0,36.130300,-86.837780,HARDING PKE,,,,0.00,,,CHEROKEE RD,,,,0.00,Y,Four-Way,N,Intersection,None,,,         ,Kyle,Lund,Cloudy,Angle,no,no,no,no,no,False
103126157,METROPOLITAN NASHVILLE POLICE DEPT,20210560504,Davidson,Nashville,10/28/2021 5:50:00 PM,2,0,0,36.133230,-86.801310,PORTLAND AV,,,,0.00,Feet,,MAGNOLIA BLVD,,,,0.00,Y,Four-Way,N,Intersection,None,,,         ,Robert,Laboy,Clear,Angle,no,no,no,no,no,False
103126158,METROPOLITAN NASHVILLE POLICE DEPT,20210560535,Davidson,Nashville,10/28/2021 6:45:00 PM,2,0,0,36.086570,-86.691530,ANTIOCH PIKE,,,,364.00,Feet,South,STATE HWY 255,,,,0.00,N,Not at Intersection,N,Non-Junction,None,,,         ,Beri,Scott,Clear,Angle,no,no,no,no,no,False
103126163,METROPOLITAN NASHVILLE POLICE DEPT,20210560595,Davidson,Nashville,10/28/2021 7:19:00 PM,2,0,0,36.149410,-86.747490,I 40,,,,0.00,,,,,,,211.75,N,Not at Intersection,N,Non-Junction,None,,,         ,Rami,Rouhi,Clear,"Sideswipe, Same Direction",no,no,no,no,yes,False
103126167,METROPOLITAN NASHVILLE POLICE DEPT,20210560518,Davidson,Nashville,10/28/2021 6:31:00 PM,2,1,0,36.044960,-86.665100,BELL RD,,,,518.00,Feet,North,CEDAR POINTE PKWY,,,,0.00,N,Not at Intersection,N,Non-Junction,None,,,         ,Joseph,Hurst,Clear,Angle,no,no,no,no,no,False
103126171,METROPOLITAN NASHVILLE POLICE DEPT,20210560587,Davidson,Antioch,10/28/2021 7:16:00 PM,2,0,0,36.047240,-86.590060,PIN HOOK RD,,,,0.00,,,PIN OAK DR,,,,0.00,Y,Four-Way,N,Intersection,None,,,         ,Beri,Scott,Clear,Angle,no,no,no,no,no,False
103126172,METROPOLITAN NASHVILLE POLICE DEPT,20210560351,Davidson,Nashville,10/28/2021 12:00:00 AM,3,2,0,36.235760,-86.709290,BRILEY PKWYW,,,,356.00,Feet,East,MUSIC VALLEY DR,,,,0.00,N,Not at Intersection,N,Non-Junction,None,,,         ,Amanda,Topping,Rain,Angle,no,no,no,no,no,False
103126198,METROPOLITAN NASHVILLE POLICE DEPT,20210560424,Davidson,Nashville,10/28/2021 3:47:00 PM,2,0,0,36.116330,-86.810540,HILLSBORO PKE,,,,73.00,Feet,South,MATTHEW LN,,,,0.00,N,Not at Intersection, ,Non-Junction,None,,,         ,Brady,Reynolds,Cloudy,Angle,no,no,no,no,no,False
103126199,METROPOLITAN NASHVILLE POLICE DEPT,20210560656,Davidson,OTHER,10/28/2021 8:08:00 PM,2,0,0,36.042850,-86.606550,MURFREESBORO PKE,,,,0.00,,,HOBSON PKE,,,,0.00,Y,Four-Way,N,Intersection,None,,,         ,Joseph,Hurst,Clear,HeadOn,no,no,no,no,no,False
103126211,METROPOLITAN NASHVILLE POLICE DEPT,20210560685,Davidson,Nashville,10/28/2021 8:00:00 PM,1,0,0,36.104910,-86.772740,FRANKLIN PKE,,,,201.00,Feet,South,CALDWELL LN,,,,0.00,N,Not at Intersection, ,Non-Junction,None,,,         ,Goran,Manojlovic,Clear,Not Collision with Motor Vehicle in Transport,no,no,no,no,no,False
103126213,METROPOLITAN NASHVILLE POLICE DEPT,20210560679,Davidson,Not in City Limit,10/28/2021 8:20:00 PM,2,0,0,36.263330,-86.714600,OLD HICKORY BLVDW,,,,0.00,Feet,East,DOUGLAS ST,,,,0.00,N,Not at Intersection, ,Non-Junction,None,,,         ,David,Harms,Cloudy,Front to Rear,no,no,no,no,yes,False
103126225,METROPOLITAN NASHVILLE POLICE DEPT,20210560503,Davidson,Nashville,10/28/2021 6:21:00 PM,2,0,0,36.168100,-86.765690,I24 W ENT RAMP,,,,0.00,Feet,East,I 24,,,,0.00,N,Not at Intersection, ,Non-Junction,None,,,         ,Kency,Le,Clear,Front to Rear,no,no,no,no,no,False
103126226,METROPOLITAN NASHVILLE POLICE DEPT,20210560700,Davidson,Nashville,10/28/2021 8:35:00 PM,3,0,0,36.166190,-86.764710,I 24,,,,0.00,,,,,,,49.00,N,Not at Intersection, ,Non-Junction,None,,,         ,Kency,Le,Clear,Front to Rear,no,no,no,no,no,False
103126275,METROPOLITAN NASHVILLE POLICE DEPT,20210560751,Davidson,Nashville,10/28/2021 7:43:00 PM,2,0,0,36.110940,-86.745220,THOMPSON LN,,,,0.00,,,NOLENSVILLE PKE,,,,0.00,Y,Four-Way,N,Intersection-Related,None,,,         ,Joseph,Hurst,Clear,Front to Rear,no,no,no,no,yes,False
103126321,METROPOLITAN NASHVILLE POLICE DEPT,20210560228,Davidson,Nashville,10/28/2021 3:33:00 PM,3,4,0,36.135110,-86.894200,I 40,,,,0.00,,,,,,,201.45,N,Not at Intersection,N,Non-Junction,None,,,         ,Jeremy,Huffine,Cloudy,Front to Rear,no,no,no,no,no,False
103126325,METROPOLITAN NASHVILLE POLICE DEPT,20210560881,Davidson,Nashville,10/28/2021 11:15:00 PM,1,1,0,36.135980,-86.727340,I24 E EXT RAMP,,,,0.00,,,I 24,,,,0.00,Y,OTHER,N,Entrance/Exit Ramp Related,None,,,         ,Jonathan,Handley,Rain,Not Collision with Motor Vehicle in Transport,no,no,no,no,no,False
103126339,METROPOLITAN NASHVILLE POLICE DEPT,20210560826,Davidson,Not in City Limit,10/28/2021 10:00:00 PM,2,0,0,36.325510,-86.876720,I 24,,,,0.00,,,,,,,34.45,N,Not at Intersection,N,Non-Junction,None,,,         ,Nathan,Sizemore,Rain,Angle,no,no,no,no,yes,False
103126344,METROPOLITAN NASHVILLE POLICE DEPT,20210560860,Davidson,Nashville,10/28/2021 10:53:00 PM,2,1,0,36.192080,-86.780690,I 65,,,,0.00,,,,,,,86.30,N,Not at Intersection,N,Non-Junction,None,,,         ,Burton,Beeson,Rain,"Sideswipe, Same Direction",no,no,no,no,yes,False
103126474,THP District 3 - Nashville,321071641,Davidson,Nashville,10/26/2021 1:37:00 PM,3,2,0,36.142170,-86.666500,I40 W EXT RAMP,,,,0.00,Feet,East,I 40,,,,0.00,N,Not at Intersection,N,Entrance/Exit Ramp Related,None,,,         ,Steven,Seale,Clear,Front to Rear,no,no,no,no,yes,False
103126567,METROPOLITAN NASHVILLE POLICE DEPT,20210559852,Davidson,Nashville,10/28/2021 10:26:00 AM,2,1,1,36.203740,-86.740000,E TRINITY LN,,,,330.00,Feet,East,CASPER AV,,,,0.00,N,Not at Intersection,N,Non-Junction,None,,,         ,Christopher,Augustin,Cloudy,HeadOn,no,no,no,no,no,False
103126688,METROPOLITAN NASHVILLE POLICE DEPT,20210560122,Davidson,Nashville,10/28/2021 2:38:00 PM,1,0,0,36.152900,-86.784090,PINE ST,,,,0.00,,,,,,,0.00,,,N,OtherLocation,None,,,         ,Michael,Douglas,Clear,Not Collision with Motor Vehicle in Transport,no,no,no,yes,no,False
103126865,METROPOLITAN NASHVILLE POLICE DEPT,20210559892,Davidson,Nashville,10/28/2021 10:37:00 AM,2,0,0,36.069380,-86.689310,I 24,,,,0.00,,,,,,,57.00,N,Not at Intersection,N,Non-Junction,None,,,         ,Darrin,Hardin,"Cloudy, Rain",Front to Rear,no,no,no,no,no,False
103126910,VANDERBILT UNIVERSITY POLICE,20210554834,Davidson,Nashville,10/25/2021 7:07:00 PM,2,0,0,36.139080,-86.805070,24TH AVS,,,,0.00,,,CHILDRENS WAY,,,,0.00,Y,Four-Way, ,Intersection,None,,,         ,Michael,Wyers,,Front to Rear,no,no,no,no,no,Campus
103127006,VANDERBILT UNIVERSITY POLICE,20210560696,Davidson,Nashville,10/28/2021 7:00:00 PM,2,0,0,36.112330,-86.767020,THOMPSON LN,,,,0.00,Feet,,BRANSFORD AV,,,,0.00,Y,Four-Way,N,Intersection,None,,,         ,Yarrish,Hammons,Clear,Angle,no,no,no,no,no,False
103128133,METROPOLITAN NASHVILLE POLICE DEPT,20210564602,Davidson,Nashville,10/28/2021 10:49:00 PM,2,0,0,36.223460,-86.817540,CHARLIE PL,,,,288.00,Feet,North,GARRISON DR,,,,0.00,N,Not at Intersection,N,Non-Junction,None,,,         ,David,Kmosko,Cloudy,Rear to Side,no,no,no,no,yes,False
103128824,THP District 3 - Nashville,321071861,Davidson,Nashville,10/27/2021 1:05:00 PM,2,0,0,36.164600,-86.763460,I 24,,,,0.00,,,,,,,49.10,N,Not at Intersection,N,Non-Junction,None,,,         ,Alexander,Campbell,Clear,Front to Rear,no,no,no,no,no,False
103129234,Nashville Airport Police,2021-04156,Davidson,Nashville,10/26/2021 7:12:00 PM,2,1,0,36.137150,-86.664830,SATELLITE WAY ENT RAMP,,,,0.00,,,SATELLITE WAY,,,,0.00,Y,T-Intersection,Y,Intersection,None,,,         ,Lucas,Delheimer,Clear,Angle,no,no,no,no,no,False
103129946,METROPOLITAN NASHVILLE POLICE DEPT,20210568016,Davidson,Nashville,10/8/2021 12:05:00 PM,2,0,0,36.064620,-86.684400,I 24,,,,0.00,,,,,,,57.45,N,Not at Intersection, ,Non-Junction,None,,,         ,Joe,Hooper,Clear,Not Collision with Motor Vehicle in Transport,no,no,no,no,yes,False
103130607,Nashville Airport Police,21-04149,Davidson,Nashville,10/26/2021 7:15:00 AM,2,0,0,36.116700,-86.668180,DONELSON PKE,,,,0.00,Miles,,HANGAR LN,,,,0.00,Y,OTHER,N,Non-Junction,None,,,         ,Steve,Matheny,Fog,Angle,no,no,no,no,no,False
103130808,BERRY HILL POLICE DEPT,21-3102,Davidson,Berry Hill,10/21/2021 12:10:00 PM,2,0,0,36.112330,-86.767020,THOMPSON LN,,,,0.00,,,BRANSFORD AV,,,,0.00,Y,Four-Way, ,Intersection,None,,,         ,Ronnie,Hill,Cloudy,"Sideswipe, Same Direction",no,no,no,no,no,False
103194251,METROPOLITAN NASHVILLE POLICE DEPT,20210519590,Davidson,Nashville,10/4/2021 4:57:00 PM,3,0,0,36.087300,-86.730660,US HWY 31 ALT,,,,191.00,Feet,North,ELYSIAN FIELDS CT,,,,0.00,N,Not at Intersection,N,Non-Junction,None,,,         ,Robert,Higgins,Clear,Front to Rear,no,no,no,no,no,False
103126346,METROPOLITAN NASHVILLE POLICE DEPT,20210560964,Davidson,Nashville,10/29/2021 12:22:00 AM,2,0,0,36.195010,-86.775570,I 65,,,,0.00,,,,,,,86.50,N,Not at Intersection,N,Non-Junction,None,,,         ,Jarrett,Ipox,Rain,Front to Rear,no,no,no,no,yes,False