master_record_number,agency,agency_tracking_number,county,city,collision_date,vehicles_involved,number_injured,number_dead,latitude,longitude,roadway_name,roadway_suffix,roadway_number,roadway_local_id,distance_from_reference,miles-feet_indicator,direction_from_reference,intersection_road_name,intersection_road_name_suffix,intersection_road_number,intersection_local_id,mile_marker,intersection_indicator,intersect_type,interchange_related_indicator,relation_to_junction,work_zone_type,construction_maintenance_zone,construction_maintenance_zone_location,fatal_case_number,officer_first_name,officer_last_name,weather_condition(s),manner_of_crash,pedestrian,bicycle,scooter,parking,hitrun,mou
103127580,METROPOLITAN NASHVILLE POLICE DEPT,20210563335,Davidson,Nashville,10/30/2021 11:38:00 AM,2,0,0,36.202220,-86.776850,I 65,,,,0.00,,,,,,,87.00,N,Not at Intersection, ,Non-Junction,None,,,         ,James,Wray,Rain,Front to Rear,no,no,no,no,no,False
103127589,METROPOLITAN NASHVILLE POLICE DEPT,20210563381,Davidson,Nashville,10/30/2021 4:00:00 AM,2,0,0,36.259320,-86.757780,DICKERSON PKE,,,,0.00,,,VILLAGE HILLS PVTDR,,,,0.00,Y,T-Intersection,Y,Intersection,None,,,         ,Justan,Vance,"Cloudy, Rain",Angle,no,no,no,no,yes,False
103127603,METROPOLITAN NASHVILLE POLICE DEPT,20210563401,Davidson,Nashville,10/30/2021 1:30:00 PM,2,0,0,36.150870,-86.782460,DIVISION ST,,,,0.00,,,OVERTON ST,,,,0.00,Y,T-Intersection, ,Intersection,None,,,         ,Theodore,Kenney,Rain,Angle,no,no,no,no,no,False
103127607,METROPOLITAN NASHVILLE POLICE DEPT,20210563218,Davidson,Nashville,10/30/2021 7:00:00 AM,1,0,0,36.223700,-86.774540,I 65,,,,0.00,,,,,,,88.50,N,Not at Intersection,N,Non-Junction,None,,,         ,David,Kmosko,Rain,Not Collision with Motor Vehicle in Transport,no,no,no,no,no,False
103127624,METROPOLITAN NASHVILLE POLICE DEPT,20210563420,Davidson,Nashville,10/30/2021 2:13:00 PM,1,1,0,36.220450,-86.774130,I 65,,,,0.00,,,,,,,88.30,N,Not at Intersection,N,Non-Junction,None,,,         ,Rachel,Susee,Rain,Not Collision with Motor Vehicle in Transport,no,no,no,no,no,False
103127631,METROPOLITAN NASHVILLE POLICE DEPT,20210563442,Davidson,Nashville,10/30/2021 2:45:00 PM,2,1,0,36.124194,-86.745573,I-440 WEST,,,,0.00,,,,,,,6.00,N,Not at Intersection,N,Non-Junction,None,,,         ,Garrett,Latham,"Cloudy, Rain",Front to Rear,no,no,no,no,no,False
103127638,METROPOLITAN NASHVILLE POLICE DEPT,20210563344,Davidson,Nashville,10/30/2021 12:49:00 PM,1,0,0,36.123690,-86.633420,PLEASANT HILL RD,,,,742.00,Feet,North,PULLEY RD,,,,0.00,N,Not at Intersection,N,Non-Junction,None,,,         ,Rex,Engelbert,Cloudy,Not Collision with Motor Vehicle in Transport,no,no,no,no,yes,False
103127644,VANDERBILT UNIVERSITY POLICE,20210563431,Davidson,Nashville,10/30/2021 2:01:00 PM,2,0,0,36.112180,-86.765540,THOMPSON LN,,,,348.00,Feet,South,BRANSFORD AV,,,,0.00,N,Not at Intersection, ,Non-Junction,None,,,         ,Joseph,Bishop,Rain,Other,no,no,no,yes,yes,False
103127675,METROPOLITAN NASHVILLE POLICE DEPT,20210563522,Davidson,Nashville,10/30/2021 3:00:00 PM,2,0,0,36.040800,-86.779550,OLD HICKORY BLVD,,,,62.00,Feet,West,STONE BROOK DR,,,,0.00,N,Not at Intersection, ,Non-Junction,None,,,         ,Brady,Reynolds,Rain,Other,no,no,no,no,no,False
103127681,METROPOLITAN NASHVILLE POLICE DEPT,20210563432,Davidson,Not in City Limit,10/30/2021 1:48:00 PM,2,0,0,36.280530,-86.803660,I 24,,,,0.00,,,,,,,40.20,N,Not at Intersection,N,Non-Junction,None,,,         ,Keegan,Winchell,Rain,Front to Rear,no,no,no,no,yes,False
103127683,METROPOLITAN NASHVILLE POLICE DEPT,20210563533,Davidson,Nashville,10/30/2021 3:17:00 PM,2,0,0,36.064110,-86.627730,MURFREESBORO PKE,,,,333.00,Feet,South,HAMILTON CHURCH RD,,,,0.00,N,Not at Intersection, ,Non-Junction,None,,,         ,John,McDonnell,Rain,Angle,no,no,no,no,no,False
103127685,METROPOLITAN NASHVILLE POLICE DEPT,20210563490,Davidson,Nashville,10/30/2021 1:53:00 PM,2,0,0,36.112170,-86.767060,POWELL AV,,,,57.00,Feet,South,THOMPSON LN,,,,0.00,N,Not at Intersection, ,,None,,,         ,Dakota,Davis,,,no,no,no,no,no,False
103127700,METROPOLITAN NASHVILLE POLICE DEPT,20210563502,Davidson,Not in City Limit,10/30/2021 2:12:00 PM,2,0,0,36.276670,-86.729550,N GRAYCROFT AV,,,,3.00,Feet,North,E CAMPBELL RD,,,,0.00,N,Not at Intersection, ,Non-Junction,None,,,         ,Wesley,Carver,Rain,Front to Rear,no,no,no,no,no,False
103127707,METROPOLITAN NASHVILLE POLICE DEPT,20210563555,Davidson,Nashville,10/30/2021 12:00:00 AM,1,2,0,36.237670,-86.740300,BRILEY PKWY E ENT RAMP,,,,0.00,,,BRILEY PKWY E EXT RAMP,,,,0.00,Y,OTHER,Y,Entrance/Exit Ramp Related,None,,,         ,Esther,Poysti,"Cloudy, Rain",Not Collision with Motor Vehicle in Transport,no,no,no,no,no,False
103127709,METROPOLITAN NASHVILLE POLICE DEPT,20210563482,Davidson,Nashville,10/30/2021 12:00:00 AM,2,0,0,36.243420,-86.758080,DOVERSIDE DR,,,,469.00,Feet,West,DICKERSON PKE,,,,0.00,N,Not at Intersection,N,"Driveway, Alley Access, etc",None,,,         ,Thomas,Denenea,"Cloudy, Rain",Angle,no,no,no,no,no,False
103127730,METROPOLITAN NASHVILLE POLICE DEPT,20210563590,Davidson,Nashville,10/30/2021 2:55:00 PM,2,0,0,36.045380,-86.658820,BELL RD,,,,130.00,Feet,West,I24 W ENT RAMP,,,,0.00,N,Not at Intersection,N,Non-Junction,None,,,         ,Nadine,Klemenz,"Cloudy, Rain","Sideswipe, Same Direction",no,no,no,no,yes,False
103127740,METROPOLITAN NASHVILLE POLICE DEPT,20210563618,Davidson,Nashville,10/30/2021 5:30:00 PM,1,0,0,36.118870,-86.719700,WIMPOLE DR,,,,314.00,Feet,West,EAST THOMPSON LN,,,,0.00,N,Not at Intersection,N,Non-Junction,None,,,         ,Garrett,Latham,Cloudy,Not Collision with Motor Vehicle in Transport,no,no,no,no,no,False
103127748,METROPOLITAN NASHVILLE POLICE DEPT,20210563603,Davidson,Nashville,10/30/2021 5:18:00 PM,2,0,0,36.042550,-86.661630,CANE RIDGE RD,,,,169.00,Feet,South,BELL HOLLOW APTS PVTDR,,,,0.00,N,Not at Intersection,N,Non-Junction,None,,,         ,Nadine,Klemenz,"Cloudy, Rain","Sideswipe, Opposite Direction",no,no,no,no,no,False
103127749,METROPOLITAN NASHVILLE POLICE DEPT,20210563676,Davidson,Nashville,10/30/2021 5:59:00 PM,2,0,0,36.183390,-86.775370,I 24,,,,0.00,,,,,,,47.35,N,Not at Intersection,N,Non-Junction,None,,,         ,Gabriel,Vasquez,Clear,Front to Rear,no,no,no,no,yes,False
103127768,METROPOLITAN NASHVILLE POLICE DEPT,20210563701,Davidson,Nashville,10/30/2021 6:30:00 PM,2,0,0,36.186620,-86.776010,I 24,,,,0.00,,,,,,,46.10,N,Not at Intersection,N,Non-Junction,None,,,         ,Gabriel,Vasquez,Rain,Front to Rear,no,no,no,no,no,False
103127780,METROPOLITAN NASHVILLE POLICE DEPT,20210563591,Davidson,Nashville,10/30/2021 5:00:00 PM,2,0,0,36.184220,-86.798060,ROSA L PARKS BLVD,,,,17.00,Feet,West,I65 N ENT RAMP,,,,0.00,N,Not at Intersection,Y,Entrance/Exit Ramp Related,None,,,         ,Michael,Suagua,Rain,Front to Rear,no,no,no,no,yes,False
103127783,METROPOLITAN NASHVILLE POLICE DEPT,20210563679,Davidson,Nashville,10/30/2021 6:28:00 PM,2,1,0,36.151540,-86.666530,DONELSON PKE,,,,2.00,Feet,South,NODYNE DR,,,,0.00,N,Not at Intersection,N,Non-Junction,None,,,         ,Evan,Grace,Cloudy,Angle,no,no,no,no,no,False
103127784,METROPOLITAN NASHVILLE POLICE DEPT,20210563664,Davidson,Not in City Limit,10/30/2021 6:14:00 PM,1,1,0,36.257680,-86.729890,VANTREASE RD,,,,376.00,Feet,East,W MARTHONA RD,,,,0.00,N,Not at Intersection,N,Non-Junction,None,,,         ,Benjamin,Williams,Rain,Not Collision with Motor Vehicle in Transport,no,no,no,no,no,False
103127790,METROPOLITAN NASHVILLE POLICE DEPT,20210563631,Davidson,Nashville,10/30/2021 5:35:00 PM,2,2,0,36.124880,-86.813090,I 440 W,,,,2.00,Miles,West,,,II440 W,,2.00,N,Not at Intersection,N,Non-Junction,None,,,         ,Darci,Stechman,Rain,"Sideswipe, Same Direction",no,no,no,no,no,False
103127791,METROPOLITAN NASHVILLE POLICE DEPT,20210563398,Davidson,Nashville,10/30/2021 1:17:00 PM,2,0,0,36.111080,-86.767290,OLD POWELL AV,,,,57.00,Feet,North,POWELL AV,,,,0.00,N,Not at Intersection,N,Non-Junction,None,,,         ,Dylan,Motes,Clear,Angle,no,no,no,yes,yes,False
103127793,METROPOLITAN NASHVILLE POLICE DEPT,20210563666,Davidson,Nashville,10/30/2021 6:14:00 PM,3,2,0,36.071170,-86.635410,MURFREESBORO PKE,,,,339.00,Feet,South,BELL RD,,,,0.00,N,Not at Intersection,N,Non-Junction,None,,,         ,Keith,Parlato,Rain,Front to Rear,no,no,no,no,no,False
103127794,METROPOLITAN NASHVILLE POLICE DEPT,20210563748,Davidson,Nashville,10/30/2021 7:49:00 PM,2,1,0,36.089620,-86.650310,MURFREESBORO PKE,,,,220.00,Feet,North,RANSOM PL,,,,0.00,N,Not at Intersection,N,Non-Junction,None,,,         ,Garrett,Latham,Cloudy,Front to Rear,no,no,no,no,no,False
103127802,METROPOLITAN NASHVILLE POLICE DEPT,20210563743,Davidson,Nashville,10/30/2021 4:50:00 PM,2,0,0,36.207790,-86.611570,LEBANON PKE,,,,0.00,,,HIGHLAND VIEW DR,,,,0.00,Y,T-Intersection, ,Intersection,None,,,         ,Larry,Benz,Clear,Front to Rear,no,no,no,no,yes,False
103127804,METROPOLITAN NASHVILLE POLICE DEPT,20210563611,Davidson,Not in City Limit,10/30/2021 12:00:00 AM,2,0,0,36.266570,-86.707690,DUPONT AV,,,,420.00,Feet,North,BIXLER AV,,,,0.00,N,Not at Intersection,N,Non-Junction,None,,,         ,Wallace,Seay III,Rain,Angle,no,no,no,no,yes,False
103127814,METROPOLITAN NASHVILLE POLICE DEPT,20210563707,Davidson,Nashville,10/30/2021 12:00:00 AM,2,2,0,36.134280,-86.779510,WEDGEWOOD AV,,,,124.00,Feet,West,8TH AVS,,,,0.00,N,Not at Intersection,N,Non-Junction,None,,,         ,Wyatt,Blacker,"Cloudy, Rain",Angle,no,no,no,no,no,False
103127815,METROPOLITAN NASHVILLE POLICE DEPT,20210563537,Davidson,Nashville,10/30/2021 12:00:00 AM,1,1,0,36.119320,-86.801520,,,I440,,3.00,Miles,West,,,,,3.00,N,Not at Intersection,N,Non-Junction,None,,,         ,Darci,Stechman,Rain,Not Collision with Motor Vehicle in Transport,no,no,no,no,no,False
103127824,METROPOLITAN NASHVILLE POLICE DEPT,20210563684,Davidson,Nashville,10/30/2021 12:00:00 AM,2,4,0,36.147240,-86.875340,PREMIER DR,,,,370.00,Feet,East,MERCOMATIC DR,,,,0.00,N,Not at Intersection,N,Non-Junction,None,,,         ,Maria,Reynolds,Clear,HeadOn,no,no,no,no,yes,False
103127832,METROPOLITAN NASHVILLE POLICE DEPT,20210563762,Davidson,Not in City Limit,10/30/2021 7:42:00 PM,1,0,0,36.262810,-86.775900,BRICK CHURCH PKE,,,,69.00,Feet,North,BELLSHIRE DR,,,,0.00,N,Not at Intersection,N,Non-Junction,None,,,         ,Benjamin,Williams,Rain,Not Collision with Motor Vehicle in Transport,no,no,no,no,no,False
103127837,METROPOLITAN NASHVILLE POLICE DEPT,20210563754,Davidson,Nashville,10/30/2021 7:57:00 PM,4,0,0,36.152380,-86.753810,I 40,,,,0.00,,,,,,,211.35,N,Not at Intersection,N,Non-Junction,None,,,         ,Brandon,Chapman,Clear,"Sideswipe, Same Direction",no,no,no,no,yes,False
103127853,METROPOLITAN NASHVILLE POLICE DEPT,20210563408,Davidson,Nashville,10/30/2021 1:56:00 PM,1,0,0,36.173920,-86.767520,MAIN ST ENT RAMP,,,,0.00,Feet,East,I 24,,,,0.00,N,Not at Intersection,N,Entrance/Exit Ramp Related,None,,,         ,Ky,Luu,Rain,Not Collision with Motor Vehicle in Transport,no,no,no,no,no,False
103127855,METROPOLITAN NASHVILLE POLICE DEPT,20210563759,Davidson,Antioch,10/30/2021 7:17:00 PM,3,2,0,36.049340,-86.600210,PIN HOOK RD,,,,62.00,Feet,West,HOBSON PKE,,,,0.00,N,Not at Intersection,N,Non-Junction,None,,,         ,Brandon,Simpkins,Rain,Front to Rear,no,no,no,no,yes,False
103127856,METROPOLITAN NASHVILLE POLICE DEPT,20210563823,Davidson,Nashville,10/30/2021 8:45:00 PM,2,0,0,36.159650,-86.796180,CHARLOTTE AV,,,,0.00,,,MCMILLIN ST,,,,0.00,Y,Four-Way,N,Intersection,None,,,         ,Cory,Stratton,Clear,Angle,no,no,no,no,no,False
103127857,METROPOLITAN NASHVILLE POLICE DEPT,20210563802,Davidson,Nashville,10/30/2021 8:33:00 PM,2,0,0,36.154470,-86.798680,CHURCH ST,,,,93.00,Feet,East,19TH AVN,,,,0.00,N,Not at Intersection, ,,None,,,         ,Dakota,Davis,,,no,no,no,no,no,False
103127868,METROPOLITAN NASHVILLE POLICE DEPT,20210563843,Davidson,Nashville,10/30/2021 9:02:00 PM,2,0,0,36.180120,-86.807660,BUCHANAN ST,,,,3.00,Feet,West,14TH AVN,,,,0.00,N,Not at Intersection,N,Non-Junction,None,,,         ,Alec,Pellissier,Cloudy,"Sideswipe, Opposite Direction",no,no,no,no,yes,False
103127891,METROPOLITAN NASHVILLE POLICE DEPT,20210563829,Davidson,Nashville,10/30/2021 8:48:00 PM,2,0,0,36.156630,-86.768670,HERMITAGE AV,,,,0.00,,,LEA AV,,,,0.00,Y,Four-Way,N,Intersection,None,,,         ,Daniel,Tomlinson,Clear,Front to Rear,no,no,no,no,yes,False
103127892,METROPOLITAN NASHVILLE POLICE DEPT,20210563828,Davidson,Nashville,10/30/2021 8:51:00 PM,2,2,0,36.121980,-86.773460,I440 ENT RAMP,,,,0.00,,,I 65,,,,0.00,Y,OTHER,Y,Entrance/Exit Ramp Related,None,,,         ,Douglas,Sykes,Rain,"Sideswipe, Same Direction",no,no,no,no,no,False
103127893,METROPOLITAN NASHVILLE POLICE DEPT,20210563883,Davidson,Nashville,10/30/2021 9:48:00 PM,1,0,0,36.073970,-86.724600,NOLENSVILLE PKE,,,,29.00,Feet,South,GOINS RD,,,,0.00,N,Not at Intersection,N,Non-Junction,None,,,         ,Thomas,Parsons,Rain,Not Collision with Motor Vehicle in Transport,no,no,no,no,yes,False
103127901,METROPOLITAN NASHVILLE POLICE DEPT,20210563761,Davidson,Nashville,10/30/2021 7:36:00 PM,2,0,0,36.040160,-86.744700,OLD HICKORY BLVD,,,,365.00,Feet,West,EDMONDSON PKE,,,,0.00,N,Not at Intersection,N,Non-Junction,None,,,         ,Nicholas,Carroll,Rain,Other,no,no,no,no,yes,False
103127902,METROPOLITAN NASHVILLE POLICE DEPT,20210563895,Davidson,Nashville,10/30/2021 12:00:00 AM,1,0,0,36.125450,-86.713430,LAWNDALE DR,,,,0.00,Feet,West,EAST THOMPSON LN,,,,0.00,N,Not at Intersection,N,Non-Junction,None,,,         ,Austin,Binner,Clear,Not Collision with Motor Vehicle in Transport,no,no,no,no,yes,False
103127903,METROPOLITAN NASHVILLE POLICE DEPT,20210563867,Davidson,Nashville,10/30/2021 12:00:00 AM,2,0,0,36.141190,-86.717530,I 40,,,,0.00,,,,,,,213.20,N,Not at Intersection,N,Non-Junction,None,,,         ,Darci,Stechman,Rain,"Sideswipe, Same Direction",no,no,no,no,yes,False
103127904,METROPOLITAN NASHVILLE POLICE DEPT,20210563850,Davidson,Nashville,10/30/2021 9:14:00 PM,2,0,0,36.134280,-86.779530,WEDGEWOOD AV,,,,128.00,Feet,West,8TH AVS,,,,0.00,N,Not at Intersection,N,Non-Junction,None,,,         ,Travis,Pemberton,Clear,Angle,no,no,no,no,no,False
103127905,METROPOLITAN NASHVILLE POLICE DEPT,2021-0563671,Davidson,Nashville,10/30/2021 6:19:00 PM,2,0,0,36.151800,-86.771250,LAFAYETTE ST,,,,0.00,,,4TH AVS,,,,0.00,Y,Four-Way,N,Intersection,None,,,         ,Christian,Landrum,Cloudy,Angle,no,no,no,no,no,False
103127915,METROPOLITAN NASHVILLE POLICE DEPT,20210563929,Davidson,Nashville,10/30/2021 10:20:00 PM,2,0,0,36.079710,-86.725940,HARDING PL,,,,116.00,Feet,East,NOLENSVILLE PKE,,,,0.00,N,Not at Intersection,N,Non-Junction,None,,,         ,Eric,Laury,Cloudy,Front to Rear,no,no,no,no,yes,False
103127916,METROPOLITAN NASHVILLE POLICE DEPT,20210563885,Davidson,Not in City Limit,10/30/2021 9:50:00 PM,2,1,0,36.278960,-86.774140,OLD HICKORY BLVD,,,,3.00,Feet,West,GRANDVILLE BLVD,,,,0.00,N,Not at Intersection,N,Non-Junction,None,,,         ,Austin,Bowles,Cloudy,HeadOn,no,no,no,no,no,False
103127925,METROPOLITAN NASHVILLE POLICE DEPT,20210562705,Davidson,Nashville,10/29/2021 11:56:00 PM,2,0,0,36.109650,-86.816460,CRESTMOOR RD,,,,328.00,Feet,West,GREEN HILLS VILLAGE DR,,,,0.00,N,Not at Intersection,N,Non-Junction,None,,,         ,Cameron,Schmid,Rain,HeadOn,no,no,no,no,no,False
103127930,METROPOLITAN NASHVILLE POLICE DEPT,20210563674,Davidson,Not in City Limit,10/30/2021 12:00:00 AM,2,1,0,36.273300,-86.763380,OLD HICKORY BLVD,,,,601.00,Feet,South,LAWING DR,,,,0.00,,Not at Intersection,N,Non-Junction,None,,,         ,Thomas,Denenea,Cloudy,Other,no,no,no,no,no,False
103127936,METROPOLITAN NASHVILLE POLICE DEPT,20210563735,Davidson,Madison,10/30/2021 12:00:00 AM,2,1,0,36.259040,-86.682110,WARRIOR RD,,,,231.00,Feet,West,FAWN LN,,,,0.00,N,Not at Intersection,N,Non-Junction,None,,,         ,Amanda,Topping,Cloudy,Angle,no,no,no,no,no,False
103127937,METROPOLITAN NASHVILLE POLICE DEPT,20210563813,Davidson,Nashville,10/30/2021 8:37:00 PM,2,0,0,36.256070,-86.713300,NEELYS BEND RD,,,,148.00,Feet,West,ARGLE AV,,,,0.00,N,Not at Intersection,N,Non-Junction,None,,,         ,David,Harms,Cloudy,Front to Rear,no,no,no,no,yes,False
103127939,METROPOLITAN NASHVILLE POLICE DEPT,20210564038,Davidson,Nashville,10/30/2021 7:43:00 PM,2,0,0,36.217340,-86.696320,MUSIC VALLEY DR,,,,94.00,Feet,North,OPRYLAND DR,,,,0.00,N,Not at Intersection, ,Non-Junction,None,,,         ,Nelson,Hemingway,Clear,Front to Rear,no,no,no,no,yes,False
103127942,METROPOLITAN NASHVILLE POLICE DEPT,20210564034,Davidson,Nashville,10/30/2021 11:43:00 PM,2,0,0,36.193020,-86.772600,DICKERSON PKE,,,,0.00,Feet,East,AUCTION WAY,,,,0.00,N,Not at Intersection, ,Non-Junction,None,,,         ,Zachary,Cooper,Cloudy,"Sideswipe, Same Direction",no,no,no,no,no,False
103127948,METROPOLITAN NASHVILLE POLICE DEPT,20210564043,Davidson,Nashville,10/30/2021 11:30:00 PM,2,0,0,36.153260,-86.792180,16TH AVS,,,,0.00,Feet,,MCGAVOCK ST,,,,0.00,Y,Four-Way, ,Intersection,None,,,         ,Henry,Perez,Clear,Angle,no,no,no,no,yes,False
103127951,METROPOLITAN NASHVILLE POLICE DEPT,20210563995,Davidson,Nashville,10/30/2021 10:40:00 PM,2,0,0,36.158370,-86.771720,KOREAN VETERANS BLVD,,,,57.00,Feet,East,1ST AVS,,,,0.00,N,Not at Intersection, ,Non-Junction,None,,,         ,Nathaniel,Jones,Clear,"Sideswipe, Same Direction",no,no,no,no,no,False
103127953,METROPOLITAN NASHVILLE POLICE DEPT,20210563988,Davidson,Nashville,10/30/2021 11:18:00 PM,2,0,0,36.160190,-86.779110,BROADWAY,,,,223.00,Feet,West,6TH AVS,,,,0.00,N,Not at Intersection, ,Non-Junction,None,,,         ,David,Snowden,Clear,Angle,no,no,no,no,no,False
103127957,METROPOLITAN NASHVILLE POLICE DEPT,20210564030,Davidson,Nashville,10/30/2021 6:45:00 PM,2,1,0,36.136580,-86.795150,WEDGEWOOD AV,,,,0.00,Feet,,MAGNOLIA BLVD,,,,0.00,Y,Four-Way,N,Intersection,None,,,         ,Aaron,Brumley,Clear,Angle,no,no,no,no,yes,False
103127963,METROPOLITAN NASHVILLE POLICE DEPT,20210564020,Davidson,Nashville,10/30/2021 9:51:00 PM,1,0,0,36.065880,-86.738230,EDMONDSON PKE,,,,72.00,Feet,South,WHITFIELD PARK PVTDR,,,,0.00,N,Not at Intersection,N,Non-Junction,None,,,         ,Thomas,Vasquez,Clear,Not Collision with Motor Vehicle in Transport,no,no,no,no,no,False
103127964,METROPOLITAN NASHVILLE POLICE DEPT,20210564098,Davidson,Not in City Limit,10/31/2021 12:00:00 AM,2,0,0,36.256470,-86.714250,GALLATIN PKES,,,,110.00,Feet,North,NEELYS BEND RD,,,,0.00,N,Not at Intersection,N,OtherLocation,None,,,         ,Zachary,Smith,Clear,Angle,no,no,no,no,no,False
103127969,METROPOLITAN NASHVILLE POLICE DEPT,20210563979,Davidson,Nashville,10/30/2021 11:09:00 PM,2,2,0,36.150690,-86.767950,2ND AVS,,,,0.00,,,LAFAYETTE ST,,,,0.00,Y,Four-Way,Y,Intersection,None,,,         ,Dallas,Johnson,,Angle,no,no,no,no,no,False
103127972,METROPOLITAN NASHVILLE POLICE DEPT,20210564121,Davidson,Nashville,10/31/2021 12:11:00 AM,1,0,0,36.037870,-86.713110,NOLENSVILLE PKE,,,,197.00,Feet,South,SHADOW GLEN DR,,,,0.00,N,Not at Intersection,N,Non-Junction,None,,,         ,Bobby,Ehman,Rain,Not Collision with Motor Vehicle in Transport,no,no,no,no,no,False
103127974,METROPOLITAN NASHVILLE POLICE DEPT,20210564145,Davidson,Nashville,10/31/2021 1:00:00 AM,3,3,0,36.169090,-86.809600,21ST AVN,,,,0.00,Feet,,JEFFERSON ST,,,,0.00,Y,Four-Way,Y,Intersection,None,,,         ,Martin,Brown,Clear,Angle,no,no,no,no,no,False
103127975,METROPOLITAN NASHVILLE POLICE DEPT,20210562823,Davidson,Nashville,10/29/2021 7:00:00 PM,2,0,0,36.175220,-86.755880,WOODLAND ST,,,,246.00,Feet,East,S 9TH ST,,,,0.00,N,Not at Intersection,N,Non-Junction,None,,,         ,Sean,Fitzmaurice,Clear,Angle,no,no,no,yes,yes,False
103127979,METROPOLITAN NASHVILLE POLICE DEPT,20210564089,Davidson,Nashville,10/30/2021 6:55:00 PM,2,0,0,36.126570,-86.711340,EAST THOMPSON,LN,,,0.00,,,MURFREESBORO,PIKE,,,0.00,Y,Four-Way,N,Intersection-Related,None,,,         ,Corey,Ethridge,,Front to Rear,no,no,no,no,yes,False
103127983,METROPOLITAN NASHVILLE POLICE DEPT,20210564172,Davidson,Nashville,10/31/2021 12:00:00 AM,2,0,0,36.159130,-86.775620,DEMONBREUN ST,,,,93.00,Feet,East,4TH AVS,,,,0.00,N,Not at Intersection,N,Non-Junction,None,,,         ,Nathaniel,Jones,Clear,"Sideswipe, Same Direction",no,no,no,no,yes,False
103127991,GOODLETTSVILLE POLICE DEPT,21-30475,Davidson,Goodlettsville,10/31/2021 2:25:00 AM,2,0,0,36.300760,-86.700870,BLUEBIRD DR,,,,0.00,,,RIVERGATE PKWY,,,,0.00,Y,Four-Way,Y,Intersection,None,,,         ,Michael,Morgan,Cloudy,HeadOn,no,no,no,no,no,False
103127995,METROPOLITAN NASHVILLE POLICE DEPT,20210564199,Davidson,Nashville,10/31/2021 1:25:00 AM,2,0,0,36.035460,-86.643850,I 24,,,,0.00,,,,,,,60.50,N,Not at Intersection,N,Non-Junction,None,,,         ,Douglas,Meringer,Clear,Front to Rear,no,no,no,no,no,False
103127996,METROPOLITAN NASHVILLE POLICE DEPT,20210564229,Davidson,Nashville,10/31/2021 2:00:00 AM,2,0,0,36.191740,-86.783460,I 65,,,,0.00,,,,,,,86.10,N,Not at Intersection,N,Non-Junction,None,,,         ,Luke,Steigerwalt,Clear,Front to Rear,no,no,no,no,no,False
103128000,METROPOLITAN NASHVILLE POLICE DEPT,20210564250,Davidson,Nashville,10/31/2021 1:50:00 AM,2,1,0,36.109450,-86.728050,BRILEY PKWYN,,,,0.00,,,BRILEY PKWYS,,,,0.00,Y,Four-Way,N,Intersection,None,,,         ,Autumn,Manning,Clear,Angle,no,no,no,no,yes,False
103128005,METROPOLITAN NASHVILLE POLICE DEPT,20210564210,Davidson,Nashville,10/31/2021 2:00:00 AM,2,0,0,36.190180,-86.790470,I 65,,,,0.00,,,,,,,85.70,N,Not at Intersection,N,Non-Junction,None,,,         ,Nathan,Sizemore,Cloudy,Front to Rear,no,no,no,no,yes,False
103128010,METROPOLITAN NASHVILLE POLICE DEPT,20210564333,Davidson,Nashville,10/31/2021 3:50:00 AM,2,0,0,36.175330,-86.771480,I 24,,,,0.00,,,,,,,48.00,N,Not at Intersection,N,Non-Junction,None,,,         ,Jarrett,Ipox,Clear,"Sideswipe, Same Direction",no,no,no,no,no,False
103128013,METROPOLITAN NASHVILLE POLICE DEPT,20210564345,Davidson,Nashville,10/31/2021 4:13:00 AM,2,0,0,36.169470,-86.806620,DR D B TODD JR BLVD,,,,0.00,,,JEFFERSON ST,,,,0.00,Y,Four-Way,N,Intersection,None,,,         ,Martin,Brown,Clear,Angle,no,no,no,no,no,False
103128015,METROPOLITAN NASHVILLE POLICE DEPT,20210564268,Davidson,Antioch,10/31/2021 2:30:00 AM,3,0,0,36.009300,-86.615050,I 24,,,,0.00,,,,,,,63.00,N,Not at Intersection,N,Non-Junction,None,,,         ,Fady,Aziz,Cloudy,Front to Rear,no,no,no,no,no,False
103128023,METROPOLITAN NASHVILLE POLICE DEPT,20210564397,Davidson,Nashville,10/31/2021 5:25:00 AM,1,1,0,36.029970,-86.642290,OLD FRANKLIN RD,,,,406.00,Feet,East,CANE RIDGE PKWY,,,,0.00,N,Not at Intersection,N,Non-Junction,None,,,         ,Douglas,Meringer,Clear,Not Collision with Motor Vehicle in Transport,no,no,no,no,no,False
103128024,METROPOLITAN NASHVILLE POLICE DEPT,20210564399,Davidson,Nashville,10/31/2021 5:36:00 AM,2,0,0,36.079320,-86.726240,NOLENSVILLE PKE,,,,104.00,Feet,South,HARDING PL,,,,0.00,N,Not at Intersection,N,Non-Junction,None,,,         ,Alex,DiBernardo,Clear,Front to Rear,no,no,no,no,no,False
103128025,METROPOLITAN NASHVILLE POLICE DEPT,20210564271,Davidson,Nashville,10/31/2021 2:35:00 AM,2,2,0,36.164450,-86.793910,I 40,,,,0.00,,,,,,,208.55,N,Not at Intersection,N,Non-Junction,None,,,         ,Nathaniel,Jones,Clear,Front to Rear,no,no,no,no,no,False