master_record_number,agency,agency_tracking_number,county,city,collision_date,vehicles_involved,number_injured,number_dead,latitude,longitude,roadway_name,roadway_suffix,roadway_number,roadway_local_id,distance_from_reference,miles-feet_indicator,direction_from_reference,intersection_road_name,intersection_road_name_suffix,intersection_road_number,intersection_local_id,mile_marker,intersection_indicator,intersect_type,interchange_related_indicator,relation_to_junction,work_zone_type,construction_maintenance_zone,construction_maintenance_zone_location,fatal_case_number,officer_first_name,officer_last_name,weather_condition(s),manner_of_crash,pedestrian,bicycle,scooter,parking,hitrun,mou
103128044,METROPOLITAN NASHVILLE POLICE DEPT,20210564427,Davidson,Nashville,10/31/2021 4:49:00 AM,2,0,0,36.141380,-86.778630,8TH AVS,,,,123.00,Feet,South,CHESTNUT ST,,,,0.00,N,Not at Intersection,N,Non-Junction,None,,,         ,Kelsey,Hicks,Clear,Angle,no,no,no,no,yes,False
103128048,METROPOLITAN NASHVILLE POLICE DEPT,20210563049,Davidson,Nashville,10/30/2021 3:57:00 AM,2,0,0,36.185140,-86.803500,9TH AVN,,,,105.00,Feet,North,CLAY ST,,,,0.00,N,Not at Intersection,N,Non-Junction,None,,,         ,Martin,Brown,Clear,Angle,no,no,no,no,yes,False
103128055,METROPOLITAN NASHVILLE POLICE DEPT,20210564408,Davidson,Nashville,10/31/2021 12:00:00 AM,1,0,0,36.084630,-86.647600,MURFREESBORO PKE,,,,375.00,Feet,North,BROOKSBORO PL,,,,0.00,N,Not at Intersection,N,Non-Junction,None,,,         ,Antoine,Maghamez,Clear,Not Collision with Motor Vehicle in Transport,no,no,no,no,no,False
103128067,METROPOLITAN NASHVILLE POLICE DEPT,20210564429,Davidson,Nashville,10/31/2021 12:00:00 AM,1,1,0,36.254650,-86.785770,I 24,,,,0.00,,,,,,,42.25,N,Not at Intersection,N,Non-Junction,None,,,         ,Zachary,Smith,Clear,Not Collision with Motor Vehicle in Transport,no,no,no,no,no,False
103128073,METROPOLITAN NASHVILLE POLICE DEPT,20210564228,Davidson,Nashville,10/31/2021 2:00:00 AM,2,1,0,36.036530,-86.645040,I 24,,,,0.00,,,,,,,60.40,N,Not at Intersection,N,Non-Junction,None,,,         ,Jose,Oliveros,Clear,Front to Rear,no,no,no,no,no,False
103128077,METROPOLITAN NASHVILLE POLICE DEPT,20210564472,Davidson,Not in City Limit,10/31/2021 6:16:00 AM,2,0,0,36.308850,-86.823750,I 24,,,,0.00,,,,,,,37.80,N,Not at Intersection,N,Non-Junction,None,,,         ,William,Coy,Clear,"Sideswipe, Same Direction",no,no,no,no,yes,False
103128086,METROPOLITAN NASHVILLE POLICE DEPT,20210564450,Davidson,Not in City Limit,10/31/2021 2:00:00 AM,2,0,0,36.267750,-86.704970,BIXLER AV,,,,142.00,Feet,North,CUMBERLAND AV,,,,0.00,N,Not at Intersection, ,Non-Junction,None,,,         ,Wesley,Mcclelland,Unknown,HeadOn,no,no,no,no,no,False
103128092,METROPOLITAN NASHVILLE POLICE DEPT,20210564480,Davidson,Nashville,10/31/2021 4:15:00 AM,1,0,0,36.145960,-86.767340,4TH AVS,,,,238.00,Feet,South,MILDRED SHUTE AV,,,,0.00,N,Not at Intersection,N,Non-Junction,None,,,         ,Nicholas,Smith,Clear,Not Collision with Motor Vehicle in Transport,no,no,no,no,yes,False
103128097,METROPOLITAN NASHVILLE POLICE DEPT,20210564509,Davidson,Not in City Limit,10/31/2021 1:44:00 AM,1,0,0,36.267990,-86.749540,OLD HICKORY BLVDW,,,,996.00,Feet,West,KEMPER DRN,,,,0.00,N,Not at Intersection,N,Non-Junction,None,,,         ,Joshua,Goepper,Clear,Not Collision with Motor Vehicle in Transport,no,no,no,no,no,False
103128106,METROPOLITAN NASHVILLE POLICE DEPT,20210564467,Davidson,Nashville,10/31/2021 12:00:00 AM,1,0,0,36.074690,-86.753850,BLACKMAN RD,,,,280.00,Feet,East,TIMBERHILL DR,,,,0.00,N,Not at Intersection,N,Non-Junction,None,,,         ,Mason,Tyler,Unknown,Not Collision with Motor Vehicle in Transport,no,no,no,no,yes,False
103128128,METROPOLITAN NASHVILLE POLICE DEPT,20210564182,Davidson,Nashville,10/30/2021 11:20:00 PM,3,0,0,36.044770,-86.660730,BELL RD,,,,76.00,Feet,West,I24 E ENT RAMP,,,,0.00,N,Not at Intersection,N,Non-Junction,None,,,         ,Darrin,Hardin,Clear,Front to Rear,no,no,no,no,yes,False
103128176,METROPOLITAN NASHVILLE POLICE DEPT,20210564601,Davidson,Nashville,10/31/2021 3:40:00 AM,2,0,0,36.158340,-86.824770,TORBETT ST,,,,280.00,Feet,South,CLIFTON AV,,,,0.00,N,Not at Intersection,N,Non-Junction,None,,,         ,Jedidayah,Merriweather,Cloudy,Front to Rear,no,no,no,no,yes,False
103128181,METROPOLITAN NASHVILLE POLICE DEPT,20210564640,Davidson,Nashville,10/31/2021 10:30:00 AM,2,0,0,36.138310,-86.727370,I24E,,,,313.00,Feet,West,I24 W ENT RAMP,,,,0.00,N,Not at Intersection,Y,Non-Junction,None,,,         ,Eric,Burford,Clear,Front to Rear,no,no,no,no,yes,False
103128196,METROPOLITAN NASHVILLE POLICE DEPT,20210563423,Davidson,Nashville,10/30/2021 1:30:00 PM,2,1,0,36.176940,-86.811180,21ST AVN,,,,0.00,,,OSAGE ST,,,,0.00,Y,Four-Way,N,Intersection,None,,,         ,David,Kmosko,Cloudy,Angle,no,no,no,no,no,False
103128197,METROPOLITAN NASHVILLE POLICE DEPT,20210564636,Davidson,Nashville,10/31/2021 9:20:00 AM,2,0,0,36.244380,-86.747700,I65 S EXT RAMP,,,,0.00,Feet,East,I 65,,,,0.00,N,Not at Intersection, ,Unknown,None,,,         ,Aaron,Jumonville,Clear,Front to Rear,no,no,no,no,yes,False
103128202,METROPOLITAN NASHVILLE POLICE DEPT,2021-0564661,Davidson,Nashville,10/31/2021 11:00:00 AM,2,0,0,36.215990,-86.604780,SHUTE LN,,,,502.00,Feet,North,LEBANON PKE,,,,0.00,N,Not at Intersection, ,Non-Junction,None,,,         ,Calvin,Graham,Cloudy,"Sideswipe, Same Direction",no,no,no,no,yes,False
103128236,METROPOLITAN NASHVILLE POLICE DEPT,20210564727,Davidson,Nashville,10/31/2021 12:10:00 PM,2,0,0,36.193210,-86.831600,S HAMILTON RD,,,,197.00,Feet,South,CLARKSVILLE PKE,,,,0.00,N,Not at Intersection,N,Non-Junction,None,,,         ,William,Coy,Clear,Angle,no,no,no,no,no,False
103128262,METROPOLITAN NASHVILLE POLICE DEPT,20210564779,Davidson,Antioch,10/31/2021 1:08:00 PM,1,0,0,36.066880,-86.599780,BUCKPASSER AVE,,,,0.00,,,HAMILTON CHURCH RD,RD,,,0.00,Y,T-Intersection,N,Non-Junction,None,,,         ,Nicholas,Carter,Clear,Not Collision with Motor Vehicle in Transport,no,no,no,no,no,False
103128276,METROPOLITAN NASHVILLE POLICE DEPT,20210564802,Davidson,Nashville,10/31/2021 1:35:00 PM,2,0,0,36.034400,-86.743560,EDMONDSON PKE,,,,0.00,,,FRONTIER LN,,,,0.00,Y,Four-Way, ,Intersection,None,,,         ,Jackson,Smythe,Clear,Front to Rear,no,no,no,no,no,False
103128278,METROPOLITAN NASHVILLE POLICE DEPT,20210564795,Davidson,Nashville,10/31/2021 1:05:00 PM,2,0,0,36.226380,-86.825750,AMES DR,,,,155.00,Feet,West,MEADOW HILL DR,,,,0.00,N,Not at Intersection, ,Non-Junction,None,,,         ,Michael,Richardson,Unknown,"Sideswipe, Same Direction",no,no,no,no,yes,False
103128306,METROPOLITAN NASHVILLE POLICE DEPT,20210564811,Davidson,Nashville,10/31/2021 2:00:00 PM,2,0,0,36.167360,-86.765420,I 24,,,,0.00,,,,,,,48.90,N,Not at Intersection, ,Non-Junction,None,,,         ,Jaren,Breece,Clear,Front to Rear,no,no,no,no,no,False
103128320,METROPOLITAN NASHVILLE POLICE DEPT,20210563897,Davidson,Nashville,10/30/2021 12:00:00 AM,1,1,0,36.047020,-86.777170,I 65,,,,0.00,,,,,,,75.25,N,Not at Intersection,N,Non-Junction,None,,,         ,Ashley,Kappenmacher,Clear,Not Collision with Motor Vehicle in Transport,no,no,no,no,no,False
103128378,METROPOLITAN NASHVILLE POLICE DEPT,20210564817,Davidson,Nashville,10/31/2021 12:00:00 AM,1,1,0,36.159110,-86.773360,2ND AVS,,,,0.00,,,MOLLOY ST,,,,0.00,Y,Four-Way,N,Intersection,None,,,         ,James,Thornton,Clear,Not Collision with Motor Vehicle in Transport,yes,no,no,no,no,False
103128402,METROPOLITAN NASHVILLE POLICE DEPT,20210564823,Davidson,Nashville,10/31/2021 2:27:00 PM,2,2,0,36.170400,-86.768450,INTERSTATE DR,,,,0.00,Feet,,WOODLAND ST,,,,0.00,Y,Four-Way,Y,Intersection,None,,,         ,Jerrod,Kalinsky,Clear,Angle,no,no,no,no,no,False
103128404,METROPOLITAN NASHVILLE POLICE DEPT,20210564812,Davidson,Not in City Limit,10/31/2021 2:06:00 PM,2,3,0,36.006050,-86.655640,LEGACY DR,,,,23.00,Feet,North,OLD HICKORY BLVD,,,,0.00,N,Not at Intersection,N,Non-Junction,None,,,         ,Eric,Burford,Clear,Angle,no,no,no,no,no,False
103128406,METROPOLITAN NASHVILLE POLICE DEPT,20210564825,Davidson,Nashville,10/31/2021 2:32:00 PM,2,1,0,36.233140,-86.758660,MAPLEWOOD TRC,,,,0.00,Feet,,DICKERSON PKE,,,,0.00,Y,Four-Way,N,Intersection-Related,None,,,         ,Adam,Warren,Clear,Angle,no,no,no,no,yes,False
103128430,METROPOLITAN NASHVILLE POLICE DEPT,20210564850,Davidson,Nashville,10/31/2021 2:55:00 PM,2,1,0,36.147750,-86.808130,ELLISTON PL,,,,153.00,Feet,North,25TH AVN,,,,0.00,N,Not at Intersection,N,Non-Junction,None,,,         ,Travis,Pemberton,Clear,Angle,no,no,no,no,no,Campus
103128462,METROPOLITAN NASHVILLE POLICE DEPT,20210564982,Davidson,Nashville,10/31/2021 4:40:00 PM,1,1,0,36.145600,-86.696340,I40 W ENT RAMP,,,,0.00,Feet,East,BRILEY PKWY S EXT RAMP,,,,0.00,N,Not at Intersection,N,Non-Junction,None,,,         ,Reagan,Heath,Clear,Not Collision with Motor Vehicle in Transport,no,no,no,no,no,False
103128463,METROPOLITAN NASHVILLE POLICE DEPT,20210564860,Davidson,Nashville,10/31/2021 3:00:00 PM,2,0,0,36.155650,-86.789720,BROADWAY,,,,0.00,,,I40 E EXT RAMP,,,,0.00,Y,Four-Way, ,Intersection,None,,,         ,Dakota,Davis,Clear,Angle,no,no,no,no,no,False
103128473,METROPOLITAN NASHVILLE POLICE DEPT,20210564872,Davidson,Nashville,10/31/2021 3:03:00 PM,2,0,0,36.143510,-86.692000,KNIGHTS OF COLUMBUS BLVD,,,,816.00,Feet,West,I40 E ENT RAMP,,,,0.00,N,Not at Intersection,N,Non-Junction,None,,,         ,Rami,Rouhi,Clear,Front to Rear,no,no,no,no,yes,False
103128484,METROPOLITAN NASHVILLE POLICE DEPT,20210565004,Davidson,Nashville,10/31/2021 5:00:00 PM,2,0,0,36.222710,-86.725860,GALLATIN PKE,,,,40.00,Feet,South,GREENLAND AV,,,,0.00,N,Not at Intersection,N,Non-Junction,None,,,         ,Jason,Milyaro Lucas,Clear,Front to Rear,no,no,no,no,yes,False
103128490,METROPOLITAN NASHVILLE POLICE DEPT,20210564964,Davidson,Nashville,10/31/2021 4:26:00 PM,2,0,0,36.179350,-86.810750,DR D B TODD JR BLVD,,,,48.00,Feet,South,17TH AVN,,,,0.00,N,Not at Intersection,N,Non-Junction,None,,,         ,Tristen,Mayfield,Clear,Angle,no,no,no,no,no,False
103128500,METROPOLITAN NASHVILLE POLICE DEPT,20210564916,Davidson,Nashville,10/31/2021 3:03:00 PM,3,0,0,36.149700,-86.779860,DIVISION ST,,,,200.00,Feet,West,8TH AVS,,,,0.00,N,Not at Intersection,N,Non-Junction,None,,,         ,Michael,Moss,Clear,Front to Rear,no,no,no,yes,yes,False
103128505,METROPOLITAN NASHVILLE POLICE DEPT,20210565054,Davidson,Nashville,10/31/2021 5:40:00 PM,2,0,0,36.202860,-86.738910,GALLATIN PKE,,,,178.00,Feet,North,LITTON AV,,,,0.00,N,Not at Intersection, ,Non-Junction,None,,,         ,Jason,Milyaro Lucas,Clear,"Sideswipe, Same Direction",no,no,no,no,no,False
103128518,METROPOLITAN NASHVILLE POLICE DEPT,20210565077,Davidson,Nashville,10/31/2021 6:23:00 PM,2,5,0,36.069590,-86.693910,HAYWOOD LN,,,,0.00,,,EZELL RD,,,,0.00,Y,Four-Way,N,Intersection,None,,,         ,Thomas,Parsons,Clear,Angle,no,no,no,no,no,False
103128522,METROPOLITAN NASHVILLE POLICE DEPT,20210564986,Davidson,Nashville,10/31/2021 4:49:00 PM,3,1,0,36.111280,-86.789890,WOODMONT BLVD,,,,708.00,Feet,West,LEALAND LN,,,,0.00,N,Not at Intersection,N,Non-Junction,None,,,         ,Ashley,Kappenmacher,Clear,HeadOn,no,no,no,no,no,False
103128537,GOODLETTSVILLE POLICE DEPT,21-30521,Davidson,Goodlettsville,10/31/2021 5:39:00 PM,2,1,0,36.295540,-86.709750,ALTA LOMA RD,,,,17.00,Feet,East,MONTICELLO AV,,,,0.00,N,Not at Intersection,N,Unknown,None,,,         ,William,Campbell,Clear,HeadOn,no,no,no,no,no,False
103128542,METROPOLITAN NASHVILLE POLICE DEPT,20210565081,Davidson,Nashville,10/31/2021 12:00:00 AM,2,0,0,36.144090,-86.777300,I 65,,,,0.00,,,,,,,82.10,N,Not at Intersection,N,Non-Junction,None,,,         ,Wyatt,Blacker,Clear,Front to Rear,no,no,no,no,no,False
103128543,METROPOLITAN NASHVILLE POLICE DEPT,20210565104,Davidson,Nashville,10/31/2021 6:52:00 PM,2,1,0,36.139520,-86.700190,I40 E ENT RAMP,,,,0.00,Feet,,BRILEY PKWYN,,,,0.00,Y,Four-Way,N,Entrance/Exit Ramp Related,None,,,         ,Rami,Rouhi,Clear,Front to Rear,no,no,no,no,no,False
103128563,METROPOLITAN NASHVILLE POLICE DEPT,20210565026,Davidson,Nashville,10/31/2021 5:32:00 PM,3,4,0,36.132250,-86.894520,CHARLOTTE PKE,,,,189.00,Feet,East,I40 E ENT RAMP,,,,0.00,N,Not at Intersection,N,Non-Junction,None,,,         ,Maria,Reynolds,Clear,Front to Rear,no,no,no,no,no,False
103128575,METROPOLITAN NASHVILLE POLICE DEPT,20210565165,Davidson,Nashville,10/31/2021 7:51:00 PM,2,1,0,36.233290,-86.767960,I 65,,,,0.00,,,,,,,89.25,N,Not at Intersection,N,Non-Junction,None,,,         ,Adam,Warren,Clear,Front to Rear,no,no,no,no,yes,False
103128588,METROPOLITAN NASHVILLE POLICE DEPT,20210565236,Davidson,Nashville,10/31/2021 8:59:00 PM,2,0,0,36.160570,-86.760530,I 24,,,,0.00,,,,,,,49.60,N,Not at Intersection,N,Non-Junction,Work Zone,Laneclosure,Activity Area,         ,Gabriel,Vasquez,Clear,Front to Rear,no,no,no,no,yes,False
103128631,METROPOLITAN NASHVILLE POLICE DEPT,20210565253,Davidson,Nashville,10/31/2021 9:31:00 PM,2,5,0,36.086920,-86.705660,PARAGON MILLS RD,,,,0.00,,,REISCHA DR,,,,0.00,Y,Four-Way,N,Intersection,None,,,         ,Thomas,Parsons,Clear,Angle,no,no,no,no,yes,False
103128634,METROPOLITAN NASHVILLE POLICE DEPT,20210565158,Davidson,Nashville,10/31/2021 7:41:00 PM,3,1,0,36.045370,-86.713260,OLD HICKORY BLVD,,,,0.00,,,NOLENSVILLE PKE,,,,0.00,Y,Four-Way,N,Intersection,None,,,         ,Dylan,Motes,Cloudy,Angle,no,no,no,no,no,False
103128635,METROPOLITAN NASHVILLE POLICE DEPT,20210565246,Davidson,Nashville,10/31/2021 9:20:00 PM,1,1,0,36.143540,-86.702250,I 40,,,,0.00,,,,,,,214.60,N,Not at Intersection,N,Non-Junction,None,,,         ,Robert,Marquez,,Not Collision with Motor Vehicle in Transport,no,no,no,no,no,False
103128643,METROPOLITAN NASHVILLE POLICE DEPT,20210565200,Davidson,Nashville,10/31/2021 12:00:00 AM,2,1,0,36.153410,-86.834740,40TH AVN,,,,26.00,Feet,South,ALABAMA AV,,,,0.00,N,Not at Intersection,N,Non-Junction,None,,,         ,Kristopher,Sharpe,Clear,Angle,no,no,no,no,no,False
103128654,METROPOLITAN NASHVILLE POLICE DEPT,20210564845,Davidson,Nashville,10/31/2021 1:30:00 PM,2,0,0,36.104970,-86.922100,OLD HICKORY BLVD,,,,336.00,Feet,South,BELLE VALLEY DR,,,,0.00,N,Not at Intersection,N,Non-Junction,None,,,         ,Peyton,Wheatley,Clear,Front to Rear,no,no,no,no,no,False
103128657,METROPOLITAN NASHVILLE POLICE DEPT,20210565202,Davidson,Nashville,10/31/2021 4:00:00 PM,1,0,0,36.234400,-86.694470,LONGFELLOW DR,,,,183.00,Feet,West,FROST ST,,,,0.00,N,Not at Intersection, ,Non-Junction,None,,,         ,Jeffrey,Palomino-Gonzalez,Clear,Not Collision with Motor Vehicle in Transport,no,no,no,no,no,False
103128666,METROPOLITAN NASHVILLE POLICE DEPT,20210565177,Davidson,Nashville,10/31/2021 8:10:00 PM,2,0,0,36.256190,-86.714390,NEELYS BEND RD,,,,0.00,Feet,,GALLATIN PKES,,,,0.00,Y,T-Intersection,N,Intersection,None,,,         ,David,Scheevel,Clear,"Sideswipe, Opposite Direction",no,no,no,no,yes,False
103128685,METROPOLITAN NASHVILLE POLICE DEPT,20210565300,Davidson,Nashville,10/31/2021 10:45:00 PM,3,0,0,36.140450,-86.731680,I 24,,,,0.00,,,,,,,51.50,N,Not at Intersection,N,Non-Junction,None,,,         ,Bryson,Wilkins,Clear,Front to Rear,no,no,no,no,yes,False
103128702,METROPOLITAN NASHVILLE POLICE DEPT,20210565376,Davidson,Nashville,10/31/2021 11:31:00 PM,2,1,0,36.046220,-86.713360,NOLENSVILLE PKE,,,,313.00,Feet,North,OLD HICKORY BLVD,,,,0.00,N,Not at Intersection,N,Non-Junction,None,,,         ,Jose,Oliveros,Clear,Angle,no,no,no,no,yes,False
103128703,METROPOLITAN NASHVILLE POLICE DEPT,20210565415,Davidson,Nashville,10/31/2021 12:00:00 AM,1,0,0,36.168080,-86.691040,LEBANON PKE,,,,5.00,Feet,West,BRILEY PKWY S ENT RAMP,,,,0.00,N,Not at Intersection,N,Non-Junction,None,,,         ,Daniel,Fuentes,,Unknown,no,no,no,no,yes,False
103128712,METROPOLITAN NASHVILLE POLICE DEPT,20210565435,Davidson,Nashville,10/31/2021 11:50:00 PM,2,0,0,36.195750,-86.742750,GALLATIN AV,,,,96.00,Feet,South,CAHAL AV,,,,0.00,N,Not at Intersection,N,Non-Junction,None,,,         ,David,Rehm,Cloudy,"Sideswipe, Same Direction",no,no,no,no,yes,False
103128723,METROPOLITAN NASHVILLE POLICE DEPT,20210565402,Davidson,Nashville,10/31/2021 11:50:00 PM,2,1,0,36.058850,-86.678400,I 24,,,,0.00,,,,,,,58.00,N,Not at Intersection,N,Non-Junction,None,,,         ,Zachariah,Souza,Cloudy,Front to Rear,no,no,no,no,no,False
103128731,METROPOLITAN NASHVILLE POLICE DEPT,20210565516,Davidson,Nashville,11/1/2021 2:05:00 AM,2,1,0,36.195570,-86.742850,GALLATIN AV,,,,166.00,Feet,South,CAHAL AV,,,,0.00,N,Not at Intersection,N,Non-Junction,None,,,         ,Zachary,Cooper,Clear,Front to Rear,no,no,no,no,no,False
103128736,METROPOLITAN NASHVILLE POLICE DEPT,20210565530,Davidson,Nashville,11/1/2021 2:07:00 AM,2,0,0,36.196720,-86.742220,GALLATIN AV,,,,24.00,Feet,North,CAHAL AV,,,,0.00,N,Not at Intersection,N,Non-Junction,None,,,         ,Peter,Kinsey,Clear,"Sideswipe, Same Direction",no,no,no,no,yes,False
103128737,METROPOLITAN NASHVILLE POLICE DEPT,20210565450,Davidson,Nashville,10/31/2021 11:55:00 PM,2,2,0,36.081630,-86.689350,EZELL RD,,,,482.00,Feet,West,ANTIOCH PKE,,,,0.00,N,Not at Intersection,N,Non-Junction,None,,,         ,Dylan,Ramos,Clear,HeadOn,no,no,no,no,yes,False
103128743,GOODLETTSVILLE POLICE DEPT,21-30553,Davidson,Goodlettsville,11/1/2021 12:54:00 AM,1,2,0,36.312070,-86.676610,VIETNAM VETS BLVD N,,SR386,,0.00,,,,,,,2.20,N,Not at Intersection,N,Non-Junction,None,,,         ,Shane,Farrell,Clear,Not Collision with Motor Vehicle in Transport,no,no,no,no,no,False
103128747,METROPOLITAN NASHVILLE POLICE DEPT,20210565452,Davidson,Nashville,11/1/2021 12:35:00 AM,3,2,0,36.157870,-86.791540,I40 E ENT RAMP,,,,0.00,Feet,East,I 40,,,,0.00,N,Not at Intersection,N,Non-Junction,None,,,         ,Bobby,Ehman,Clear,Angle,no,no,no,no,no,False
103128750,METROPOLITAN NASHVILLE POLICE DEPT,20210565539,Davidson,Not in City Limit,11/1/2021 2:20:00 AM,1,1,0,36.259460,-86.850600,CLARKSVILLE PKE,,,,492.00,Feet,East,DRY FORK RD,,,,0.00,N,Not at Intersection,N,Non-Junction,None,,,         ,Thomas,Clingan,Clear,Not Collision with Motor Vehicle in Transport,no,no,no,no,yes,False
103128754,METROPOLITAN NASHVILLE POLICE DEPT,20210564459,Davidson,Nashville,10/31/2021 2:00:00 AM,3,0,0,36.035650,-86.644070,I 24,,,,0.00,,,,,,,60.45,N,Not at Intersection,N,Non-Junction,None,,,         ,Douglas,Meringer,Clear,Angle,no,no,no,no,no,False
103128759,METROPOLITAN NASHVILLE POLICE DEPT,20210565544,Davidson,Nashville,11/1/2021 12:00:00 AM,1,0,0,36.177970,-86.771890,DICKERSON PKE,,,,142.00,Feet,South,I24 W ENT RAMP,,,,0.00,N,Not at Intersection,N,Non-Junction,None,,,         ,Matthew,Jankiewicz,Clear,Unknown,no,no,no,no,yes,False
103128769,METROPOLITAN NASHVILLE POLICE DEPT,20210564460,Davidson,Nashville,10/31/2021 2:00:00 AM,3,2,0,36.035650,-86.644070,I 24,,,,0.00,,,,,,,60.45,N,Not at Intersection,N,Non-Junction,None,,,         ,Douglas,Meringer,Clear,Angle,no,no,no,no,no,False
103128773,METROPOLITAN NASHVILLE POLICE DEPT,20210565597,Davidson,Nashville,11/1/2021 3:59:00 AM,1,0,0,36.058060,-86.645850,RURAL HILL RD,,,,1167.00,Feet,East,TOOK LN,,,,0.00,N,Not at Intersection,N,Non-Junction,None,,,         ,Jose,Oliveros,Clear,Not Collision with Motor Vehicle in Transport,no,no,no,no,yes,False
103128778,METROPOLITAN NASHVILLE POLICE DEPT,20210565543,Davidson,Nashville,11/1/2021 2:42:00 AM,2,0,0,36.099400,-86.739330,NOLENSVILLE PKE,,,,91.00,Feet,South,MCCALL ST,,,,0.00,N,Not at Intersection,N,Non-Junction,None,,,         ,William,Williams,Clear,"Sideswipe, Same Direction",no,no,no,no,yes,False
103128784,METROPOLITAN NASHVILLE POLICE DEPT,20210565646,Davidson,Nashville,11/1/2021 12:00:00 AM,2,2,0,36.070890,-86.769690,I 65,,,,0.00,,,,,,,77.00,N,Not at Intersection,N,Non-Junction,None,,,         ,Clayton,Cox,Clear,Angle,no,no,no,no,no,False
103128785,METROPOLITAN NASHVILLE POLICE DEPT,20210565625,Davidson,Nashville,11/1/2021 4:43:00 AM,3,2,0,36.069640,-86.769990,I 65,,,,0.00,,,,,,,76.90,N,Not at Intersection,N,Non-Junction,None,,,         ,Kelsey,Hicks,Clear,Angle,no,no,no,no,yes,False
103128794,METROPOLITAN NASHVILLE POLICE DEPT,20210565671,Davidson,Nashville,11/1/2021 5:40:00 AM,1,0,0,36.215670,-86.597080,ANDREW JACKSON PKWY,,,,0.00,,,,,,,0.00,,,N,Non-Junction,None,,,         ,Nelson,Hemingway,Clear,Not Collision with Motor Vehicle in Transport,no,no,no,yes,yes,False
103128812,METROPOLITAN NASHVILLE POLICE DEPT,20210565689,Davidson,Nashville,11/1/2021 6:22:00 AM,2,1,0,36.082680,-86.765110,HARDING PL,,,,0.00,,,I65 S ENT RAMP,,,,0.00,Y,Four-Way,Y,Intersection,None,,,         ,Thomas,Vasquez,Clear,Angle,no,no,no,no,no,False
103128816,METROPOLITAN NASHVILLE POLICE DEPT,20210565707,Davidson,Nashville,11/1/2021 6:20:00 AM,2,0,0,36.187930,-86.794360,I 65,,,,0.00,,,,,,,85.45,N,Not at Intersection, ,,None,,,         ,Jordan,Vrbas,,,no,no,no,no,no,False
103128820,METROPOLITAN NASHVILLE POLICE DEPT,20210565720,Davidson,Antioch,11/1/2021 2:34:00 AM,2,0,0,36.071780,-86.604430,TOWNE RIDGE,DR,,,250.00,Feet,East,NEW TOWNE,RD,,,0.00,N,Not at Intersection,N,Non-Junction,None,,,         ,Joe,Hooper,Clear,Front to Rear,no,no,no,no,yes,False
103128825,METROPOLITAN NASHVILLE POLICE DEPT,20210565725,Davidson,Nashville,11/1/2021 6:45:00 AM,2,0,0,36.151630,-86.782370,OVERTON ST,,,,0.00,,,MANSION ST,,,,0.00,Y,T-Intersection, ,Intersection,None,,,         ,Wesley,Young,Clear,Angle,no,no,no,no,no,False
103128841,METROPOLITAN NASHVILLE POLICE DEPT,20210565782,Davidson,Not in City Limit,11/1/2021 7:45:00 AM,3,2,0,36.262960,-86.681390,STATE RT 45,,,,137.00,Feet,West,RIO VISTA DR,,,,0.00,N,Not at Intersection,N,Non-Junction,None,,,         ,Christopher,Littles,Clear,Front to Rear,no,no,no,no,no,False
103128844,METROPOLITAN NASHVILLE POLICE DEPT,20210565601,Davidson,Not in City Limit,11/1/2021 4:10:00 AM,2,0,0,36.260100,-86.850990,CLARKSVILLE PKE,,,,580.00,Feet,North,DRY FORK RD,,,,0.00,N,Not at Intersection,N,Non-Junction,None,,,         ,Emelie,Skye,Clear,Front to Rear,no,no,no,no,no,False
103128861,METROPOLITAN NASHVILLE POLICE DEPT,20210565790,Davidson,Nashville,11/1/2021 7:08:00 AM,2,0,0,36.050730,-86.646910,BELL FORGE LNE,,,,0.00,,,BELL RD,,,,0.00,Y,Four-Way, ,Intersection,None,,,         ,Kevin,Steiner,Clear,Front to Rear,no,no,no,no,no,False
103128862,METROPOLITAN NASHVILLE POLICE DEPT,20210565814,Davidson,Nashville,11/1/2021 8:01:00 AM,2,2,0,36.112890,-86.689010,MCGAVOCK PKE,,,,0.00,Feet,East,MURFREESBORO PKE,,,,0.00,N,Not at Intersection,N,Non-Junction,None,,,         ,Sean,Herman,Clear,Angle,no,no,no,no,no,False
103128868,METROPOLITAN NASHVILLE POLICE DEPT,20210565849,Davidson,Nashville,11/1/2021 7:08:00 AM,2,0,0,36.082160,-86.697510,I 24,,,,0.00,,,,,,,56.00,N,Not at Intersection, ,Non-Junction,None,,,         ,Joe,Hooper,Clear,Front to Rear,no,no,no,no,no,False
103128884,METROPOLITAN NASHVILLE POLICE DEPT,20210565881,Davidson,Nashville,11/1/2021 8:41:00 AM,2,0,0,36.109530,-86.811660,HILLSBORO PKE,,,,155.00,Feet,North,CRESTMOOR RD,,,,0.00,N,Not at Intersection, ,,None,,,         ,Earl,Davis,,,no,no,no,no,no,False