master_record_number,agency,agency_tracking_number,county,city,collision_date,vehicles_involved,number_injured,number_dead,latitude,longitude,roadway_name,roadway_suffix,roadway_number,roadway_local_id,distance_from_reference,miles-feet_indicator,direction_from_reference,intersection_road_name,intersection_road_name_suffix,intersection_road_number,intersection_local_id,mile_marker,intersection_indicator,intersect_type,interchange_related_indicator,relation_to_junction,work_zone_type,construction_maintenance_zone,construction_maintenance_zone_location,fatal_case_number,officer_first_name,officer_last_name,weather_condition(s),manner_of_crash,pedestrian,bicycle,scooter,parking,hitrun,mou
103128885,METROPOLITAN NASHVILLE POLICE DEPT,20210565739,Davidson,Nashville,11/1/2021 7:05:00 AM,2,0,0,36.134370,-86.725800,I24 W EXT RAMP,,,,0.00,Feet,East,I 24,,,,0.00,N,Not at Intersection, ,Non-Junction,None,,,         ,Rachael,Robinson,Clear,Front to Rear,no,no,no,no,no,False
103128886,METROPOLITAN NASHVILLE POLICE DEPT,202010565907,Davidson,Nashville,11/1/2021 12:00:00 AM,2,0,0,36.162070,-86.774290,1ST AVS,,,,0.00,,,,,,,0.00,,,N,Non-Junction,Unknown,,,         ,Joshua,Reece,Unknown,Unknown,no,no,no,yes,yes,False
103128887,METROPOLITAN NASHVILLE POLICE DEPT,20210565934,Davidson,Not in City Limit,11/1/2021 9:15:00 AM,1,0,0,36.072200,-86.989010,WOLFEBORO LN,,,,282.00,Feet,South,GLOUCESTER LN,,,,0.00,N,Not at Intersection, ,Non-Junction,None,,,         ,Jared,Dick,Clear,Not Collision with Motor Vehicle in Transport,no,no,no,no,no,False
103128890,METROPOLITAN NASHVILLE POLICE DEPT,20210565806,Davidson,Nashville,11/1/2021 7:57:00 AM,2,0,0,36.165570,-86.778600,3RD AVN,,,,0.00,,,UNION ST,,,,0.00,Y,Four-Way, ,Intersection,None,,,         ,Michael,Douglas,Clear,"Sideswipe, Same Direction",no,no,no,no,no,False
103128891,METROPOLITAN NASHVILLE POLICE DEPT,20210565902,Davidson,Nashville,11/1/2021 8:20:00 AM,2,0,0,36.166780,-86.765040,I 24,,,,0.00,,,,,,,48.90,N,Not at Intersection, ,Non-Junction,None,,,         ,Benny,Pittman,Clear,Front to Rear,no,no,no,no,no,False
103128903,GOODLETTSVILLE POLICE DEPT,21-30566,Davidson,Goodlettsville,11/1/2021 7:44:00 AM,4,1,0,36.312210,-86.676460,VIETNAM VETERANS BLVDS,,,,1057.00,Feet,West,VIETNAM VETERANS BLVDN,,,,0.00,N,Not at Intersection,N,Non-Junction,None,,,         ,George,Forbes,Clear,Front to Rear,no,no,no,no,no,False
103128908,METROPOLITAN NASHVILLE POLICE DEPT,20210565916,Davidson,Nashville,11/1/2021 9:01:00 AM,2,1,0,36.081980,-86.727060,NOLENSVILLE PKE,,,,240.00,Feet,South,WELSHWOOD DR,,,,0.00,N,Not at Intersection,N,Non-Junction,None,,,         ,Earl,Davis,Clear,Not Collision with Motor Vehicle in Transport,yes,no,no,no,no,False
103128910,METROPOLITAN NASHVILLE POLICE DEPT,20210565742,Davidson,Nashville,11/1/2021 8:18:00 AM,1,0,0,36.158600,-86.817230,CLIFTON AV,,,,94.00,Feet,East,LENA ST,,,,0.00,N,Not at Intersection, ,Non-Junction,None,,,         ,Phillip,Lovell,Clear,Not Collision with Motor Vehicle in Transport,no,no,no,no,no,False
103128912,METROPOLITAN NASHVILLE POLICE DEPT,20210565830,Davidson,Nashville,11/1/2021 9:45:00 AM,2,0,0,36.204780,-86.752590,E TRINITY LN,,,,0.00,,,OAKWOOD AV,,,,0.00,Y,T-Intersection, ,,None,,,         ,Nicholas,Cochran,,,no,no,no,no,no,False
103128915,METROPOLITAN NASHVILLE POLICE DEPT,20210565960,Davidson,Nashville,11/1/2021 8:27:00 AM,2,0,0,36.131360,-86.727300,I 24,,,,0.00,,,,,,,51.20,N,Not at Intersection, ,Non-Junction,None,,,         ,Joe,Hooper,Clear,"Sideswipe, Same Direction",no,no,no,no,no,False
103128930,METROPOLITAN NASHVILLE POLICE DEPT,20210565933,Davidson,Nashville,11/1/2021 8:30:00 AM,2,0,0,36.197160,-86.776190,I 65,,,,0.00,,,,,,,86.65,N,Not at Intersection, ,Non-Junction,None,,,         ,Michael,Pyle,Clear,"Sideswipe, Same Direction",no,no,no,no,yes,False
103128941,METROPOLITAN NASHVILLE POLICE DEPT,20210565972,Davidson,Nashville,11/1/2021 9:15:00 AM,2,0,0,36.153600,-86.756520,I 40,,,,0.00,,,,,,,211.15,N,Not at Intersection, ,Non-Junction,None,,,         ,Theodore,Kenney,Clear,"Sideswipe, Same Direction",no,no,no,no,no,False
103128946,METROPOLITAN NASHVILLE POLICE DEPT,20210566014,Davidson,Nashville,11/1/2021 12:00:00 AM,2,0,0,36.159790,-86.868060,VERNON AV,,,,327.00,Feet,North,NASHUA AV,,,,0.00,N,Not at Intersection,N,Non-Junction,None,,,         ,Adam,Kauffman,Unknown,Unknown,no,no,no,no,yes,False
103128948,METROPOLITAN NASHVILLE POLICE DEPT,20210565710,Davidson,Nashville,11/1/2021 6:25:00 AM,2,0,0,36.168110,-86.815250,I 40,,,,0.00,,,,,,,206.75,N,Not at Intersection, ,Non-Junction,None,,,         ,Jedidayah,Merriweather,Clear,Angle,no,no,no,no,no,False
103128956,GOODLETTSVILLE POLICE DEPT,21-30564,Davidson,Goodlettsville,11/1/2021 7:15:00 AM,1,0,0,36.306980,-86.717900,DICKERSON PKES,,,,787.00,Feet,South,CIMA DR,,,,0.00,N,Not at Intersection, ,Non-Junction,None,,,         ,Daniel,Knalls,Clear,Not Collision with Motor Vehicle in Transport,no,no,no,no,no,False
103128970,METROPOLITAN NASHVILLE POLICE DEPT,20210565795,Davidson,Nashville,11/1/2021 7:50:00 AM,2,2,0,36.112990,-86.689250,MURFREESBORO PKE,,,,20.00,Feet,West,MCGAVOCK PKE,,,,0.00,N,Not at Intersection,N,Non-Junction,None,,,         ,Donald,Davidson,Clear,Front to Rear,no,no,no,no,no,False
103128972,METROPOLITAN NASHVILLE POLICE DEPT,20210566182,Davidson,Nashville,11/1/2021 11:21:00 AM,2,0,0,36.118940,-86.749240,NOLENSVILLE PKE,,,,25.00,Feet,South,ELBERTA ST,,,,0.00,N,Not at Intersection, ,Non-Junction,None,,,         ,Joe,Hooper,Clear,Front to Rear,no,no,no,no,no,False
103128974,METROPOLITAN NASHVILLE POLICE DEPT,20210564443,Davidson,Nashville,10/31/2021 6:46:00 AM,1,0,0,36.113660,-86.922920,OLD HICKORY BLVD,,,,267.00,Feet,South,TIDWELL RD,,,,0.00,N,Not at Intersection,N,Non-Junction,None,,,         ,Jeffery,Leiser,Clear,Not Collision with Motor Vehicle in Transport,no,no,no,no,no,False
103129002,METROPOLITAN NASHVILLE POLICE DEPT,20210566277,Davidson,Nashville,11/1/2021 12:16:00 PM,2,0,0,36.106370,-86.742880,NOLENSVILLE PKE,,,,0.00,Feet,,MORTON AV,,,,0.00,Y,Four-Way, ,Intersection-Related,None,,,         ,Joe,Hooper,Clear,Angle,no,no,no,no,no,False
103129011,METROPOLITAN NASHVILLE POLICE DEPT,20210566058,Davidson,Nashville,11/1/2021 10:22:00 AM,2,0,0,36.174190,-86.604230,CENTRAL PKE,,,,0.00,,,SHURGARD WAY,,,,0.00,Y,Four-Way,N,Intersection,None,,,         ,Ian,Hammond,Clear,Angle,no,no,no,no,no,False
103129017,METROPOLITAN NASHVILLE POLICE DEPT,20210566127,Davidson,Nashville,11/1/2021 10:57:00 AM,2,2,0,36.167540,-86.599610,OLD HICKORY BLVD,,,,312.00,Feet,North,CROSSHILL WAY,,,,0.00,N,Not at Intersection,N,Non-Junction,None,,,         ,Ryan,Sherry,Clear,Angle,no,no,no,no,yes,False
103129029,METROPOLITAN NASHVILLE POLICE DEPT,20210566160,Davidson,Nashville,11/1/2021 11:12:00 AM,2,0,0,36.073490,-86.637720,MURFREESBORO PKE,,,,452.00,Feet,South,RURAL HILL RD,,,,0.00,N,Not at Intersection, ,Non-Junction,None,,,         ,Rachael,Robinson,Clear,"Sideswipe, Same Direction",no,no,no,no,no,False
103129045,METROPOLITAN NASHVILLE POLICE DEPT,20210566184,Davidson,Nashville,11/1/2021 11:40:00 AM,4,2,0,36.132700,-86.857900,WHITE BRIDGE PKE,,,,414.00,Feet,North,WHITE BRIDGE RD PVTDR,,,,0.00,N,Not at Intersection,N,Non-Junction,None,,,         ,Michael,Brickman,Clear,Front to Rear,no,no,no,no,yes,False
103129052,METROPOLITAN NASHVILLE POLICE DEPT,20210566266,Davidson,Nashville,11/1/2021 12:35:00 PM,2,0,0,36.133900,-86.858190,WHITE BRIDGE PKE,,,,125.00,Feet,North,NASHVILLE TECH PVTDR,,,,0.00,N,Not at Intersection, ,Non-Junction,None,,,         ,Adam,Kauffman,Clear,Front to Rear,no,no,no,no,no,False
103129059,METROPOLITAN NASHVILLE POLICE DEPT,20210566343,Davidson,Antioch,11/1/2021 11:22:00 AM,2,0,0,36.013000,-86.620880,I24 E EXT RAMP,,,,0.00,Feet,East,I 24,,,,0.00,N,Not at Intersection, ,Entrance/Exit Ramp Related,None,,,         ,Joe,Hooper,Clear,"Sideswipe, Same Direction",no,no,no,no,no,False
103129061,METROPOLITAN NASHVILLE POLICE DEPT,20210566314,Davidson,Nashville,11/1/2021 1:07:00 PM,2,1,0,36.174620,-86.812010,FORMOSA ST,,,,0.00,Feet,,22ND AVN,,,,0.00,Y,Four-Way,N,Intersection,None,,,         ,Jedidayah,Merriweather,Clear,Angle,no,no,no,no,yes,False
103129075,METROPOLITAN NASHVILLE POLICE DEPT,20210566304,Davidson,Goodlettsville,11/1/2021 1:02:00 PM,2,1,0,36.293840,-86.696450,MYATT DR,,,,0.00,Feet,East,SPRING BRANCH DR,,,,0.00,N,Not at Intersection,N,Non-Junction,None,,,         ,Michael,Hones,Clear,Angle,no,no,no,no,no,False
103129082,METROPOLITAN NASHVILLE POLICE DEPT,20210566358,Davidson,Nashville,11/1/2021 12:00:00 AM,2,0,0,36.234380,-86.784230,PARKWOOD VILLA APTS PVTDR,,,,0.00,,,EWING LN,,,,0.00,Y,OTHER,N,Non-Junction,None,,,         ,Aaron,Jumonville,Clear,Angle,no,no,no,yes,yes,False
103129102,VANDERBILT UNIVERSITY POLICE,2021-0566361,Davidson,Nashville,11/1/2021 1:25:00 PM,2,0,0,36.142030,-86.800730,MEDICAL CENTER DR,,,,0.00,,,,,,,0.00,,Not at Intersection,N,Non-Junction,None,,,         ,Joseph,Musick,Clear,Front to Rear,no,no,no,yes,yes,Campus
103129105,BELLE MEADE POLICE DEPT,21-0227,Davidson,Nashville,11/1/2021 12:00:00 AM,2,0,0,36.125820,-86.846490,KENNER AV,,,,0.00,,,HARDING PKE,,,,0.00,Y,Four-Way,N,Intersection-Related,None,,,         ,Chris,Roark,Clear,Angle,no,no,no,no,no,False
103129107,METROPOLITAN NASHVILLE POLICE DEPT,20210566284,Davidson,Nashville,11/1/2021 12:45:00 PM,2,2,0,36.234350,-86.774690,VAILVIEW DR,,,,0.00,Feet,East,RICHMOND HILL DR,,,,0.00,N,Not at Intersection,N,Non-Junction,None,,,         ,John,Braxton,Clear,Angle,no,no,no,no,no,False
103129141,METROPOLITAN NASHVILLE POLICE DEPT,20210566346,Davidson,Nashville,11/1/2021 1:28:00 PM,2,0,0,36.233560,-86.724820,GALLATIN PKE,,,,0.00,,,JOYCE LN,,,,0.00,Y,Four-Way,N,Intersection,None,,,         ,Michael,Agee,Clear,Angle,no,no,no,no,no,False
103129156,METROPOLITAN NASHVILLE POLICE DEPT,20210566448,Davidson,Not in City Limit,11/1/2021 2:20:00 PM,3,0,0,36.269660,-86.755520,DICKERSON PKE,,,,158.00,Feet,North,OLD HICKORY BLVD,,,,0.00,N,Not at Intersection,N,Non-Junction,None,,,         ,Joshua,Dodge,Clear,"Sideswipe, Same Direction",no,no,no,no,yes,False
103129198,METROPOLITAN NASHVILLE POLICE DEPT,20210566383,Davidson,Nashville,11/1/2021 1:57:00 PM,2,1,0,36.230100,-86.725040,GALLATIN PKE,,,,0.00,,,MALQUIN DR,,,,0.00,Y,Four-Way,N,Intersection-Related,None,,,         ,Nicholas,Cochran,Clear,Angle,no,no,no,no,no,False
103129203,METROPOLITAN NASHVILLE POLICE DEPT,20210566544,Davidson,Nashville,11/1/2021 2:15:00 PM,2,0,0,36.184400,-86.676850,MCGAVOCK PKE,,,,120.00,Feet,South,KNOBDALE RD,,,,0.00,N,Not at Intersection,N,Non-Junction,None,,,         ,Reagan,Heath,Clear,Angle,no,no,no,no,no,False
103129213,VANDERBILT UNIVERSITY POLICE,20210566562,Davidson,Nashville,11/1/2021 3:15:00 PM,2,0,0,36.139510,-86.803670,PIERCE AV,,,,0.00,,,,,,,0.00,,, ,Non-Junction,None,,,         ,Shaneithia,Lewis,,"Sideswipe, Opposite Direction",no,no,no,yes,yes,Campus
103129228,METROPOLITAN NASHVILLE POLICE DEPT,20210566542,Davidson,Nashville,11/1/2021 3:30:00 PM,1,1,0,36.188020,-86.614760,OLD HICKORY BLVD,,,,783.00,Feet,West,OLD LEBANON DIRT RD,,,,0.00,N,Not at Intersection,N,Non-Junction,None,,,         ,Zaire,Murray,Clear,Not Collision with Motor Vehicle in Transport,yes,no,no,yes,no,False
103129231,METROPOLITAN NASHVILLE POLICE DEPT,20210566430,Davidson,Nashville,11/1/2021 2:20:00 PM,2,2,0,36.165890,-86.764530,I 24,,,,0.00,,,,,,,49.00,N,Not at Intersection,N,Non-Junction,None,,,         ,Courtney,Kirtley,Clear,Front to Rear,no,no,no,no,no,False
103129235,GOODLETTSVILLE POLICE DEPT,21-30607,Davidson,Goodlettsville,11/1/2021 12:00:00 AM,2,0,0,36.315490,-86.713510,RIVERGATE PKWY,,,,0.00,,,S MAIN ST,,,,0.00,Y,T-Intersection, ,Intersection-Related,None,,,         ,William,Monaghan,Clear,Angle,no,no,no,no,yes,False
103129255,METROPOLITAN NASHVILLE POLICE DEPT,20210566620,Davidson,Nashville,11/1/2021 4:35:00 PM,2,0,0,36.149200,-86.857910,WHITE BRIDGE PKE,,,,283.00,Feet,North,LENOX AV,,,,0.00,N,Not at Intersection, ,Non-Junction,None,,,         ,Douglas,Mann,Clear,Angle,no,no,no,no,no,False
103129263,METROPOLITAN NASHVILLE POLICE DEPT,20210566563,Davidson,Nashville,11/1/2021 12:55:00 PM,2,1,0,36.205980,-86.587220,HIDDEN HILL DR,,,,0.00,,,SHADOWLAWN DR,,,,0.00,Y,Four-Way,N,Intersection,None,,,         ,Christian,Vanders,Clear,Angle,no,no,no,no,no,False
103129270,METROPOLITAN NASHVILLE POLICE DEPT,20210566633,Davidson,Nashville,11/1/2021 4:46:00 PM,4,1,0,36.120680,-86.765050,I-440 E,,,,0.00,,,,,,,0.00,,,N,Non-Junction,None,,,         ,Dakota,Davis,Clear,Front to Rear,no,no,no,no,no,False
103129271,METROPOLITAN NASHVILLE POLICE DEPT,20210566647,Davidson,Nashville,11/1/2021 4:07:00 PM,2,0,0,36.149240,-86.773650,I 40,,,,0.00,,,,,,,210.15,N,Not at Intersection,N,Non-Junction,None,,,         ,Travis,Pemberton,Clear,Angle,no,no,no,no,no,False
103129283,METROPOLITAN NASHVILLE POLICE DEPT,20210566582,Davidson,Nashville,11/1/2021 4:00:00 PM,3,1,0,36.199940,-86.825340,BUENA VISTA PKE,,,,352.00,Feet,East,MATTIE ST,,,,0.00,N,Not at Intersection,N,Non-Junction,None,,,         ,Jarrett,Messick,Clear,Angle,no,no,no,no,no,False
103129300,METROPOLITAN NASHVILLE POLICE DEPT,20210566649,Davidson,Nashville,11/1/2021 5:15:00 PM,3,4,0,36.192710,-86.744340,DOUGLAS AVE,,,,0.00,Feet,,GALLATIN AVE,,,,0.00,Y,Four-Way,Y,Intersection,None,,,         ,Sara,Lober,Clear,HeadOn,no,no,no,no,yes,False
103129308,METROPOLITAN NASHVILLE POLICE DEPT,20210566445,Davidson,Lakewood,11/1/2021 10:45:00 AM,1,0,0,36.243510,-86.636140,OLD HICKORY BLVD,,,,0.00,,,,,,,0.00,,, ,Non-Junction,None,,,         ,Christian,Vanders,Clear,Not Collision with Motor Vehicle in Transport,no,no,no,yes,no,False
103129309,METROPOLITAN NASHVILLE POLICE DEPT,20210566706,Davidson,Nashville,11/1/2021 3:04:00 PM,2,0,0,36.109430,-86.727500,BRILEY PKWYS,,,,160.00,Feet,East,BRILEY PKWYN,,,,0.00,N,Not at Intersection,N,Non-Junction,None,,,         ,Beri,Scott,Clear,Angle,no,no,no,no,yes,False
103129320,METROPOLITAN NASHVILLE POLICE DEPT,20210566753,Davidson,Not in City Limit,11/1/2021 6:46:00 PM,2,0,0,36.273440,-86.710040,ANDERSON LN,,,,0.00,Feet,,GALLATIN PKEN,,,,0.00,Y,Four-Way,N,Intersection,None,,,         ,Joshua,Hargrave,Clear,Angle,no,no,no,no,no,False
103129326,METROPOLITAN NASHVILLE POLICE DEPT,20210566481,Davidson,Nashville,11/1/2021 2:58:00 PM,2,0,0,36.191870,-86.780970,I 65,,,,0.00,,,,,,,86.25,N,Not at Intersection, ,,None,,,         ,Kency,Le,,,no,no,no,no,no,False
103129364,METROPOLITAN NASHVILLE POLICE DEPT,20210566786,Davidson,Nashville,11/1/2021 7:16:00 PM,2,2,0,36.083430,-86.689090,ANTIOCH PKE,,,,0.00,,,EZELL PKE,,,,0.00,Y,Four-Way,N,Intersection,None,,,         ,Beri,Scott,Clear,HeadOn,no,no,no,no,no,False
103129403,METROPOLITAN NASHVILLE POLICE DEPT,20210566843,Davidson,Nashville,11/1/2021 7:44:00 PM,2,0,0,36.077250,-86.720780,WALLACE RD,,,,663.00,Feet,South,BROOKRIDGE TRL,,,,0.00,N,Not at Intersection, ,,None,,,         ,Beri,Scott,,,no,no,no,yes,no,False
103129409,METROPOLITAN NASHVILLE POLICE DEPT,2021-0564783,Davidson,Nashville,10/31/2021 12:00:00 AM,2,0,0,36.137990,-86.727380,I24E,,,,282.00,Feet,North,I24 E ENT RAMP,,,,0.00,N,Not at Intersection, ,Non-Junction,None,,,         ,Frank,Walker,Clear,Front to Rear,no,no,no,no,no,False
103129420,METROPOLITAN NASHVILLE POLICE DEPT,20210566927,Davidson,Nashville,11/1/2021 9:08:00 PM,2,0,0,36.106730,-86.734710,WINGATE AV,,,,372.00,Feet,North,MORTON AV,,,,0.00,N,Not at Intersection,N,Non-Junction,None,,,         ,Steven,Powers,Clear,"Sideswipe, Same Direction",no,no,no,no,yes,False
103129442,METROPOLITAN NASHVILLE POLICE DEPT,20210566920,Davidson,Nashville,11/1/2021 9:28:00 PM,2,1,0,36.059580,-86.641060,THE OVERLOOK PVTDR,,,,1.00,Feet,West,BELL RD,,,,0.00,N,Not at Intersection,N,Non-Junction,None,,,         ,Nathaniel,Myers,Clear,Angle,no,no,no,no,no,False
103129465,METROPOLITAN NASHVILLE POLICE DEPT,20210566900,Davidson,Nashville,11/1/2021 12:00:00 AM,2,0,0,36.131430,-86.834320,WEST END AV,,,,0.00,Feet,,WILSON BLVDS,,,,0.00,Y,T-Intersection, ,Intersection,None,,,         ,Kristopher,Sharpe,Clear,Front to Rear,no,no,no,no,no,False
103129482,METROPOLITAN NASHVILLE POLICE DEPT,20210566790,Davidson,Nashville,11/1/2021 7:20:00 PM,2,0,0,36.142400,-86.633390,WHITE PINE DR,,,,0.00,,,ELM HILL PKE,,,,0.00,Y,Four-Way, ,Intersection,None,,,         ,Donovan,Coble,Clear,Angle,no,no,no,no,no,False
103129484,METROPOLITAN NASHVILLE POLICE DEPT,20210566890,Davidson,Nashville,11/1/2021 9:00:00 PM,2,1,0,36.140900,-86.738550,MURFREESBORO PKE,,,,112.00,Feet,West,TRANSIT AV,,,,0.00,N,Not at Intersection,N,Non-Junction,None,,,         ,Amgad,Bekhit,Clear,Angle,no,no,no,no,no,False
103129486,METROPOLITAN NASHVILLE POLICE DEPT,20210566334,Davidson,Nashville,11/1/2021 12:45:00 PM,2,0,0,36.144820,-86.689750,MARRIOTT DR,,,,0.00,,,,,,,0.00,,, ,,None,,,         ,Clayton,Cox,,,no,no,no,yes,no,False
103129491,METROPOLITAN NASHVILLE POLICE DEPT,20210566975,Davidson,Nashville,11/1/2021 12:00:00 AM,1,0,0,36.214580,-86.867100,CATO RD,,,,771.00,Feet,West,BRILEY PKWY N ENT RAMP,,,,0.00,N,Not at Intersection,N,Non-Junction,None,,,         ,Jacob,Ross,Clear,Not Collision with Motor Vehicle in Transport,no,no,no,no,no,False
103129497,METROPOLITAN NASHVILLE POLICE DEPT,20210565307,Davidson,Nashville,10/31/2021 9:43:00 PM,2,1,0,36.164330,-86.763210,I 24,,,,0.00,,,,,,,49.10,N,Not at Intersection,N,Entrance/Exit Ramp Related,Construction Zone,Lane Shift-Crossover,Advanced Warning Area,         ,John,Jones,Clear,Front to Rear,no,no,no,no,yes,False
103129498,METROPOLITAN NASHVILLE POLICE DEPT,20210566957,Davidson,Nashville,11/1/2021 9:00:00 PM,2,0,0,36.148630,-86.746150,I 40,,,,0.00,,,,,,,211.85,N,Not at Intersection,N,Non-Junction,None,,,         ,Jacob,Snyder,Cloudy,Front to Rear,no,no,no,no,yes,False
103129501,METROPOLITAN NASHVILLE POLICE DEPT,20210566845,Davidson,Nashville,11/1/2021 12:00:00 AM,2,2,0,36.124877,-86.734511,,,I440,,0.00,,East,,,,,7.00,N,Not at Intersection,N,Non-Junction,Work Zone,Laneclosure,Activity Area,         ,Steven,Bowler,Unknown,Front to Rear,no,no,no,no,no,False
103129508,METROPOLITAN NASHVILLE POLICE DEPT,20210566848,Davidson,Nashville,11/1/2021 8:15:00 PM,1,1,0,36.161350,-86.613530,BELL RD,,,,730.00,Feet,South,DODSON CHAPEL RD,,,,0.00,N,Not at Intersection,N,Non-Junction,None,,,         ,Christian,Vanders,,Not Collision with Motor Vehicle in Transport,no,no,no,no,no,False
103129509,METROPOLITAN NASHVILLE POLICE DEPT,20210566990,Davidson,Nashville,11/1/2021 10:00:00 PM,2,0,0,36.237680,-86.628630,OLD HICKORY BLVD,,,,571.00,Feet,South,FELLOWSHIP LN,,,,0.00,N,Not at Intersection,N,Non-Junction,None,,,         ,Nelson,Hemingway,,Angle,no,no,no,no,yes,False
103129519,METROPOLITAN NASHVILLE POLICE DEPT,20210567034,Davidson,Nashville,11/1/2021 11:39:00 PM,1,3,0,36.125493,-86.813758,I440 W,,,,0.00,Miles,West,,,II440 W,,2.04,N,Not at Intersection,N,Non-Junction,None,,,         ,Taylor,Hurley,Cloudy,Not Collision with Motor Vehicle in Transport,no,no,no,no,no,False
103129522,METROPOLITAN NASHVILLE POLICE DEPT,20210567023,Davidson,Nashville,11/1/2021 11:35:00 PM,2,1,0,36.147560,-86.666340,DONELSON PKE,,,,454.00,Feet,South,ELM HILL PKE,,,,0.00,N,Not at Intersection,N,Non-Junction,None,,,         ,Randall,Ward,,Angle,no,no,no,no,no,False
103129561,METROPOLITAN NASHVILLE POLICE DEPT,20210567070,Davidson,Nashville,11/1/2021 11:03:00 PM,2,0,0,36.089120,-86.702310,I 24,,,,0.00,,,,,,,55.45,N,Not at Intersection,N,Entrance/Exit Ramp Related,Maintenance Zone,Lane Shift-Crossover,Transition Area,         ,Autumn,Manning,Rain,Front to Rear,no,no,no,no,no,False
103129565,METROPOLITAN NASHVILLE POLICE DEPT,20210567148,Davidson,Not in City Limit,11/2/2021 1:45:00 AM,1,0,0,36.264690,-86.724240,HERITAGE DR,,,,216.00,Feet,North,OLD HICKORY BLVDW,,,,0.00,N,Not at Intersection,N,Non-Junction,None,,,         ,Jonathon,Sheppard,Rain,Not Collision with Motor Vehicle in Transport,no,no,no,no,no,False
103129569,METROPOLITAN NASHVILLE POLICE DEPT,20210567245,Davidson,Nashville,11/2/2021 2:55:00 AM,1,0,0,36.183310,-86.797910,ROSA L PARKS BLVD,,,,73.00,Feet,South,I65 N ENT RAMP,,,,0.00,N,Not at Intersection,N,Non-Junction,None,,,         ,Brian,DeMarce,Clear,Not Collision with Motor Vehicle in Transport,no,no,no,no,yes,False
103129570,METROPOLITAN NASHVILLE POLICE DEPT,20210567196,Davidson,Nashville,11/2/2021 2:30:00 AM,2,1,0,36.153710,-86.721560,SPENCE LN,,,,0.00,,,LEBANON PKE,,,,0.00,Y,Four-Way,N,Intersection,None,,,         ,Jacob,Snyder,Cloudy,Front to Rear,no,no,no,no,yes,False
103129592,BERRY HILL POLICE DEPT,21-3211,Davidson,Berry Hill,11/1/2021 11:11:00 PM,2,0,0,36.122410,-86.775810,FRANKLIN PKE,,,,0.00,,,HORNER AV,,,,0.00,Y,T-Intersection, ,Intersection-Related,None,,,         ,Steven,Henry Jr.,Clear,Angle,no,no,no,no,no,False
103129596,METROPOLITAN NASHVILLE POLICE DEPT,20210567287,Davidson,Nashville,11/2/2021 4:01:00 AM,2,0,0,36.209430,-86.776100,I 65,,,,0.00,,,,,,,87.50,N,Not at Intersection,N,Non-Junction,None,,,         ,Alquavious,McDaniel,Clear,Front to Rear,no,no,no,no,yes,False
103129613,METROPOLITAN NASHVILLE POLICE DEPT,20210567364,Davidson,Nashville,11/2/2021 5:40:00 AM,2,1,0,36.141540,-86.740550,MURFREESBORO PKE,,,,0.00,Feet,,FOSTER AV,,,,0.00,Y,T-Intersection,N,Intersection,None,,,         ,Douglas,Meringer,Clear,Angle,no,no,no,no,yes,False
103129636,METROPOLITAN NASHVILLE POLICE DEPT,20210566376,Davidson,Nashville,11/1/2021 1:52:00 PM,2,0,0,36.040840,-86.773470,OLD HICKORY BLVD,,,,0.00,,,OAKES DR,,,,0.00,Y,Four-Way,N,Intersection-Related,None,,,         ,Earl,Davis,Clear,Front to Rear,no,no,no,no,no,False
103129662,METROPOLITAN NASHVILLE POLICE DEPT,20210567468,Davidson,Nashville,11/2/2021 7:15:00 AM,1,0,0,36.088070,-86.784220,BATTERY LN,,,,402.00,Feet,East,WATERSWOOD DR,,,,0.00,N,Not at Intersection, ,Non-Junction,None,,,         ,Earl,Davis,Cloudy,Not Collision with Motor Vehicle in Transport,no,no,no,no,no,False
103129677,METROPOLITAN NASHVILLE POLICE DEPT,20210567430,Davidson,Nashville,11/2/2021 6:50:00 AM,2,1,0,36.187040,-86.757130,ELLINGTON PKWYS,,,,152.00,Feet,East,ELLINGTON PKWY S EXT RAMP,,,,0.00,N,Not at Intersection,N,Non-Junction,None,,,         ,Edward,Holden,Clear,Front to Rear,no,no,no,no,no,False
103129706,METROPOLITAN NASHVILLE POLICE DEPT,20210567501,Davidson,Nashville,11/2/2021 7:45:00 AM,1,1,0,36.100400,-86.923780,OLD HICKORY BLVD,,,,1131.00,Feet,North,BELLE VALLEY DR,,,,0.00,N,Not at Intersection,N,Non-Junction,None,,,         ,Charles,Agius,Clear,Not Collision with Motor Vehicle in Transport,no,no,no,no,no,False
103129710,METROPOLITAN NASHVILLE POLICE DEPT,20210567492,Davidson,Nashville,11/2/2021 7:43:00 AM,2,1,0,36.173380,-86.810450,21ST AVN,,,,131.00,Feet,North,UNDERWOOD ST,,,,0.00,N,Not at Intersection,N,Non-Junction,None,,,         ,Jedidayah,Merriweather,Cloudy,Front to Rear,no,no,no,no,no,False
103129714,METROPOLITAN NASHVILLE POLICE DEPT,20210567563,Davidson,Nashville,11/2/2021 8:10:00 AM,2,0,0,36.110920,-86.722360,I 24,,,,0.00,,,,,,,53.60,N,Not at Intersection, ,Non-Junction,None,,,         ,Joe,Hooper,Cloudy,Front to Rear,no,no,no,no,no,False