master_record_number,agency,agency_tracking_number,county,city,collision_date,vehicles_involved,number_injured,number_dead,latitude,longitude,roadway_name,roadway_suffix,roadway_number,roadway_local_id,distance_from_reference,miles-feet_indicator,direction_from_reference,intersection_road_name,intersection_road_name_suffix,intersection_road_number,intersection_local_id,mile_marker,intersection_indicator,intersect_type,interchange_related_indicator,relation_to_junction,work_zone_type,construction_maintenance_zone,construction_maintenance_zone_location,fatal_case_number,officer_first_name,officer_last_name,weather_condition(s),manner_of_crash,pedestrian,bicycle,scooter,parking,hitrun,mou
103130559,METROPOLITAN NASHVILLE POLICE DEPT,20210569187,Davidson,Nashville,11/3/2021 6:50:00 AM,2,0,0,36.148070,-86.758490,WINFREY ST,,,,0.00,Feet,,LEWIS ST,,,,0.00,Y,T-Intersection,N,Intersection,None,,,         ,Patrick,Lancaster,Cloudy,Angle,no,no,no,no,yes,False
103130575,METROPOLITAN NASHVILLE POLICE DEPT,2021-0569185,Davidson,Nashville,11/3/2021 12:00:00 AM,2,0,0,36.151470,-86.751350,I40 W EXT RAMP,,,,0.00,Feet,East,I 40,,,,0.00,N,Not at Intersection, ,,None,,,         ,Frank,Walker,,,no,no,no,no,no,False
103130576,METROPOLITAN NASHVILLE POLICE DEPT,20210569198,Davidson,Nashville,11/3/2021 7:02:00 AM,2,0,0,36.155930,-86.826830,I 40,,,,0.00,,,,,,,205.70,N,Not at Intersection, ,Non-Junction,None,,,         ,Charles,Agius,Cloudy,"Sideswipe, Same Direction",no,no,no,no,no,False
103130581,METROPOLITAN NASHVILLE POLICE DEPT,20210569255,Davidson,Nashville,11/3/2021 7:47:00 AM,2,0,0,36.134280,-86.780570,WEDGEWOOD AV,,,,0.00,Feet,West,BEECH AV,,,,0.00,N,Not at Intersection, ,Non-Junction,None,,,         ,Cecelia,Brown,Clear,Angle,no,no,no,no,no,False
103130587,METROPOLITAN NASHVILLE POLICE DEPT,20210569249,Davidson,Nashville,11/3/2021 7:43:00 AM,2,1,0,36.169290,-86.577570,I 40,,,,0.00,,,,,,,222.10,N,Not at Intersection,N,Non-Junction,None,,,         ,Ian,Hammond,Cloudy,Front to Rear,no,no,no,no,no,False
103130603,METROPOLITAN NASHVILLE POLICE DEPT,20210569282,Davidson,Nashville,11/3/2021 7:52:00 AM,2,0,0,36.170370,-86.599220,I 40,,,,0.00,,,,,,,220.95,N,Not at Intersection, ,,None,,,         ,Tyler,Hall,,,no,no,no,no,no,False
103130604,METROPOLITAN NASHVILLE POLICE DEPT,20210569325,Davidson,Antioch,11/3/2021 7:59:00 AM,2,0,0,36.041380,-86.609080,HOBSON PKE,,,,919.00,Feet,West,MURFREESBORO PKE,,,,0.00,N,Not at Intersection, ,Non-Junction,None,,,         ,Joe,Hooper,Cloudy,Front to Rear,no,no,no,no,no,False
103130612,METROPOLITAN NASHVILLE POLICE DEPT,20210569307,Davidson,Nashville,11/3/2021 8:25:00 AM,2,0,0,36.171960,-86.767620,JAMES ROBERTSON PKWY,,,,92.00,Feet,East,I24 W EXT RAMP,,,,0.00,N,Not at Intersection, ,,None,,,         ,Eric,Hall,,,no,no,no,no,no,False
103130620,METROPOLITAN NASHVILLE POLICE DEPT,20210569383,Davidson,Nashville,11/3/2021 9:17:00 AM,2,0,0,36.080760,-86.758400,TROUSDALE DR,,,,421.00,Feet,North,RICHMAR DR,,,,0.00,N,Not at Intersection, ,Non-Junction,None,,,         ,Earl,Davis,Cloudy,Front to Rear,no,no,no,no,no,False
103130621,METROPOLITAN NASHVILLE POLICE DEPT,20210569254,Davidson,Madison,11/3/2021 12:00:00 AM,2,0,0,36.258360,-86.703900,LEXINGTON GARDENS CONDOMINIUMS,,,,0.00,,,FOREST PARK RD,,,,0.00,Y,T-Intersection,N,Non-Junction,None,,,         ,Eric,Richardson,Cloudy,Angle,no,no,no,no,no,False
103130623,METROPOLITAN NASHVILLE POLICE DEPT,20210569352,Davidson,Nashville,11/3/2021 8:04:00 AM,2,0,0,36.115100,-86.724630,I 24,,,,0.00,,,,,,,53.25,N,Not at Intersection, ,Non-Junction,None,,,         ,Todd,Watson,Cloudy,Front to Rear,no,no,no,no,no,False
103130649,METROPOLITAN NASHVILLE POLICE DEPT,20210569416,Davidson,Nashville,11/3/2021 8:56:00 AM,1,0,0,36.211520,-86.918880,ASHLAND CITY HWY,,,,635.00,Feet,East,OLD HICKORY BLVD,,,,0.00,N,Not at Intersection,N,Non-Junction,None,,,         ,Ryan,Worstall,Cloudy,Not Collision with Motor Vehicle in Transport,no,no,no,no,no,False
103130651,METROPOLITAN NASHVILLE POLICE DEPT,20210569330,Davidson,Nashville,11/3/2021 8:28:00 AM,2,0,0,36.161710,-86.777650,4TH AVN,,,,274.00,Feet,South,COMMERCE ST,,,,0.00,N,Not at Intersection, ,Non-Junction,None,,,         ,Russell,Freeman,Cloudy,Angle,no,no,no,no,no,False
103130658,METROPOLITAN NASHVILLE POLICE DEPT,20210569458,Davidson,Nashville,11/3/2021 9:53:00 AM,2,0,0,36.232110,-86.622810,SHUTE LN,,,,0.00,Feet,West,BRANDYWINE DR,,,,0.00,N,Not at Intersection, ,,None,,,         ,Tyler,Hall,,,no,no,no,no,no,False
103130665,METROPOLITAN NASHVILLE POLICE DEPT,20210569310,Davidson,Nashville,11/3/2021 7:34:00 AM,2,0,0,36.175220,-86.769410,OLDHAM ST,,,,452.00,Feet,South,SPRING ST,,,,0.00,N,Not at Intersection,N,"Driveway, Alley Access, etc",None,,,         ,Joshua,Reece,Cloudy,Angle,no,no,no,no,no,False
103130677,METROPOLITAN NASHVILLE POLICE DEPT,20210569327,Davidson,Not in City Limit,11/3/2021 8:30:00 AM,3,2,0,36.328690,-86.894900,I 24,,,,0.00,,,,,,,33.40,N,Not at Intersection,N,Non-Junction,None,,,         ,Phillip,Lovell,Cloudy,Angle,no,no,no,no,no,False
103130695,METROPOLITAN NASHVILLE POLICE DEPT,20210569481,Davidson,Antioch,11/3/2021 10:16:00 AM,2,0,0,36.015320,-86.620480,I24 W ENT RAMP,,,,40.00,Feet,East,I 24,,,,0.00,N,Not at Intersection, ,Entrance/Exit Ramp Related,None,,,         ,Joe,Hooper,Cloudy,"Sideswipe, Same Direction",no,no,no,no,no,False
103130696,METROPOLITAN NASHVILLE POLICE DEPT,20210569267,Davidson,Nashville,11/3/2021 7:51:00 AM,3,1,0,36.154130,-86.836200,I 40,,,,0.00,,,,,,,205.10,N,Not at Intersection,N,Non-Junction,None,,,         ,Adam,Kauffman,Cloudy,Angle,no,no,no,no,no,False
103130726,METROPOLITAN NASHVILLE POLICE DEPT,20210569450,Davidson,Not in City Limit,11/3/2021 10:08:00 AM,2,1,0,36.264290,-86.736150,I65 N ENT RAMP,,,,0.00,,,I 65,,,,0.00,Y,T-Intersection,N,Intersection,None,,,         ,Christopher,Littles,Cloudy,Angle,no,no,no,no,no,False
103130727,METROPOLITAN NASHVILLE POLICE DEPT,20210569577,Davidson,Nashville,11/3/2021 11:29:00 AM,6,1,0,36.241130,-86.723400,GALLATIN PKES,,,,855.00,Feet,North,WALTON LN,,,,0.00,N,Not at Intersection,N,Non-Junction,None,,,         ,Christopher,Littles,Cloudy,Angle,no,no,no,no,yes,False
103130734,METROPOLITAN NASHVILLE POLICE DEPT,20210569560,Davidson,Nashville,11/3/2021 11:19:00 AM,2,1,0,36.134010,-86.758950,NOLENSVILLE PKE,,,,0.00,,,CRAIGHEAD ST,,,,0.00,Y,T-Intersection,N,Intersection,None,,,         ,Earl,Davis,Cloudy,Angle,no,no,no,no,no,False
103130752,METROPOLITAN NASHVILLE POLICE DEPT,20210569665,Davidson,Nashville,11/3/2021 11:33:00 AM,2,0,0,36.113770,-86.771920,I440 E ENT RAMP,,,,0.00,,,I 65,,,,0.00,Y,OTHER, ,Intersection-Related,None,,,         ,Earl,Davis,Cloudy,"Sideswipe, Same Direction",no,no,no,no,no,False
103130755,METROPOLITAN NASHVILLE POLICE DEPT,20210569586,Davidson,Nashville,11/3/2021 11:38:00 AM,2,0,0,36.156810,-86.771900,PEABODY ST,,,,0.00,,,2ND AVS,,,,0.00,Y,Four-Way, ,Intersection,None,,,         ,Wesley,Young,Clear,"Sideswipe, Same Direction",no,no,no,no,no,False
103130756,METROPOLITAN NASHVILLE POLICE DEPT,20210569627,Davidson,Nashville,11/3/2021 11:53:00 AM,2,0,0,36.150550,-86.770170,I40 E EXT RAMP,,,,0.00,Feet,East,I 40,,,,0.00,N,Not at Intersection, ,Non-Junction,None,,,         ,Todd,Watson,Clear,"Sideswipe, Same Direction",no,no,no,no,no,False
103130801,METROPOLITAN NASHVILLE POLICE DEPT,20210569606,Davidson,Nashville,11/3/2021 11:46:00 AM,2,2,0,36.236700,-86.724460,GALLATIN PKES,,,,20.00,Feet,North,GALLATIN PKE NB EXT RAMP,,,,0.00,N,Not at Intersection,N,Non-Junction,None,,,         ,John,Braxton,Cloudy,"Sideswipe, Same Direction",no,no,no,no,no,False
103130807,METROPOLITAN NASHVILLE POLICE DEPT,20210569749,Davidson,Nashville,11/3/2021 12:00:00 AM,2,0,0,36.035450,-86.664180,SHIRE DR,,,,43.00,Feet,East,OLD FOREST RD,,,,0.00,N,Not at Intersection,N,Non-Junction,None,,,         ,Joe,Hooper,Unknown,"Sideswipe, Same Direction",no,no,no,no,yes,False
103130821,METROPOLITAN NASHVILLE POLICE DEPT,20210569689,Davidson,Nashville,11/3/2021 12:00:00 AM,2,0,0,36.168820,-86.684550,LEBANON PKE,,,,0.00,,,THE CROSSINGS PVTDR,,,,0.00,Y,OTHER, ,"Driveway, Alley Access, etc",None,,,         ,Joshua,Reece,Clear,Angle,no,no,no,no,no,False
103130828,METROPOLITAN NASHVILLE POLICE DEPT,20210569595,Davidson,Nashville,11/3/2021 11:40:00 AM,2,0,0,36.089850,-86.721580,ELYSIAN FIELDS RD,,,,184.00,Feet,West,DEWAIN DR,,,,0.00,N,Not at Intersection,N,Unknown,None,,,         ,Lee,Davis,Cloudy,Front to Rear,no,no,no,no,no,False
103130843,METROPOLITAN NASHVILLE POLICE DEPT,20210569667,Davidson,Nashville,11/3/2021 12:26:00 PM,2,0,0,36.129300,-86.904350,CHARLOTTE PKE,,,,0.00,Feet,,CHARLOTTE PKE PVTDR,,,,0.00,Y,T-Intersection, ,Intersection,None,,,         ,Jack,Crouch,Cloudy,Angle,no,no,no,no,no,False
103130852,METROPOLITAN NASHVILLE POLICE DEPT,20210569406,Davidson,Nashville,11/3/2021 9:09:00 AM,2,0,0,36.196050,-86.835160,CLARKSVILLE PKE,,,,0.00,Feet,,ASHTON AV,,,,0.00,Y,Four-Way,N,Intersection,Construction Zone,Laneclosure,Activity Area,         ,Nicholas,Hoffmann,Cloudy,Angle,no,no,no,no,no,False
103130862,METROPOLITAN NASHVILLE POLICE DEPT,20210569713,Davidson,Nashville,11/3/2021 12:09:00 PM,2,0,0,36.044160,-86.714050,BRENTWOOD EAST DR,,,,273.00,Feet,West,NOLENSVILLE PKE,,,,0.00,N,Not at Intersection,N,Non-Junction,None,,,         ,Steven,Powers,Cloudy,Angle,no,no,no,no,yes,False
103130887,TENNESSEE STATE UNIVERSITY ,21-TSU-39891,Davidson,Nashville,11/3/2021 11:40:00 AM,2,0,0,36.163650,-86.787140,CHARLOTTE AV,,,,166.00,Feet,East,ROSA L PARKS BLVD,,,,0.00,N,Not at Intersection,N,Non-Junction,None,,,         ,Inice,Wagner,Cloudy,Other,no,no,no,yes,no,False
103130926,METROPOLITAN NASHVILLE POLICE DEPT,20210569845,Davidson,Nashville,11/3/2021 2:39:00 PM,2,1,0,36.168790,-86.775930,JAMES ROBERTSON PKWY,,,,495.00,Feet,East,GAY ST,,,,0.00,N,Not at Intersection,N,Non-Junction,None,,,         ,Gabriel,Vasquez,Clear,Angle,no,no,no,no,no,False
103130934,METROPOLITAN NASHVILLE POLICE DEPT,20210569848,Davidson,Nashville,11/3/2021 1:00:00 PM,1,0,0,36.152310,-86.844590,48TH AVN,,,,0.00,,,,,,,0.00,,,N,OtherLocation,None,,,         ,Kyle,Lund,Cloudy,Not Collision with Motor Vehicle in Transport,yes,no,no,yes,yes,False
103130942,METROPOLITAN NASHVILLE POLICE DEPT,20210568696,Davidson,Nashville,11/2/2021 10:07:00 PM,2,1,0,36.143340,-86.686610,I 40,,,,0.00,,,,,,,215.45,N,Not at Intersection,N,Non-Junction,Maintenance Zone,Laneclosure,Advanced Warning Area,         ,Douglas,Mann,Clear,Front to Rear,no,no,no,no,no,False
103130951,METROPOLITAN NASHVILLE POLICE DEPT,20210569871,Davidson,OTHER,11/3/2021 12:55:00 PM,3,0,0,36.050190,-86.607310,PIN HOOK RD,,,,345.00,Feet,West,GROVEDALE TRC,,,,0.00,N,Not at Intersection,N,Non-Junction,None,,,         ,Joseph,Hurst,Clear,Rear to Rear,no,no,no,no,yes,False
103130959,METROPOLITAN NASHVILLE POLICE DEPT,20210569851,Davidson,Nashville,11/3/2021 2:25:00 PM,2,0,0,36.050490,-86.876680,OLD HICKORY BLVD,,,,0.00,,,CHICKERING RD,,,,0.00,Y,Four-Way, ,Intersection-Related,None,,,         ,Ryan,Papp,Cloudy,Angle,no,no,no,no,no,False
103130961,METROPOLITAN NASHVILLE POLICE DEPT,20210569896,Davidson,Nashville,11/3/2021 3:00:00 PM,3,0,0,36.168980,-86.810390,JEFFERSON ST,,,,234.00,Feet,West,21ST AVN,,,,0.00,N,Not at Intersection, ,Non-Junction,None,,,         ,Lucas,Thomas,Cloudy,Front to Rear,no,no,no,no,no,False
103130971,METROPOLITAN NASHVILLE POLICE DEPT,20210570022,Davidson,Nashville,11/3/2021 12:00:00 AM,2,0,0,36.177540,-86.606620,FRIST BLVD,,,,500.00,Feet,West,I40 W ENT RAMP,,,,0.00,N,Not at Intersection,N,Non-Junction,None,,,         ,Keenan,McCann,Cloudy,Rear to Rear,no,no,no,no,yes,False
103130972,METROPOLITAN NASHVILLE POLICE DEPT,20210569913,Davidson,Nashville,11/3/2021 2:35:00 PM,2,0,0,36.166840,-86.765080,I 24,,,,0.00,,,,,,,48.90,N,Not at Intersection,N,Non-Junction,None,,,         ,Roy,Sain Jr.,Cloudy,"Sideswipe, Same Direction",no,no,no,no,yes,False
103130978,METROPOLITAN NASHVILLE POLICE DEPT,20210569982,Davidson,Nashville,11/3/2021 3:25:00 PM,2,0,0,36.095970,-86.738120,ALLIED DR,,,,148.00,Feet,West,NOLENSVILLE PKE,,,,0.00,N,Not at Intersection, ,,None,,,         ,Darci,Stechman,,,no,no,no,yes,no,False
103130982,METROPOLITAN NASHVILLE POLICE DEPT,20210569946,Davidson,Antioch,11/3/2021 3:23:00 PM,2,0,0,36.015290,-86.620580,I24 W ENT RAMP,,,,16.00,Feet,East,I 24,,,,0.00,N,Not at Intersection, ,,None,,,         ,Beri,Scott,,,no,no,no,no,no,False
103130990,METROPOLITAN NASHVILLE POLICE DEPT,20210570021,Davidson,Nashville,11/3/2021 4:11:00 PM,3,2,0,36.110360,-86.770540,I440 ENT RAMP,,,,0.00,,,I 65,,,,0.00,Y,OTHER,N,Entrance/Exit Ramp Related,None,,,         ,Steven,Powers,Cloudy,Front to Rear,no,no,no,no,no,False
103130991,METROPOLITAN NASHVILLE POLICE DEPT,20210569989,Davidson,Not in City Limit,11/3/2021 3:50:00 PM,2,1,0,36.280840,-86.803280,I 24,,,,0.00,,,,,,,40.15,N,Not at Intersection,N,Non-Junction,None,,,         ,Keegan,Winchell,Cloudy,Front to Rear,no,no,no,no,no,False
103130992,METROPOLITAN NASHVILLE POLICE DEPT,20210569970,Davidson,Nashville,11/3/2021 3:45:00 PM,2,2,0,36.233130,-86.820890,BRILEY PKWY E EXT RAMP,,,,0.00,Feet,East,BRILEY PKWYE,,,,0.00,N,Not at Intersection,N,Non-Junction,None,,,         ,Keegan,Winchell,Cloudy,Front to Rear,no,no,no,no,no,False
103130998,METROPOLITAN NASHVILLE POLICE DEPT,20210570055,Davidson,Antioch,11/3/2021 4:42:00 PM,2,0,0,36.052460,-86.614610,MURFREESBORO PKE,,,,0.58,Miles,North,MOUNTAIN SPRINGS RD,,,,0.00,N,Not at Intersection, ,,None,,,         ,Beri,Scott,,,no,no,no,no,no,False
103131000,METROPOLITAN NASHVILLE POLICE DEPT,20210570118,Davidson,Nashville,11/3/2021 5:15:00 PM,2,0,0,36.140570,-86.723700,I 40,,,,0.00,,,,,,,213.55,N,Not at Intersection, ,,None,,,         ,Reagan,Heath,,,no,no,no,no,no,False
103131012,METROPOLITAN NASHVILLE POLICE DEPT,20210570035,Davidson,Nashville,11/3/2021 3:56:00 PM,2,0,0,36.104310,-86.815100,HILLSBORO PKE,,,,231.00,Feet,South,RICHARD JONES RD,,,,0.00,N,Not at Intersection, ,,None,,,         ,Terence,Mitchell,,,no,no,no,no,no,False
103131013,METROPOLITAN NASHVILLE POLICE DEPT,20210569991,Davidson,Nashville,11/3/2021 3:23:00 PM,2,0,0,36.044640,-86.659630,I24 E ENT RAMP,,,,0.00,Feet,East,I 24,,,,0.00,N,Not at Intersection,N,Non-Junction,None,,,         ,Beri,Scott,Clear,Front to Rear,no,no,no,no,yes,False
103131020,METROPOLITAN NASHVILLE POLICE DEPT,20210570151,Davidson,Nashville,11/3/2021 5:34:00 PM,2,0,0,36.110350,-86.770540,I440 ENT RAMP,,,,0.00,,,I 65,,,,0.00,Y,OTHER,N,Entrance/Exit Ramp Related,None,,,         ,Steven,Powers,Cloudy,Front to Rear,no,no,no,no,no,False
103131024,METROPOLITAN NASHVILLE POLICE DEPT,20210570148,Davidson,Nashville,11/3/2021 5:39:00 PM,2,0,0,36.154320,-86.742130,LEBANON PKE,,,,0.00,,,FESSLERS LN,,,,0.00,Y,T-Intersection,N,Intersection,None,,,         ,Douglas,Mann,Clear,Angle,no,no,no,no,no,False
103131026,METROPOLITAN NASHVILLE POLICE DEPT,20210570121,Davidson,Nashville,11/3/2021 5:21:00 PM,2,0,0,36.127550,-86.712200,MURFREESBORO PKE,,,,331.00,Feet,East,PHILFRE CT,,,,0.00,N,Not at Intersection,N,Non-Junction,None,,,         ,Joseph,Hurst,Clear,Angle,no,no,no,no,no,False
103131032,METROPOLITAN NASHVILLE POLICE DEPT,20210570114,Davidson,Nashville,11/3/2021 5:16:00 PM,2,1,0,36.245990,-86.721580,GALLATIN PKES,,,,278.00,Feet,South,BERKLEY DR,,,,0.00,N,Not at Intersection,N,Non-Junction,None,,,         ,David,Harms,Cloudy,Angle,no,no,no,no,no,False
103131034,METROPOLITAN NASHVILLE POLICE DEPT,20210570194,Davidson,Goodlettsville,11/3/2021 6:15:00 PM,1,1,0,36.292310,-86.701760,RIVERGATE STATION PVTDR,,,,55.00,Feet,West,RIVERGATE INDUSTRIAL PARK PVTD,,,,0.00,N,Not at Intersection,N,Non-Junction,None,,,         ,Connor,Hosey,Cloudy,Not Collision with Motor Vehicle in Transport,no,no,no,no,no,False
103131041,METROPOLITAN NASHVILLE POLICE DEPT,20210570199,Davidson,Not in City Limit,11/3/2021 6:18:00 PM,2,0,0,36.275050,-86.735420,I 65,,,,0.00,,,,,,,93.00,N,Not at Intersection, ,Non-Junction,None,,,         ,Paul,Hughes II,Clear,Front to Rear,no,no,no,no,no,False
103131042,METROPOLITAN NASHVILLE POLICE DEPT,20210570107,Davidson,Nashville,11/3/2021 12:00:00 AM,2,1,0,36.155390,-86.802300,20TH AVN,,,,35.00,Feet,North,PATTERSON ST,,,,0.00,N,Not at Intersection,N,Non-Junction,None,,,         ,Alex,Gibson,Clear,Angle,no,no,no,no,no,False
103131050,METROPOLITAN NASHVILLE POLICE DEPT,20210570018,Davidson,Nashville,11/3/2021 4:14:00 PM,2,1,0,36.073360,-86.637590,MURFREESBORO PKE,,,,514.00,Feet,South,RURAL HILL RD,,,,0.00,N,Not at Intersection,N,Non-Junction,None,,,         ,Beri,Scott,Clear,Front to Rear,no,no,no,no,no,False
103131055,METROPOLITAN NASHVILLE POLICE DEPT,20210570175,Davidson,Nashville,11/3/2021 6:00:00 PM,2,1,0,36.112570,-86.746090,NOLENSVILLE PKE,,,,56.00,Feet,South,MCCLAIN AV,,,,0.00,N,Not at Intersection,N,Non-Junction,None,,,         ,Timothy,Ward,Clear,Front to Rear,no,no,no,no,yes,False
103131070,METROPOLITAN NASHVILLE POLICE DEPT,20210570229,Davidson,Nashville,11/3/2021 12:00:00 AM,2,0,0,36.061350,-86.904070,OLD HICKORY BLVD,,,,390.00,Feet,South,HIGHWAY 100,,,,0.00,N,Not at Intersection,N,Non-Junction,None,,,         ,Maria,Reynolds,Clear,"Sideswipe, Opposite Direction",no,no,no,no,no,False
103131073,METROPOLITAN NASHVILLE POLICE DEPT,20210570188,Davidson,Nashville,11/3/2021 6:08:00 PM,2,2,0,36.109450,-86.728050,BRILEY PKWYN,,,,0.00,,,BRILEY PKWYS,,,,0.00,Y,Four-Way,N,Intersection,None,,,         ,Joseph,Hurst,Clear,HeadOn,no,no,no,no,no,False
103131085,METROPOLITAN NASHVILLE POLICE DEPT,20210570277,Davidson,Nashville,11/3/2021 6:45:00 PM,2,0,0,36.047520,-86.863500,OLD HICKORY BLVD,,,,239.00,Feet,West,HILLSBORO PKE,,,,0.00,N,Not at Intersection, ,Non-Junction,None,,,         ,Ryan,Papp,Clear,Front to Rear,no,no,no,no,no,False
103131089,METROPOLITAN NASHVILLE POLICE DEPT,20210570348,Davidson,Nashville,11/3/2021 6:27:00 PM,2,0,0,36.039580,-86.738300,OLD HICKORY BLVD,,,,183.00,Feet,West,MYRTLEWOOD DR,,,,0.00,N,Not at Intersection, ,Non-Junction,None,,,         ,Steven,Powers,Cloudy,Angle,no,no,no,no,no,False
103131096,METROPOLITAN NASHVILLE POLICE DEPT,20210570396,Davidson,Not in City Limit,11/3/2021 7:20:00 PM,1,0,0,36.325960,-86.854560,UNION HILL RD,,,,350.00,Feet,East,GARY RD,,,,0.00,N,Not at Intersection,N,Non-Junction,None,,,         ,Keegan,Winchell,Clear,Not Collision with Motor Vehicle in Transport,no,no,no,no,no,False
103131103,METROPOLITAN NASHVILLE POLICE DEPT,20210570243,Davidson,Antioch,11/3/2021 6:38:00 PM,3,2,0,36.042720,-86.606440,MURFREESBORO PKE,,,,60.00,Feet,South,HOBSON PKE,,,,0.00,N,Not at Intersection,N,Non-Junction,None,,,         ,Beri,Scott,Clear,Front to Rear,no,no,no,no,yes,False
103131142,METROPOLITAN NASHVILLE POLICE DEPT,20210570179,Davidson,Nashville,11/3/2021 5:58:00 PM,4,2,0,36.130930,-86.755860,NOLENSVILLE PKE,,,,0.00,Feet,,WOODYCREST AV,,,,0.00,Y,T-Intersection,N,Intersection,None,,,         ,Robert,Laboy,Clear,Front to Rear,no,no,no,no,no,False
103131154,METROPOLITAN NASHVILLE POLICE DEPT,20210570330,Davidson,Nashville,11/3/2021 5:33:00 PM,2,0,0,36.130910,-86.727050,I24E,,,,256.00,Feet,North,I24 W ENT RAMP,,,,0.00,N,Not at Intersection,N,Non-Junction,None,,,         ,Joseph,Hurst,Clear,Front to Rear,no,no,no,no,no,False
103131180,METROPOLITAN NASHVILLE POLICE DEPT,20210570353,Davidson,Nashville,11/3/2021 7:41:00 PM,2,0,0,36.149210,-86.774950,I 40,,,,0.00,,,,,,,210.10,N,Not at Intersection, ,Non-Junction,Construction Zone,,,         ,Christian,Landrum,Clear,"Sideswipe, Same Direction",no,no,no,no,no,False
103131184,METROPOLITAN NASHVILLE POLICE DEPT,20210570421,Davidson,Nashville,11/3/2021 6:10:00 PM,3,1,0,36.052800,-86.671640,I 24,,,,0.00,,,,,,,58.55,N,Not at Intersection,N,Non-Junction,None,,,         ,Joseph,Hurst,Clear,Front to Rear,no,no,no,no,no,False
103131202,METROPOLITAN NASHVILLE POLICE DEPT,20210570197,Davidson,Nashville,11/3/2021 5:25:00 PM,1,0,0,36.155930,-86.629200,I 40,,,,0.00,,,,,,,219.00,N,Not at Intersection, ,Non-Junction,None,,,         ,Christian,Vanders,Clear,Not Collision with Motor Vehicle in Transport,no,no,no,no,no,False
103131205,METROPOLITAN NASHVILLE POLICE DEPT,20210570482,Davidson,Nashville,11/3/2021 9:30:00 PM,2,0,0,36.052860,-86.672080,I 24,,,,0.00,,,,,,,58.50,N,Not at Intersection,N,Non-Junction,None,,,         ,Gary,Anderson,Clear,Front to Rear,no,no,no,no,yes,False
103131212,METROPOLITAN NASHVILLE POLICE DEPT,20210570318,Davidson,Nashville,11/3/2021 7:35:00 PM,2,1,0,36.241440,-86.757220,DICKERSON PKE,,,,3.00,Feet,North,BRILEY PKWY W ENT RAMP,,,,0.00,N,Not at Intersection,N,Non-Junction,None,,,         ,Brandon,Lopez,Clear,Angle,no,no,no,no,no,False
103131215,METROPOLITAN NASHVILLE POLICE DEPT,20210570481,Davidson,Nashville,11/3/2021 9:45:00 PM,2,1,0,36.205970,-86.776360,I 65,,,,0.00,,,,,,,87.25,N,Not at Intersection,Y,Entrance/Exit Ramp Related,None,,,         ,Cooper,HIll,Clear,"Sideswipe, Same Direction",no,no,no,no,no,False
103131217,METROPOLITAN NASHVILLE POLICE DEPT,20210562750,Davidson,Nashville,10/30/2021 12:44:00 AM,1,1,1,36.155210,-86.784770,DEMONBREUN ST,,,,97.00,Feet,East,11TH AVS,,,,0.00,N,Not at Intersection,N,Non-Junction,None,,,         ,Christopher,Valdez,Clear,Not Collision with Motor Vehicle in Transport,yes,no,no,no,no,False
103131227,METROPOLITAN NASHVILLE POLICE DEPT,20210570458,Davidson,Nashville,11/3/2021 9:35:00 PM,2,1,0,36.141630,-86.672610,I 40,,,,0.00,,,,,,,216.25,N,Not at Intersection,N,Non-Junction,None,,,         ,Douglas,Mann,Clear,"Sideswipe, Same Direction",no,no,no,no,no,False
103131229,METROPOLITAN NASHVILLE POLICE DEPT,20210570446,Davidson,Nashville,11/3/2021 12:00:00 AM,2,2,0,36.140900,-86.657850,I 40,,,,0.00,,,,,,,217.10,N,Not at Intersection,N,Non-Junction,Construction Zone,Laneclosure,Activity Area,         ,Keenan,McCann,Clear,Other,no,no,no,no,yes,False
103131234,METROPOLITAN NASHVILLE POLICE DEPT,20210570576,Davidson,Nashville,11/3/2021 11:07:00 PM,2,0,0,36.122610,-86.727400,I 24,,,,0.00,,,,,,,52.70,N,Not at Intersection,N,Non-Junction,None,,,         ,Joseph,Hurst,Clear,Front to Rear,no,no,no,no,yes,False
103131236,METROPOLITAN NASHVILLE POLICE DEPT,20210570479,Davidson,Nashville,11/3/2021 9:47:00 PM,2,0,0,36.237990,-86.728230,QUAIL CREEK CONDOMINIUMS PVTDR,,,,513.00,Feet,South,BRILEY PKWYW,,,,0.00,N,Not at Intersection, ,Non-Junction,None,,,         ,Joshua,Dodge,Clear,Front to Rear,no,no,no,yes,no,False
103131248,METROPOLITAN NASHVILLE POLICE DEPT,20210570538,Davidson,Nashville,11/3/2021 10:22:00 PM,2,0,0,36.151480,-86.751440,I 40,,,,0.00,,,,,,,211.50,N,Not at Intersection,N,Non-Junction,None,,,         ,Richard,Luellen,Clear,Angle,no,no,no,no,yes,False
103131251,GOODLETTSVILLE POLICE DEPT,21-30874,Davidson,Goodlettsville,11/3/2021 10:04:00 PM,2,1,0,36.327010,-86.706430,I 65,,,,0.00,,,,,,,97.20,N,Not at Intersection,N,Non-Junction,None,,,         ,Shane,Farrell,Clear,Front to Rear,no,no,no,no,no,False
103131254,METROPOLITAN NASHVILLE POLICE DEPT,2021-0567556,Davidson,Nashville,11/2/2021 12:00:00 AM,2,0,0,36.142350,-86.734980,I 40,,,,0.00,,,,,,,212.60,N,Not at Intersection, ,Non-Junction,None,,,         ,Frank,Walker,Cloudy,Front to Rear,no,no,no,no,yes,False