master_record_number,agency,agency_tracking_number,county,city,collision_date,vehicles_involved,number_injured,number_dead,latitude,longitude,roadway_name,roadway_suffix,roadway_number,roadway_local_id,distance_from_reference,miles-feet_indicator,direction_from_reference,intersection_road_name,intersection_road_name_suffix,intersection_road_number,intersection_local_id,mile_marker,intersection_indicator,intersect_type,interchange_related_indicator,relation_to_junction,work_zone_type,construction_maintenance_zone,construction_maintenance_zone_location,fatal_case_number,officer_first_name,officer_last_name,weather_condition(s),manner_of_crash,pedestrian,bicycle,scooter,parking,hitrun,mou
103131933,METROPOLITAN NASHVILLE POLICE DEPT,20210571758,Davidson,Nashville,11/4/2021 3:37:00 PM,4,0,0,36.176910,-86.774580,SPRING ST,,,,0.00,,,N 1ST ST,,,,0.00,Y,Four-Way,N,Intersection,None,,,         ,Daniel,Tomlinson,Clear,Angle,no,no,no,no,no,False
103131937,METROPOLITAN NASHVILLE POLICE DEPT,20210571910,Davidson,Nashville,11/4/2021 3:11:00 PM,2,0,0,36.121430,-86.755600,I440 E EXT RAMP,,,,0.00,,,I 440,,,,0.00,Y,OTHER,Y,OtherLocation,None,,,         ,Douglas,Sykes,Clear,Front to Rear,no,no,no,no,no,False
103131938,METROPOLITAN NASHVILLE POLICE DEPT,20210571943,Davidson,Nashville,11/4/2021 4:48:00 PM,2,0,0,36.143540,-86.878270,WILCLAY DR,,,,311.00,Feet,South,COUGAR DR,,,,0.00,N,Not at Intersection,N,Non-Junction,None,,,         ,Dylan,Colquhoun,Clear,Other,no,no,no,yes,no,False
103131940,METROPOLITAN NASHVILLE POLICE DEPT,20210572012,Davidson,Nashville,11/4/2021 6:05:00 PM,2,0,0,36.112710,-86.746170,NOLENSVILLE PKE,,,,0.00,,,MCCLAIN AV,,,,0.00,Y,T-Intersection,N,Intersection,None,,,         ,Steven,Powers,Clear,Angle,no,no,no,no,no,False
103131941,METROPOLITAN NASHVILLE POLICE DEPT,20210571994,Davidson,Nashville,11/4/2021 5:24:00 PM,1,0,0,36.168240,-86.782130,JAMES ROBERTSON PKWY,,,,0.00,,,GAY ST,,,,0.00,Y,Four-Way,N,Intersection,None,,,         ,Gabriel,Vasquez,Clear,Not Collision with Motor Vehicle in Transport,yes,no,no,no,no,False
103131951,BERRY HILL POLICE DEPT,21-3239,Davidson,Berry Hill,11/4/2021 12:00:00 AM,2,0,0,36.112300,-86.766760,THOMPSON LN,,,,75.00,Feet,East,BRANSFORD AV,,,,0.00,N,Not at Intersection, ,Non-Junction,None,,,         ,John,Gleixner,Clear,Front to Rear,no,no,no,no,no,False
103131970,METROPOLITAN NASHVILLE POLICE DEPT,20210571947,Davidson,Nashville,11/4/2021 5:22:00 PM,2,1,0,36.134540,-86.820320,I440 E ENT RAMP,,,,0.00,,,I 440,,,,0.00,Y,OTHER,Y,Entrance/Exit Ramp Related,None,,,         ,Matthew,Mrowiec,Clear,Front to Rear,no,no,no,no,no,False
103131973,METROPOLITAN NASHVILLE POLICE DEPT,20210571309,Davidson,Nashville,11/4/2021 9:34:00 AM,2,0,0,36.147930,-86.758500,LEWIS ST,,,,4.00,Feet,North,J C NAPIER CT,,,,0.00,N,Not at Intersection,N,Non-Junction,None,,,         ,Steven,Luckey,Clear,Front to Rear,no,no,no,no,no,False
103131980,METROPOLITAN NASHVILLE POLICE DEPT,20210571978,Davidson,Nashville,11/4/2021 5:55:00 PM,3,0,0,36.174120,-86.770450,I 24,,,,0.00,,,,,,,48.10,N,Not at Intersection,N,Non-Junction,None,,,         ,Justen,Ogle,Clear,Front to Rear,no,no,no,no,yes,False
103131982,METROPOLITAN NASHVILLE POLICE DEPT,20210572052,Davidson,Nashville,11/4/2021 6:31:00 PM,2,0,0,36.118300,-86.700320,MURFREESBORO PKE,,,,0.00,Feet,,BRILEY PKWYS,,,,0.00,Y,Four-Way,N,Intersection-Related,None,,,         ,Austin,Binner,Clear,Angle,no,no,no,no,no,False
103131984,METROPOLITAN NASHVILLE POLICE DEPT,20210572078,Davidson,Nashville,11/4/2021 6:20:00 PM,1,0,0,36.054950,-86.856650,HILLSBORO PKE,,,,1454.00,Feet,North,LITCHFIELD WAY,,,,0.00,N,Not at Intersection, ,Non-Junction,None,,,         ,Goran,Manojlovic,Clear,Not Collision with Motor Vehicle in Transport,no,no,no,no,no,False
103131985,METROPOLITAN NASHVILLE POLICE DEPT,20210572087,Davidson,Nashville,11/4/2021 6:50:00 PM,2,0,0,36.070030,-86.698800,HAYWOOD LN,,,,0.00,,,EAST RIDGE DR,,,,0.00,Y,Four-Way,N,Intersection,None,,,         ,Joseph,Hurst,Clear,Angle,no,no,no,no,yes,False
103131990,METROPOLITAN NASHVILLE POLICE DEPT,20210571946,Davidson,Nashville,11/4/2021 5:10:00 PM,4,2,0,36.144380,-86.694880,I 40,,,,0.00,,,,,,,215.00,N,Not at Intersection,N,Non-Junction,None,,,         ,Evan,Grace,Clear,Front to Rear,no,no,no,no,no,False
103131994,METROPOLITAN NASHVILLE POLICE DEPT,20210571849,Davidson,Nashville,11/4/2021 4:00:00 PM,2,1,0,36.215400,-86.588510,BIG HORN DR,,,,0.00,,,LEBANON PKE,,,,0.00,Y,Four-Way,N,Intersection-Related,None,,,         ,Zaire,Murray,Clear,"Sideswipe, Same Direction",no,no,no,no,no,False
103132008,METROPOLITAN NASHVILLE POLICE DEPT,20210572006,Davidson,Not in City Limit,11/4/2021 6:16:00 PM,2,2,0,36.263410,-86.683780,STATE RT 45,,,,143.00,Feet,East,LARKIN SPRINGS RD,,,,0.00,N,Not at Intersection,N,Non-Junction,None,,,         ,Derek,Sibley,Clear,Front to Rear,no,no,no,no,no,False
103132011,METROPOLITAN NASHVILLE POLICE DEPT,20210572164,Davidson,Not in City Limit,11/4/2021 12:00:00 AM,1,0,0,36.288020,-86.778490,HUNTERS LN,,,,587.00,Feet,East,BRICK CHURCH PKE,,,,0.00,N,Not at Intersection,N,Non-Junction,None,,,         ,Connor,Hosey,Clear,Not Collision with Motor Vehicle in Transport,no,no,no,no,no,False
103132013,METROPOLITAN NASHVILLE POLICE DEPT,20210572025,Davidson,Nashville,11/4/2021 6:16:00 PM,2,0,0,36.114920,-86.719980,GLENROSE AV,,,,125.00,Feet,West,EAST THOMPSON LN,,,,0.00,N,Not at Intersection, ,Non-Junction,None,,,         ,Beri,Scott,Clear,Angle,no,no,no,no,no,False
103132024,METROPOLITAN NASHVILLE POLICE DEPT,20210572024,Davidson,Nashville,11/4/2021 5:50:00 PM,2,0,0,36.171960,-86.591670,CENTRAL PKE,,,,0.00,,,VALLEY GROVE DR,,,,0.00,Y,T-Intersection,N,Intersection-Related,None,,,         ,Zaire,Murray,Clear,Front to Rear,no,no,no,no,no,False
103132048,METROPOLITAN NASHVILLE POLICE DEPT,20210571919,Davidson,Nashville,11/4/2021 11:45:00 AM,2,0,0,36.148640,-86.745800,I 40,,,,0.00,,,,,,,211.90,N,Not at Intersection, ,Entrance/Exit Ramp Related,None,,,         ,Douglas,Mann,Clear,"Sideswipe, Same Direction",no,no,no,no,no,False
103132058,METROPOLITAN NASHVILLE POLICE DEPT,20210571897,Davidson,Nashville,11/4/2021 5:12:00 PM,3,1,0,36.122680,-86.773030,I 65,,,,0.00,,,,,,,80.60,N,Not at Intersection,N,Non-Junction,None,,,         ,Gregory,Rdzok,Clear,Front to Rear,no,no,no,no,no,False
103132065,METROPOLITAN NASHVILLE POLICE DEPT,20210572070,Davidson,Nashville,11/4/2021 6:59:00 PM,2,1,0,36.134320,-86.780880,WEDGEWOOD AV,,,,31.00,Feet,East,ACKLEN AV,,,,0.00,N,Not at Intersection,N,Non-Junction,None,,,         ,Robert,Laboy,Clear,Angle,no,no,no,no,no,False
103132070,METROPOLITAN NASHVILLE POLICE DEPT,20210571856,Davidson,Nashville,11/4/2021 4:43:00 PM,2,0,0,36.112350,-86.687720,MURFREESBORO PKE,,,,429.00,Feet,East,MCGAVOCK PKE,,,,0.00,N,Not at Intersection,N,Non-Junction,None,,,         ,Jeffrey,Palomino-Gonzalez,Clear,Front to Rear,no,no,no,no,no,False
103132083,METROPOLITAN NASHVILLE POLICE DEPT,20210571828,Davidson,Nashville,11/4/2021 4:20:00 PM,2,0,0,36.109490,-86.811680,HILLSBORO PKE,,,,142.00,Feet,North,CRESTMOOR RD,,,,0.00,N,Not at Intersection, ,Non-Junction,None,,,         ,Peyton,Wheatley,Clear,Front to Rear,no,no,no,no,yes,False
103132084,METROPOLITAN NASHVILLE POLICE DEPT,20210572239,Davidson,Nashville,11/4/2021 8:37:00 PM,1,0,0,36.213440,-86.763160,DELLWAY VILLA RD,,,,404.00,Feet,East,DICKERSON PKE,,,,0.00,N,Not at Intersection,N,Non-Junction,None,,,         ,Randy,Puckett,Clear,Not Collision with Motor Vehicle in Transport,no,no,no,yes,yes,False
103132100,METROPOLITAN NASHVILLE POLICE DEPT,20210572039,Davidson,Nashville,11/4/2021 6:40:00 PM,3,1,0,36.214610,-86.604660,LEBANON PKE,,,,0.00,,,SHUTE LN,,,,0.00,Y,T-Intersection,N,Intersection,None,,,         ,Douglas,Mann,Clear,Angle,no,no,no,no,no,False
103132104,METROPOLITAN NASHVILLE POLICE DEPT,20210572237,Davidson,Nashville,11/4/2021 12:00:00 AM,2,0,0,36.220650,-86.726840,GALLATIN PIKE,,,,0.00,,,VIRGINIA AVE,,,,0.00,Y,T-Intersection,N,Unknown,None,,,         ,Derek,Garcia,Clear,Unknown,no,no,no,no,yes,False
103132117,METROPOLITAN NASHVILLE POLICE DEPT,20210572230,Davidson,Not in City Limit,11/4/2021 8:25:00 PM,2,0,0,36.073910,-86.926270,HICKS RD,,,,0.00,,,HIGHWAY 70S,,,,0.00,Y,Four-Way, ,Intersection,None,,,         ,Michael,Sipos,Clear,Angle,no,no,no,no,no,False
103132118,METROPOLITAN NASHVILLE POLICE DEPT,20210563830,Davidson,Nashville,10/30/2021 8:45:00 PM,2,3,0,36.187900,-86.798520,DOMINICAN DR,,,,14.00,Feet,West,ROSA L PARKS BLVD,,,,0.00,N,Not at Intersection,Y,Non-Junction,None,,,         ,Rachel,Susee,"Cloudy, Rain",Angle,no,no,no,no,yes,False
103132119,METROPOLITAN NASHVILLE POLICE DEPT,20210572028,Davidson,Nashville,11/4/2021 5:40:00 PM,3,0,0,36.159410,-86.796720,CHARLOTTE AV,,,,34.00,Feet,West,16TH AVN,,,,0.00,N,Not at Intersection,N,Non-Junction,None,,,         ,Rachel,Susee,Clear,Front to Rear,no,no,no,no,yes,False
103132153,METROPOLITAN NASHVILLE POLICE DEPT,20210572118,Davidson,Nashville,11/4/2021 6:38:00 PM,2,0,0,36.186720,-86.582320,N NEW HOPE RD,,,,419.00,Feet,East,LANDINGS WAY,,,,0.00,N,Not at Intersection,N,Non-Junction,None,,,         ,Mary,Robinson,Clear,Front to Rear,no,no,no,no,yes,False
103132178,METROPOLITAN NASHVILLE POLICE DEPT,20210572343,Davidson,Nashville,11/4/2021 9:46:00 PM,2,0,0,36.205890,-86.768610,E TRINITY LN,,,,0.00,Feet,,DICKERSON PKE,,,,0.00,Y,Four-Way, ,Intersection,None,,,         ,Zachary,Cooper,Clear,"Sideswipe, Same Direction",no,no,no,no,no,False
103132199,METROPOLITAN NASHVILLE POLICE DEPT,20210572402,Davidson,Nashville,11/4/2021 11:15:00 PM,2,0,0,36.158280,-86.791900,14TH AVN,,,,155.00,Feet,North,I40 E EXT RAMP,,,,0.00,N,Not at Intersection, ,,None,,,         ,Michael,Hodges,,,no,no,no,no,no,False
103132203,METROPOLITAN NASHVILLE POLICE DEPT,20210572338,Davidson,Nashville,11/4/2021 5:34:00 PM,2,0,0,36.145950,-86.666600,ROYAL PKWY,,,,0.00,,,DONELSON PKE,,,,0.00,Y,Four-Way,Y,Intersection-Related,None,,,         ,Randall,Ward,Clear,"Sideswipe, Same Direction",no,no,no,no,yes,False
103132204,METROPOLITAN NASHVILLE POLICE DEPT,20210572440,Davidson,Not in City Limit,11/4/2021 7:00:00 AM,2,0,0,36.262600,-86.691190,OLD HICKORY APTS PVTDR,,,,0.00,,,RANDY RD,,,,0.00,Y,OTHER,N,"Driveway, Alley Access, etc",None,,,         ,Reuben,Hewit,Clear,Other,no,no,no,yes,yes,False
103132206,METROPOLITAN NASHVILLE POLICE DEPT,20210572454,Davidson,Nashville,11/5/2021 12:01:00 AM,2,0,0,36.150710,-86.666560,ALLEN RD,,,,0.00,,,DONELSON PKE,,,,0.00,Y,Four-Way,Y,Intersection,None,,,         ,Randall,Ward,Clear,Angle,no,no,no,no,no,False
103132211,METROPOLITAN NASHVILLE POLICE DEPT,20210572362,Davidson,Nashville,11/4/2021 10:50:00 PM,2,0,0,36.206780,-86.781060,W TRINITY LN,,,,14.00,Feet,West,SCRUGGS LN,,,,0.00,N,Not at Intersection,N,Non-Junction,None,,,         ,Rachel,Susee,Clear,Angle,no,no,no,no,no,False
103132212,METROPOLITAN NASHVILLE POLICE DEPT,20210571987,Davidson,Nashville,11/4/2021 6:07:00 PM,2,1,0,36.158410,-86.791570,I40 E EXT RAMP,,,,0.00,Feet,East,I 40,,,,0.00,N,Not at Intersection,N,Non-Junction,None,,,         ,Nicholas,Carroll,Clear,Front to Rear,no,no,no,no,no,False
103132216,METROPOLITAN NASHVILLE POLICE DEPT,20210572509,Davidson,Nashville,11/5/2021 12:42:00 AM,2,0,0,36.141620,-86.672450,I 40,,,,0.00,,,,,,,216.25,N,Not at Intersection,N,Non-Junction,None,,,         ,Jacob,Snyder,Cloudy,Angle,no,no,no,no,no,False
103132227,METROPOLITAN NASHVILLE POLICE DEPT,20210572572,Davidson,Nashville,11/5/2021 1:48:00 AM,1,0,0,36.046110,-86.660740,I24 E EXT RAMP,,,,0.00,Feet,East,I 24,,,,0.00,N,Not at Intersection,N,Entrance/Exit Ramp Related,None,,,         ,Garrett,Reingardt,Clear,Not Collision with Motor Vehicle in Transport,no,no,no,no,no,False
103132229,METROPOLITAN NASHVILLE POLICE DEPT,20210572679,Davidson,Nashville,11/5/2021 3:05:00 AM,1,0,0,36.106400,-86.716550,DRUMMOND DR,,,,853.00,Feet,West,AVERITT EXPRESS DR,,,,0.00,N,Not at Intersection,N,Non-Junction,None,,,         ,Garrett,Reingardt,Clear,Not Collision with Motor Vehicle in Transport,no,no,no,no,yes,False
103132231,THP District 9 - Administrative,321073793,Davidson,Nashville,11/4/2021 9:05:00 PM,2,0,0,36.170310,-86.600160,I 40,,,,0.00,,,,,,,220.90,N,Not at Intersection, ,,Work Zone,,,         ,William,Bennett,,,no,no,no,no,no,False
103132261,METROPOLITAN NASHVILLE POLICE DEPT,20210572690,Davidson,Nashville,11/5/2021 3:37:00 AM,1,0,0,36.069980,-86.698200,HAYWOOD LN,,,,177.00,Feet,East,EAST RIDGE DR,,,,0.00,N,Not at Intersection,N,Non-Junction,None,,,         ,Lisa,Beck,Clear,Not Collision with Motor Vehicle in Transport,no,no,no,no,yes,False
103132263,METROPOLITAN NASHVILLE POLICE DEPT,20210572760,Davidson,Nashville,11/5/2021 4:54:00 AM,2,0,0,36.045080,-86.659350,BELL RD,,,,126.00,Feet,East,I24 E ENT RAMP,,,,0.00,N,Not at Intersection, ,,None,,,         ,D’Mitri,Mackall,,,no,no,no,no,no,False
103132297,GOODLETTSVILLE POLICE DEPT,21-30934,Davidson,Goodlettsville,11/4/2021 5:44:00 AM,2,1,0,36.296310,-86.715520,I 65,,,,0.00,,,,,,,94.80,N,Not at Intersection,N,Non-Junction,None,,,         ,Jennifer,Hancock,Clear,Front to Rear,no,no,no,no,no,False
103132316,METROPOLITAN NASHVILLE POLICE DEPT,20210571625,Davidson,Nashville,11/4/2021 2:17:00 PM,1,0,0,36.135590,-86.761570,WINGROVE ST,,,,450.00,Feet,West,NOLENSVILLE PKE,,,,0.00,N,Not at Intersection,N,Non-Junction,None,,,         ,Earl,Davis,Clear,Not Collision with Motor Vehicle in Transport,no,no,no,no,yes,False
103132335,METROPOLITAN NASHVILLE POLICE DEPT,20210572836,Davidson,Nashville,11/5/2021 6:55:00 AM,2,0,0,36.158410,-86.790610,GEORGE L DAVIS BLVD,,,,0.00,Feet,East,CHURCH ST,,,,0.00,N,Not at Intersection,N,Non-Junction,None,,,         ,Gregory,Scott,Clear,"Sideswipe, Same Direction",no,no,no,no,yes,False
103132339,METROPOLITAN NASHVILLE POLICE DEPT,20210572851,Davidson,Nashville,11/5/2021 7:02:00 AM,2,0,0,36.130850,-86.897790,I40 E EXT RAMP,,,,0.00,Feet,East,I 40,,,,0.00,N,Not at Intersection, ,Entrance/Exit Ramp Related,None,,,         ,Charles,Agius,Clear,Front to Rear,no,no,no,no,no,False
103132340,METROPOLITAN NASHVILLE POLICE DEPT,20210572812,Davidson,Nashville,11/5/2021 6:20:00 AM,2,1,0,36.052200,-86.743090,EDMONDSON PKE,,,,0.00,,,HUNTINGTON PKWY,,,,0.00,Y,T-Intersection,N,Intersection,None,,,         ,Bobby,Ehman,Clear,HeadOn,no,no,no,no,no,False
103132341,METROPOLITAN NASHVILLE POLICE DEPT,20210572830,Davidson,Nashville,11/5/2021 6:46:00 AM,2,0,0,36.069860,-86.685980,HAYWOOD LN,,,,110.00,Feet,West,BAKERTOWN RD,,,,0.00,N,Not at Intersection, ,Non-Junction,None,,,         ,Joe,Hooper,Clear,Angle,no,no,no,no,no,False
103132343,METROPOLITAN NASHVILLE POLICE DEPT,20210572927,Davidson,Not in City Limit,11/5/2021 12:00:00 AM,2,0,0,36.284600,-86.701070,GLOBE PL,,,,170.00,Feet,South,DINWIDDIE DR,,,,0.00,N,Not at Intersection,N,Non-Junction,None,,,         ,Christopher,Littles,Clear,Rear to Rear,no,no,no,yes,yes,False
103132360,METROPOLITAN NASHVILLE POLICE DEPT,20210572896,Davidson,Nashville,11/5/2021 7:37:00 AM,3,0,0,36.072010,-86.691290,I 24,,,,0.00,,,,,,,56.80,N,Not at Intersection, ,Non-Junction,None,,,         ,Joe,Hooper,Clear,Front to Rear,no,no,no,no,no,False
103132377,VANDERBILT UNIVERSITY POLICE,20210572920,Davidson,Nashville,11/5/2021 7:40:00 AM,2,0,0,36.140180,-86.804230,PIERCE AV,,,,0.00,,,,,,,0.00,,, ,,None,,,         ,Scott,Johnson,,,no,no,no,yes,no,Campus
103132382,METROPOLITAN NASHVILLE POLICE DEPT,20210572951,Davidson,Nashville,11/5/2021 7:30:00 AM,2,1,0,36.158840,-86.794170,15TH AVN,,,,90.00,Feet,North,HYNES ST,,,,0.00,N,Not at Intersection,N,Non-Junction,None,,,         ,Earl,Davis,Clear,HeadOn,no,no,no,no,no,False
103132399,METROPOLITAN NASHVILLE POLICE DEPT,20210572903,Davidson,Nashville,11/5/2021 7:39:00 AM,2,0,0,36.160110,-86.838780,43RD AVN,,,,390.00,Feet,South,ALBION ST,,,,0.00,N,Not at Intersection, ,Non-Junction,None,,,         ,Jeffery,Leiser,Clear,Front to Rear,no,no,no,no,no,False
103132413,METROPOLITAN NASHVILLE POLICE DEPT,20210573042,Davidson,Nashville,11/5/2021 9:15:00 AM,2,0,0,36.096860,-86.654020,SMITH SPRINGS RD,,,,161.00,Feet,East,OLD MURFREESBORO PKE,,,,0.00,N,Not at Intersection,N,Non-Junction,None,,,         ,Tyler,Hall,Clear,"Sideswipe, Opposite Direction",no,no,no,no,yes,False
103132416,METROPOLITAN NASHVILLE POLICE DEPT,20210573076,Davidson,Nashville,11/5/2021 9:52:00 AM,2,0,0,36.119620,-86.753560,MELROSE AV,,,,0.00,,,CRUZEN ST,,,,0.00,Y,Four-Way,N,Intersection,None,,,         ,Earl,Davis,Clear,Angle,no,no,no,no,no,False
103132418,METROPOLITAN NASHVILLE POLICE DEPT,20210573059,Davidson,Not in City Limit,11/5/2021 9:41:00 AM,2,1,0,36.264150,-86.735660,I65 N EXT RAMP,,,,0.00,,,OLD HICKORY BLVDW,,,,0.00,Y,T-Intersection,N,Entrance/Exit Ramp Related,None,,,         ,Christopher,Littles,Clear,Front to Rear,no,no,no,no,no,False
103132419,METROPOLITAN NASHVILLE POLICE DEPT,20210572953,Davidson,Nashville,11/5/2021 8:27:00 AM,2,0,0,36.202360,-86.776850,I 65,,,,0.00,,,,,,,87.00,N,Not at Intersection, ,Non-Junction,None,,,         ,James,Wray,Clear,Front to Rear,no,no,no,no,no,False
103132420,METROPOLITAN NASHVILLE POLICE DEPT,20210572979,Davidson,Nashville,11/5/2021 8:30:00 AM,1,1,0,36.052080,-86.753370,BROADWELL DR,,,,456.00,Feet,West,SAN MARCOS DR,,,,0.00,N,Not at Intersection,N,Non-Junction,Utility Zone,Work On Shoulder Or Median,Activity Area,         ,Paxton,Montgomery,Clear,Not Collision with Motor Vehicle in Transport,yes,no,no,no,no,False
103132447,METROPOLITAN NASHVILLE POLICE DEPT,20210573018,Davidson,Nashville,11/5/2021 8:55:00 AM,2,0,0,36.187920,-86.798480,ROSA L PARKS BLVD,,,,0.00,,,DOMINICAN DR,,,,0.00,Y,Four-Way, ,Intersection,None,,,         ,David,Kmosko,Clear,Angle,no,no,no,no,no,False
103132459,METROPOLITAN NASHVILLE POLICE DEPT,20210573129,Davidson,Nashville,11/5/2021 10:17:00 AM,2,0,0,36.086680,-86.691630,ANTIOCH PKE,,,,325.00,Feet,South,HARDING PL,,,,0.00,N,Not at Intersection, ,Non-Junction,None,,,         ,Joe,Hooper,Clear,Angle,no,no,no,no,no,False
103132472,METROPOLITAN NASHVILLE POLICE DEPT,20210573151,Davidson,Nashville,11/5/2021 10:21:00 AM,3,1,0,36.039810,-86.815090,OLD HICKORY BLVD,,,,300.00,Feet,East,GRANNY WHITE PKE,,,,0.00,N,Not at Intersection,N,Non-Junction,None,,,         ,Earl,Davis,Clear,Front to Rear,no,no,no,no,yes,False
103132494,METROPOLITAN NASHVILLE POLICE DEPT,20210573160,Davidson,Nashville,11/5/2021 10:56:00 AM,2,0,0,36.109940,-86.720340,I24 W EXT RAMP,,,,0.00,,,I 24,,,,0.00,Y,T-Intersection, ,Entrance/Exit Ramp Related,None,,,         ,Christopher,Augustin,Clear,Angle,no,no,no,no,no,False
103132529,METROPOLITAN NASHVILLE POLICE DEPT,20210573250,Davidson,Nashville,11/5/2021 12:09:00 PM,2,0,0,36.111680,-86.754420,EUGENIA AV,,,,175.00,Feet,North,THOMPSON LN,,,,0.00,N,Not at Intersection,N,Non-Junction,None,,,         ,Earl,Davis,Clear,Angle,no,no,no,no,yes,False
103132544,METROPOLITAN NASHVILLE POLICE DEPT,20210573205,Davidson,Nashville,11/5/2021 11:36:00 AM,2,0,0,36.181080,-86.774480,I 24,,,,0.00,,,,,,,47.60,N,Not at Intersection,N,Non-Junction,None,,,         ,Daniel,Carney,Clear,Front to Rear,no,no,no,no,no,False
103132551,METROPOLITAN NASHVILLE POLICE DEPT,20210573194,Davidson,Not in City Limit,11/5/2021 10:28:00 AM,2,0,0,36.318390,-86.840910,I 24,,,,0.00,,,,,,,36.65,N,Not at Intersection, ,Non-Junction,None,,,         ,Ronald,Bright,Clear,Front to Rear,no,no,no,no,no,False
103132571,METROPOLITAN NASHVILLE POLICE DEPT,20210573321,Davidson,Nashville,11/5/2021 12:40:00 PM,2,0,0,36.064890,-86.746770,HOGAN RD,,,,700.00,Feet,East,ELLINGTON AG CENTER PVTDR,,,,0.00,N,Not at Intersection,N,Non-Junction,None,,,         ,Earl,Davis,Clear,Rear to Side,no,no,no,yes,yes,False
103132607,METROPOLITAN NASHVILLE POLICE DEPT,20210573269,Davidson,Nashville,11/5/2021 12:24:00 PM,2,0,0,36.244730,-86.762040,SKYLINE COMMONS PVTDR,,,,289.00,Feet,South,DOVERSIDE DR,,,,0.00,N,Not at Intersection, ,Non-Junction,None,,,         ,Christopher,Littles,Clear,Angle,no,no,no,yes,no,False
103132625,METROPOLITAN NASHVILLE POLICE DEPT,20210573238,Davidson,Nashville,11/5/2021 12:00:00 PM,2,0,0,36.072610,-86.691660,I 24,,,,0.00,,,,,,,56.75,N,Not at Intersection, ,Non-Junction,None,,,         ,Christopher,Gooding,Clear,Front to Rear,no,no,no,no,no,False
103132652,METROPOLITAN NASHVILLE POLICE DEPT,20210573359,Davidson,Nashville,11/5/2021 1:09:00 PM,2,0,0,36.142410,-86.815710,WEST END AV,,,,100.00,Feet,South,31ST AVN,,,,0.00,N,Not at Intersection,N,Non-Junction,None,,,         ,Earl,Davis,Clear,Front to Rear,no,no,no,no,yes,Campus
103132653,METROPOLITAN NASHVILLE POLICE DEPT,20210573005,Davidson,Nashville,11/5/2021 7:43:00 AM,2,0,0,36.121510,-86.758410,,,I440 E,,7.00,Miles,East,,,,,7.00,N,Not at Intersection,N,Non-Junction,None,,,         ,Robert,Higgins,Clear,Front to Rear,no,no,no,no,yes,False
103132654,METROPOLITAN NASHVILLE POLICE DEPT,20210573178,Davidson,Nashville,11/5/2021 11:10:00 AM,1,0,0,36.083930,-86.699000,I24 E ENT RAMP,,,,0.00,Feet,East,I 24,,,,0.00,N,Not at Intersection,N,Non-Junction,None,,,         ,Robert,Higgins,Clear,Not Collision with Motor Vehicle in Transport,no,no,no,no,no,False
103132655,METROPOLITAN NASHVILLE POLICE DEPT,20210573196,Davidson,Nashville,11/5/2021 11:29:00 AM,2,0,0,36.193210,-86.617010,OLD HICKORY BLVD,,,,66.00,Feet,South,HERMITAGE MARKETPLACE PVTDR,,,,0.00,N,Not at Intersection,N,Non-Junction,None,,,         ,Michael,Brooks,Clear,Front to Rear,no,no,no,no,yes,False
103132656,METROPOLITAN NASHVILLE POLICE DEPT,20210572829,Davidson,Antioch,11/5/2021 6:39:00 AM,2,0,0,36.058180,-86.596830,HAMILTON CHURCH RD,,,,305.00,Feet,East,HAMILTON CIR,,,,0.00,N,Not at Intersection, ,Non-Junction,None,,,         ,Matthew,Jorgensen,Clear,Angle,no,no,no,no,no,False
103132660,METROPOLITAN NASHVILLE POLICE DEPT,20210573341,Davidson,Nashville,11/5/2021 1:06:00 PM,2,0,0,36.118860,-86.718560,CURREY RD,,,,20.00,Feet,East,EAST THOMPSON LN,,,,0.00,N,Not at Intersection, ,Non-Junction,None,,,         ,Joe,Hooper,Clear,Front to Rear,no,no,no,no,no,False
103132663,METROPOLITAN NASHVILLE POLICE DEPT,20210573254,Davidson,Nashville,11/5/2021 12:05:00 PM,2,0,0,36.124550,-86.847230,WOODMONT BLVD,,,,197.00,Feet,South,WHITE BRIDGE PKE,,,,0.00,N,Not at Intersection, ,Non-Junction,None,,,         ,Douglas,Atwood,Clear,Angle,no,no,no,no,no,False
103132720,METROPOLITAN NASHVILLE POLICE DEPT,20210573300,Davidson,Nashville,11/5/2021 12:54:00 PM,2,0,0,36.154140,-86.770130,2ND AVS,,,,0.00,Feet,,ELM ST,,,,0.00,Y,T-Intersection,N,Intersection-Related,None,,,         ,Joshua,Reece,Clear,Angle,no,no,no,no,no,False
103132741,METROPOLITAN NASHVILLE POLICE DEPT,20210573351,Davidson,Nashville,11/5/2021 1:15:00 PM,2,0,0,36.124040,-86.848970,ROYAL OAKS CONDOS PVTDR,,,,0.00,,,HARDING PKE,,,,0.00,Y,Four-Way, ,Intersection,None,,,         ,Brian,Quigley,Clear,Front to Rear,no,no,no,no,no,False
103132778,METROPOLITAN NASHVILLE POLICE DEPT,20210573396,Davidson,Nashville,11/5/2021 2:16:00 PM,2,1,0,36.169770,-86.673060,LEBANON PKE,,,,0.00,,,OLD LEBANON PKE,,,,0.00,Y,T-Intersection,N,Intersection-Related,None,,,         ,Patrick,Lancaster,Clear,Angle,no,no,no,no,no,False
103132785,METROPOLITAN NASHVILLE POLICE DEPT,20210573450,Davidson,Nashville,11/5/2021 2:59:00 PM,2,1,0,36.192290,-86.687460,BRILEY PKWY S EXT RAMP,,,,0.00,Feet,East,BRILEY PKWYS,,,,0.00,N,Not at Intersection,N,Non-Junction,None,,,         ,Evan,Grace,Clear,Front to Rear,no,no,no,no,no,False