master_record_number,agency,agency_tracking_number,county,city,collision_date,vehicles_involved,number_injured,number_dead,latitude,longitude,roadway_name,roadway_suffix,roadway_number,roadway_local_id,distance_from_reference,miles-feet_indicator,direction_from_reference,intersection_road_name,intersection_road_name_suffix,intersection_road_number,intersection_local_id,mile_marker,intersection_indicator,intersect_type,interchange_related_indicator,relation_to_junction,work_zone_type,construction_maintenance_zone,construction_maintenance_zone_location,fatal_case_number,officer_first_name,officer_last_name,weather_condition(s),manner_of_crash,pedestrian,bicycle,scooter,parking,hitrun,mou
103133545,METROPOLITAN NASHVILLE POLICE DEPT,20210574640,Davidson,Nashville,11/6/2021 9:05:00 AM,2,0,0,36.134280,-86.776360,I65 S EXT RAMP,,,,0.00,Feet,East,WEDGEWOOD AV,,,,0.00,N,Not at Intersection,N,Non-Junction,None,,,         ,Brent,Bauer,Clear,Angle,no,no,no,no,yes,False
103133554,METROPOLITAN NASHVILLE POLICE DEPT,20210574658,Davidson,Nashville,11/6/2021 9:35:00 AM,1,0,0,36.202150,-86.776850,I 65,,,,0.00,,,,,,,87.00,N,Not at Intersection, ,Non-Junction,None,,,         ,James,Wray,Clear,Not Collision with Motor Vehicle in Transport,no,no,no,no,no,False
103133560,METROPOLITAN NASHVILLE POLICE DEPT,20210574693,Davidson,Nashville,11/6/2021 12:00:00 AM,2,0,0,36.178410,-86.784990,MONROE ST,,,,160.00,Feet,East,2ND AVN,,,,0.00,N,Not at Intersection,N,Non-Junction,None,,,         ,Benny,Pittman,Unknown,Unknown,no,no,no,yes,yes,False
103133586,METROPOLITAN NASHVILLE POLICE DEPT,20210574713,Davidson,Nashville,11/6/2021 12:00:00 AM,1,0,0,36.186960,-86.767650,CLEVELAND ST,,,,114.00,Feet,East,MERIDIAN ST,,,,0.00,N,Not at Intersection,N,Non-Junction,None,,,         ,Brandon,Evans,Unknown,Not Collision with Motor Vehicle in Transport,no,no,no,no,yes,False
103133587,METROPOLITAN NASHVILLE POLICE DEPT,20210574627,Davidson,Nashville,11/6/2021 9:00:00 AM,2,0,0,36.128790,-86.906070,CHARLOTTE PKE,,,,108.00,Feet,East,CHARLOTTE PKE PVTDR,,,,0.00,N,Not at Intersection,N,Non-Junction,None,,,         ,Jeffery,Leiser,Clear,"Sideswipe, Same Direction",no,no,no,no,yes,False
103133612,METROPOLITAN NASHVILLE POLICE DEPT,20210574665,Davidson,Nashville,11/6/2021 10:00:00 AM,1,0,0,36.223480,-86.746460,ELLINGTON PKWYS,,,,531.00,Feet,North,ELLINGTON PKWYN,,,,0.00,N,Not at Intersection,N,Non-Junction,None,,,         ,Nicholas,Cochran,Clear,Not Collision with Motor Vehicle in Transport,no,no,no,no,no,False
103133630,METROPOLITAN NASHVILLE POLICE DEPT,20210574704,Davidson,Not in City Limit,11/6/2021 11:06:00 AM,2,0,0,36.078350,-87.022080,MCCRORY LN,,,,194.00,Feet,South,NEWSOM STATION RD,,,,0.00,N,Not at Intersection,Y,"Driveway, Alley Access, etc",None,,,         ,Jack,Crouch,Clear,Angle,no,no,no,no,yes,False
103133657,METROPOLITAN NASHVILLE POLICE DEPT,20210574701,Davidson,Nashville,11/6/2021 10:50:00 AM,2,0,0,36.144790,-86.875830,MERCOMATIC CT,,,,422.00,Feet,South,COUGAR DR,,,,0.00,N,Not at Intersection,N,Non-Junction,None,,,         ,Jeffery,Leiser,Clear,Front to Rear,no,no,no,no,no,False
103133670,METROPOLITAN NASHVILLE POLICE DEPT,20210574758,Davidson,Nashville,11/6/2021 10:05:00 AM,2,1,0,36.092580,-86.885420,HARDING PKE,,,,0.00,Feet,,VAUGHNS GAP RD,,,,0.00,Y,Four-Way,N,Intersection-Related,None,,,         ,Douglas,Atwood,Clear,Front to Rear,no,no,no,no,no,False
103133677,METROPOLITAN NASHVILLE POLICE DEPT,20210574715,Davidson,Antioch,11/6/2021 11:18:00 AM,3,0,0,36.058560,-86.597750,HAMILTON CHURCH RD,,,,0.00,,,HAMILTON CHURCH RD,,,,0.00,Y,T-Intersection,N,Non-Junction,None,,,         ,Matthew,Jorgensen,Clear,Front to Rear,no,no,no,no,yes,False
103133684,METROPOLITAN NASHVILLE POLICE DEPT,20210574788,Davidson,Nashville,11/6/2021 12:48:00 PM,3,3,0,36.164100,-86.762500,I24 W EXT RAMP,,,,0.00,Feet,East,I 24,,,,0.00,N,Not at Intersection,N,Non-Junction,None,,,         ,Faye,Denson,Clear,Front to Rear,no,no,no,no,no,False
103133737,METROPOLITAN NASHVILLE POLICE DEPT,20210570302,Davidson,Nashville,11/3/2021 8:00:00 PM,2,0,0,36.154810,-86.627330,I40 E EXT RAMP,,,,0.00,Feet,East,I 40,,,,0.00,N,Not at Intersection, ,,None,,,         ,Rami,Rouhi,,,no,no,no,no,no,False
103133738,METROPOLITAN NASHVILLE POLICE DEPT,20210574840,Davidson,Nashville,11/6/2021 1:27:00 PM,3,0,0,36.083590,-86.727550,NOLENSVILLE PKE,,,,71.00,Feet,North,WELCH RD,,,,0.00,N,Not at Intersection, ,Non-Junction,None,,,         ,Mason,Tyler,Clear,"Sideswipe, Same Direction",no,no,no,no,no,False
103133762,METROPOLITAN NASHVILLE POLICE DEPT,20210574842,Davidson,Nashville,11/6/2021 1:35:00 PM,2,1,0,36.131070,-86.817790,I 440,,,,0.00,,,SHARONDALE DR,,,,0.00,Y,OTHER,N,Non-Junction,None,,,         ,Douglas,Atwood,Clear,Front to Rear,no,no,no,no,yes,False
103133764,METROPOLITAN NASHVILLE POLICE DEPT,20210574864,Davidson,Nashville,11/6/2021 2:25:00 PM,2,1,0,36.215030,-86.747950,ELLINGTON PKWYN,,,,0.00,,,ELLINGTON PKWY N EXT RAMP,,,,0.00,Y,Y-Intersection,N,Non-Junction,None,,,         ,Brandon,Evans,Clear,Angle,no,no,no,no,no,False
103133771,VANDERBILT UNIVERSITY POLICE,20210573820,Davidson,Nashville,11/5/2021 7:24:00 PM,2,0,0,36.108270,-86.763320,POWELL AV,,,,0.00,,,,,,,0.00,,, ,Non-Junction,None,,,         ,Garrett,Bennett,Clear,Other,no,no,no,yes,no,OHO
103133774,METROPOLITAN NASHVILLE POLICE DEPT,20210574923,Davidson,Nashville,11/6/2021 12:00:00 AM,1,1,0,36.066430,-86.819350,OTTER CREEK RD,,,,721.00,Feet,North,MERRIMAC CT,,,,0.00,N,Not at Intersection,N,Non-Junction,None,,,         ,Ashley,Kappenmacher,Clear,Not Collision with Motor Vehicle in Transport,no,no,no,no,no,False
103133815,METROPOLITAN NASHVILLE POLICE DEPT,20210574903,Davidson,Nashville,11/6/2021 2:40:00 PM,2,0,0,36.176990,-86.772590,I 24,,,,0.00,,,,,,,47.90,N,Not at Intersection,N,Non-Junction,None,,,         ,Daniel,Tomlinson,Clear,Front to Rear,no,no,no,no,yes,False
103133857,METROPOLITAN NASHVILLE POLICE DEPT,20210574942,Davidson,Nashville,11/6/2021 3:15:00 PM,2,1,0,36.052610,-86.673110,BLUE HOLE RD,,,,0.00,,,TUSCULUM RD,,,,0.00,Y,T-Intersection,N,Intersection,None,,,         ,Keith,Parlato,Clear,Front to Rear,no,no,no,no,no,False
103133872,METROPOLITAN NASHVILLE POLICE DEPT,20210574957,Davidson,Nashville,11/6/2021 3:40:00 PM,2,0,0,36.196560,-86.775620,I 65,,,,0.00,,,,,,,86.60,N,Not at Intersection, ,Non-Junction,None,,,         ,Malik,Burriss,Clear,Front to Rear,no,no,no,no,no,False
103133876,METROPOLITAN NASHVILLE POLICE DEPT,20210574941,Davidson,Nashville,11/6/2021 2:12:00 PM,2,0,0,36.168020,-86.656650,STEWARTS FERRY PKE,,,,108.00,Feet,North,DONELSONWOOD DR,,,,0.00,N,Not at Intersection, ,,None,,,         ,Rami,Rouhi,,,no,no,no,no,no,False
103133877,METROPOLITAN NASHVILLE POLICE DEPT,20210574891,Davidson,Nashville,11/6/2021 2:53:00 PM,4,1,0,36.070250,-86.684620,HAYWOOD LN,,,,28.00,Feet,West,ANTIOCH PKE,,,,0.00,N,Not at Intersection,N,Non-Junction,None,,,         ,Thomas,Parsons,Clear,Front to Rear,no,no,no,no,no,False
103133878,METROPOLITAN NASHVILLE POLICE DEPT,20210574974,Davidson,Nashville,11/6/2021 12:00:00 AM,2,0,0,36.162560,-86.789610,CHARLOTTE AV,,,,186.00,Feet,West,GULCH GRNWY,,,,0.00,N,Not at Intersection,N,Non-Junction,None,,,         ,Kency,Le,Clear,Angle,no,no,no,yes,yes,False
103133879,METROPOLITAN NASHVILLE POLICE DEPT,20210574975,Davidson,Nashville,11/6/2021 4:01:00 PM,2,3,0,36.037060,-86.646090,I 24,,,,0.00,,,,,,,60.30,N,Not at Intersection,N,Non-Junction,None,,,         ,Nadine,Klemenz,Clear,Front to Rear,no,no,no,no,no,False
103133885,METROPOLITAN NASHVILLE POLICE DEPT,20210575007,Davidson,Nashville,11/6/2021 12:00:00 AM,2,1,0,36.139350,-86.776130,I 65,,,,0.00,,,,,,,81.80,N,Not at Intersection,N,Non-Junction,None,,,         ,Wyatt,Blacker,Clear,Front to Rear,no,no,no,no,no,False
103133886,METROPOLITAN NASHVILLE POLICE DEPT,20210574956,Davidson,Nashville,11/6/2021 3:43:00 PM,2,2,0,36.070290,-86.684540,ANTIOCH PKE,,,,0.00,,,HAYWOOD LN,,,,0.00,Y,T-Intersection,N,Intersection,None,,,         ,Gary,Anderson,Clear,Angle,no,no,no,no,no,False
103133888,METROPOLITAN NASHVILLE POLICE DEPT,20210575023,Davidson,Nashville,11/6/2021 4:35:00 PM,2,0,0,36.181480,-86.774630,I 24,,,,0.00,,,,,,,47.55,N,Not at Intersection, ,Non-Junction,None,,,         ,Ciara,Doherty,Clear,"Sideswipe, Same Direction",no,no,no,no,no,False
103133889,METROPOLITAN NASHVILLE POLICE DEPT,20210574933,Davidson,Goodlettsville,11/6/2021 12:00:00 AM,2,2,0,36.299220,-86.697210,GALLATIN PKEN,,,,273.00,Feet,South,CUDE LN,,,,0.00,N,Not at Intersection,N,Non-Junction,None,,,         ,Vincent,McCrary,Clear,"Sideswipe, Same Direction",no,no,no,no,no,False
103133890,METROPOLITAN NASHVILLE POLICE DEPT,20210574492,Davidson,Nashville,11/6/2021 3:43:00 AM,2,0,0,36.164510,-86.781060,UNION ST,,,,0.00,,,5TH AVN,,,,0.00,Y,OTHER,N,Intersection,None,,,         ,Kelcey,Bell,Clear,Angle,no,no,no,no,no,False
103133891,METROPOLITAN NASHVILLE POLICE DEPT,20210574879,Davidson,Nashville,11/6/2021 2:44:00 PM,2,1,0,36.169520,-86.806400,JEFFERSON ST,,,,70.00,Feet,East,DR D B TODD JR BLVD,,,,0.00,N,Not at Intersection,N,Non-Junction,None,,,         ,Lucas,Thomas,Clear,Angle,no,no,no,no,yes,False
103133896,METROPOLITAN NASHVILLE POLICE DEPT,20210575081,Davidson,Nashville,11/6/2021 5:30:00 PM,2,0,0,36.191290,-86.606580,ANDREW JACKSON PKWY,,,,535.00,Feet,South,STONERS GLEN DR,,,,0.00,N,Not at Intersection, ,Non-Junction,None,,,         ,Randall,Ward,Clear,Front to Rear,no,no,no,no,no,False
103133899,METROPOLITAN NASHVILLE POLICE DEPT,20210575083,Davidson,Nashville,11/6/2021 5:28:00 PM,2,0,0,36.241440,-86.757220,DICKERSON PKE,,,,3.00,Feet,North,BRILEY PKWY W ENT RAMP,,,,0.00,N,Not at Intersection, ,Non-Junction,None,,,         ,Brandon,Lopez,Clear,Front to Rear,no,no,no,no,no,False
103133901,METROPOLITAN NASHVILLE POLICE DEPT,20210575028,Davidson,Nashville,11/6/2021 2:23:00 PM,2,0,0,36.117060,-86.771640,I65 S ENT RAMP,,,,0.00,Feet,East,I 65,,,,0.00,N,Not at Intersection, ,Entrance/Exit Ramp Related,None,,,         ,Travis,Pemberton,Clear,Front to Rear,no,no,no,no,yes,False
103133902,METROPOLITAN NASHVILLE POLICE DEPT,20210575057,Davidson,Nashville,11/6/2021 5:17:00 PM,2,0,0,36.109180,-86.680170,MURFREESBORO PKE,,,,856.00,Feet,South,HANGAR LN,,,,0.00,N,Not at Intersection,N,"Driveway, Alley Access, etc",None,,,         ,Robert,Marquez,Clear,Angle,no,no,no,no,yes,False
103133905,METROPOLITAN NASHVILLE POLICE DEPT,20210575085,Davidson,Nashville,11/6/2021 12:00:00 AM,1,0,0,36.251750,-86.743150,DUE WEST AVN,,,,491.00,Feet,North,OLD DUE WEST AV,,,,0.00,N,Not at Intersection,N,Non-Junction,None,,,         ,Vincent,McCrary,Clear,Not Collision with Motor Vehicle in Transport,no,no,no,no,no,False
103133935,METROPOLITAN NASHVILLE POLICE DEPT,20210575114,Davidson,Nashville,11/6/2021 6:00:00 PM,2,0,0,36.150480,-86.857890,WHITE BRIDGE PKE,,,,82.00,Feet,South,OBRIEN AV,,,,0.00,N,Not at Intersection, ,Non-Junction,None,,,         ,Ryan,Papp,Clear,Angle,no,no,no,no,no,False
103133937,METROPOLITAN NASHVILLE POLICE DEPT,20210575131,Davidson,Nashville,11/6/2021 6:20:00 PM,2,0,0,36.180590,-86.774270,I 24,,,,0.00,,,,,,,47.65,N,Not at Intersection, ,Non-Junction,None,,,         ,Justen,Ogle,Clear,Front to Rear,no,no,no,no,no,False
103133945,METROPOLITAN NASHVILLE POLICE DEPT,20210575101,Davidson,Nashville,11/6/2021 5:53:00 PM,3,0,0,36.144060,-86.777300,I 65,,,,0.00,,,,,,,82.10,N,Not at Intersection,N,Non-Junction,None,,,         ,Travis,Pemberton,Clear,Front to Rear,no,no,no,no,no,False
103133958,METROPOLITAN NASHVILLE POLICE DEPT,20210574905,Davidson,Goodlettsville,11/6/2021 12:00:00 AM,2,1,0,36.303690,-86.690470,RIVERGATE MARKETPLACE PVTDR,,,,0.00,,,GALLATIN PKEN,,,,0.00,Y,Four-Way,Y,Intersection-Related,None,,,         ,Amanda,Topping,Clear,Angle,no,no,no,no,no,False
103133960,METROPOLITAN NASHVILLE POLICE DEPT,20210575069,Davidson,Nashville,11/6/2021 5:30:00 PM,2,0,0,36.170830,-86.601500,I40 W EXT RAMP,,,,0.00,,,I 40,,,,0.00,Y,Four-Way,N,Intersection,None,,,         ,Rami,Rouhi,Clear,HeadOn,no,no,no,no,no,False
103133972,METROPOLITAN NASHVILLE POLICE DEPT,20210575215,Davidson,Nashville,11/6/2021 6:35:00 PM,2,0,0,36.205380,-86.771160,LUCAS LN,,,,256.00,Feet,South,W TRINITY LN,,,,0.00,N,Not at Intersection,N,Non-Junction,None,,,         ,Tyler,Lewis,Clear,Angle,no,no,no,yes,yes,False
103133986,METROPOLITAN NASHVILLE POLICE DEPT,20210575281,Davidson,Nashville,11/6/2021 8:18:00 PM,2,0,0,36.134260,-86.775280,WEDGEWOOD AV,,,,162.00,Feet,West,I65 N ENT RAMP,,,,0.00,N,Not at Intersection, ,,None,,,         ,Brady,Reynolds,,,no,no,no,no,no,False
103133987,METROPOLITAN NASHVILLE POLICE DEPT,20210575211,Davidson,Not in City Limit,11/6/2021 7:34:00 PM,2,2,0,36.266690,-86.743550,OLD HICKORY BLVDW,,,,112.00,Feet,East,LINCOLN PK,,,,0.00,N,Not at Intersection,N,Non-Junction,None,,,         ,Austin,Bowles,Clear,HeadOn,no,no,no,no,no,False
103133994,METROPOLITAN NASHVILLE POLICE DEPT,20210575208,Davidson,Nashville,11/6/2021 7:25:00 PM,2,0,0,36.134240,-86.776370,I65 S ENT RAMP,,,,0.00,Feet,East,I65 S EXT RAMP,,,,0.00,N,Not at Intersection, ,Non-Junction,None,,,         ,Goran,Manojlovic,Clear,"Sideswipe, Same Direction",no,no,no,no,no,False
103133998,METROPOLITAN NASHVILLE POLICE DEPT,20210575047,Davidson,Nashville,11/6/2021 5:03:00 PM,2,0,0,36.160700,-86.778580,OPRY PL,,,,91.00,Feet,North,BROADWAY,,,,0.00,N,Not at Intersection, ,Non-Junction,None,,,         ,Michael,Moss,Clear,"Sideswipe, Same Direction",no,no,no,no,no,False
103134087,METROPOLITAN NASHVILLE POLICE DEPT,20210575341,Davidson,Nashville,11/6/2021 9:36:00 PM,2,0,0,36.077130,-86.641440,MURFREESBORO PKE,,,,6.00,Feet,East,LAKEVILLA DR,,,,0.00,N,Not at Intersection,Y,Non-Junction,None,,,         ,Nadine,Klemenz,Clear,Front to Rear,no,no,no,no,yes,False
103134116,METROPOLITAN NASHVILLE POLICE DEPT,20210575210,Davidson,Nashville,11/6/2021 7:32:00 PM,3,0,0,36.033520,-86.712980,BARNES RD,,,,0.00,,,NOLENSVILLE PKE,,,,0.00,Y,Four-Way,N,Intersection,None,,,         ,Dylan,Motes,Clear,Angle,no,no,no,no,no,False
103134117,METROPOLITAN NASHVILLE POLICE DEPT,20210575252,Davidson,Nashville,11/6/2021 8:00:00 PM,2,0,0,36.235680,-86.816550,WHITES CREEK PKE,,,,210.00,Feet,South,GREEN LN,,,,0.00,N,Not at Intersection,N,Non-Junction,None,,,         ,Malik,Burriss,Clear,Angle,no,no,no,no,yes,False
103134118,METROPOLITAN NASHVILLE POLICE DEPT,20210575290,Davidson,Nashville,11/6/2021 7:40:00 PM,1,1,0,36.175270,-86.792660,MONROE ST,,,,0.00,,,ROSA L PARKS BLVD,,,,0.00,Y,Four-Way,N,Intersection,None,,,         ,Tristen,Mayfield,Clear,Not Collision with Motor Vehicle in Transport,yes,no,no,no,no,False
103134127,METROPOLITAN NASHVILLE POLICE DEPT,20210575182,Davidson,Nashville,11/6/2021 7:12:00 PM,2,2,0,36.088490,-86.702150,I24 E EXT RAMP,,,,7.00,Feet,South,I 24,,,,0.00,N,Not at Intersection,Y,Entrance/Exit Ramp Related,None,,,         ,Keith,Parlato,Clear,Angle,no,no,no,no,no,False
103134168,METROPOLITAN NASHVILLE POLICE DEPT,20210575439,Davidson,Nashville,11/6/2021 11:07:00 PM,1,0,0,36.165930,-86.807930,ALBION ST,,,,311.00,Feet,East,21ST AVN,,,,0.00,N,Not at Intersection, ,Non-Junction,None,,,         ,Christopher,Cantrell,Clear,Not Collision with Motor Vehicle in Transport,no,no,no,yes,no,False
103134172,METROPOLITAN NASHVILLE POLICE DEPT,20210575437,Davidson,Nashville,11/6/2021 11:15:00 PM,3,0,0,36.107590,-86.743530,TIMMONS ST,,,,0.00,,,NOLENSVILLE PKE,,,,0.00,Y,Four-Way,N,Intersection,None,,,         ,Jonathan,Handley,Clear,"Sideswipe, Opposite Direction",no,no,no,no,yes,False
103134184,METROPOLITAN NASHVILLE POLICE DEPT,20210575519,Davidson,Nashville,11/7/2021 12:27:00 AM,2,0,0,36.046510,-86.716790,HICKORY PLZ,,,,416.00,Feet,South,HICKORY TRACE DR PVTDR,,,,0.00,N,Not at Intersection,N,Non-Junction,None,,,         ,James,Wells Jr.,Clear,Front to Rear,no,no,no,no,yes,False
103134188,METROPOLITAN NASHVILLE POLICE DEPT,20210575384,Davidson,Nashville,11/6/2021 10:32:00 PM,2,1,0,36.202220,-86.751140,ELLINGTON PKWY S ENT RAMP,,,,0.00,Feet,East,ELLINGTON PKWYS,,,,0.00,N,Not at Intersection,N,Non-Junction,None,,,         ,Zachary,Carter,Clear,Front to Rear,no,no,no,no,no,False
103134202,METROPOLITAN NASHVILLE POLICE DEPT,20210575484,Davidson,Nashville,11/6/2021 11:45:00 PM,1,0,0,36.163990,-86.803790,HERMAN ST,,,,0.00,Feet,West,18TH AVN,,,,0.00,N,Not at Intersection,N,Non-Junction,None,,,         ,Martin,Brown,Clear,Not Collision with Motor Vehicle in Transport,no,no,no,no,no,False
103134212,METROPOLITAN NASHVILLE POLICE DEPT,20210575589,Davidson,Nashville,11/7/2021 1:04:00 AM,1,0,0,36.129620,-86.726940,I24 W ENT RAMP,,,,0.00,,,I 24,,,,0.00,Y,Y-Intersection,Y,Entrance/Exit Ramp Related,None,,,         ,Jonathan,Handley,Clear,Not Collision with Motor Vehicle in Transport,no,no,no,no,no,False
103134231,METROPOLITAN NASHVILLE POLICE DEPT,20210575398,Davidson,Nashville,11/6/2021 9:50:00 PM,1,0,0,36.089130,-86.688190,EZELL PKE,,,,196.00,Feet,South,HARDING PL,,,,0.00,N,Not at Intersection,N,Rail Grade Crossing,None,,,         ,Autumn,Manning,Clear,Not Collision with Motor Vehicle in Transport,no,no,no,no,no,False
103134232,METROPOLITAN NASHVILLE POLICE DEPT,20210575582,Davidson,Nashville,11/7/2021 1:25:00 AM,2,1,0,36.030890,-86.706680,BARNES RD,,,,230.00,Feet,West,RED JACKET DR,,,,0.00,N,Not at Intersection,N,Non-Junction,None,,,         ,Kaleigh,Pearce,Clear,HeadOn,no,no,no,no,yes,False
103134235,METROPOLITAN NASHVILLE POLICE DEPT,20210575512,Davidson,Nashville,11/7/2021 12:00:00 AM,1,0,0,36.042520,-86.703240,CEDARMONT DR,,,,152.00,Feet,North,CEDARVIEW DR,,,,0.00,N,Not at Intersection,N,Non-Junction,None,,,         ,McKenzie,Harper,Clear,Not Collision with Motor Vehicle in Transport,no,no,no,no,yes,False
103134251,METROPOLITAN NASHVILLE POLICE DEPT,20210575746,Davidson,Nashville,11/6/2021 9:54:00 PM,2,0,0,36.089070,-86.649990,RANSOM PL,,,,0.00,Feet,East,MURFREESBORO PKE,,,,0.00,N,Not at Intersection, ,Non-Junction,None,,,         ,D’Mitri,Mackall,Clear,Angle,no,no,no,no,no,False
103134252,METROPOLITAN NASHVILLE POLICE DEPT,20210575740,Davidson,Nashville,11/7/2021 3:21:00 AM,1,0,0,36.068660,-86.636890,BELL RD,,,,770.00,Feet,North,MORRIS GENTRY BLVD,,,,0.00,N,Not at Intersection, ,Non-Junction,None,,,         ,Fady,Aziz,Clear,Not Collision with Motor Vehicle in Transport,no,no,no,no,no,False
103134253,METROPOLITAN NASHVILLE POLICE DEPT,20210575712,Davidson,Nashville,11/7/2021 12:00:00 AM,1,0,0,36.132120,-86.718450,MURFREESBORO PKE,,,,283.00,Feet,East,WILHAGAN RD,,,,0.00,N,Not at Intersection,N,Non-Junction,None,,,         ,Corey,Ethridge,Clear,Not Collision with Motor Vehicle in Transport,no,no,no,no,yes,False
103134256,METROPOLITAN NASHVILLE POLICE DEPT,20210575531,Davidson,Nashville,11/7/2021 12:05:00 AM,2,0,0,36.148720,-86.799890,21ST AVS,,,,235.00,Feet,West,TERRACE PL,,,,0.00,N,Not at Intersection,N,Non-Junction,None,,,         ,Henry,Perez,Clear,Angle,no,no,no,no,no,Campus
103134257,METROPOLITAN NASHVILLE POLICE DEPT,20210575474,Davidson,Nashville,11/6/2021 11:50:00 PM,2,3,0,36.213590,-86.764500,DELLWAY VILLA RD,,,,0.00,,,US HWY 31W,,,,0.00,Y,T-Intersection,Y,Intersection,None,,,         ,Benjamin,Tasto,Clear,Other,no,no,no,no,no,False
103134267,METROPOLITAN NASHVILLE POLICE DEPT,20210575660,Davidson,Nashville,11/7/2021 1:45:00 AM,2,3,0,36.165120,-86.602780,BELL RD,,,,0.00,,North,MILLS RD,,,,0.00,N,Not at Intersection,Y,Non-Junction,None,,,         ,Scott,Edwards,Clear,Angle,no,no,no,no,no,False
103134276,METROPOLITAN NASHVILLE POLICE DEPT,20210575727,Davidson,Nashville,11/7/2021 3:10:00 AM,1,0,0,36.068230,-86.636820,BELL RD,,,,610.00,Feet,North,MORRIS GENTRY BLVD,,,,0.00,N,Not at Intersection,N,Non-Junction,None,,,         ,Kaleigh,Pearce,Clear,Unknown,no,no,no,no,yes,False
103134291,METROPOLITAN NASHVILLE POLICE DEPT,20210575801,Davidson,Nashville,11/7/2021 5:17:00 AM,2,1,0,36.215120,-86.597060,LEBANON PKE,,,,179.00,Feet,East,ANDREW JACKSON PKWY,,,,0.00,N,Not at Intersection,N,Non-Junction,None,,,         ,Jeffrey,Mullins,Fog,"Sideswipe, Same Direction",no,no,no,no,no,False
103134292,METROPOLITAN NASHVILLE POLICE DEPT,20210575767,Davidson,Nashville,11/7/2021 4:15:00 AM,1,1,0,36.086780,-86.775220,BATTERY LN,,,,786.00,Feet,East,CHURCHWOOD DR,,,,0.00,N,Not at Intersection,N,Non-Junction,None,,,         ,Thomas,Vasquez,Clear,Not Collision with Motor Vehicle in Transport,no,no,no,no,no,False
103134297,METROPOLITAN NASHVILLE POLICE DEPT,20210575796,Davidson,Nashville,11/7/2021 2:45:00 AM,1,0,0,36.039510,-86.782510,I 65,,,,0.00,,,,,,,74.70,N,Not at Intersection, ,Non-Junction,None,,,         ,Clayton,Cox,Clear,Not Collision with Motor Vehicle in Transport,no,no,no,no,no,False
103134307,METROPOLITAN NASHVILLE POLICE DEPT,20210575757,Davidson,Nashville,11/7/2021 2:30:00 AM,3,0,0,36.118250,-86.748910,NOLENSVILLE PKE,,,,191.00,Feet,North,LUTIE ST,,,,0.00,N,Not at Intersection,N,Non-Junction,None,,,         ,Bobby,Ehman,Clear,Angle,no,no,no,no,yes,False
103134312,METROPOLITAN NASHVILLE POLICE DEPT,20210575823,Davidson,Nashville,11/7/2021 6:07:00 AM,2,0,0,36.142780,-86.800020,MEDICAL CENTER DR,,,,2.00,Feet,West,21ST AVS,,,,0.00,N,Not at Intersection, ,Non-Junction,None,,,         ,Peter,Kinsey,Clear,Front to Rear,no,no,no,no,no,Campus
103134333,METROPOLITAN NASHVILLE POLICE DEPT,20210575730,Davidson,Nashville,11/7/2021 2:26:00 AM,1,0,0,36.054050,-86.729980,HILSON RD,,,,129.00,Feet,North,WOODETT DR,,,,0.00,N,Not at Intersection,N,Non-Junction,None,,,         ,James,Wells Jr.,Clear,Not Collision with Motor Vehicle in Transport,no,no,no,no,no,False
103134396,METROPOLITAN NASHVILLE POLICE DEPT,20210575993,Davidson,Nashville,11/7/2021 9:30:00 AM,1,0,0,36.245920,-86.745090,I 65,,,,0.00,,,,,,,90.85,N,Not at Intersection, ,,None,,,         ,Ian,Wilson,,,no,no,no,no,no,False
103134399,METROPOLITAN NASHVILLE POLICE DEPT,20210575976,Davidson,Nashville,11/7/2021 9:10:00 AM,2,0,0,36.156010,-86.788850,13TH AVS,,,,0.00,,,GEORGE L DAVIS BLVD,,,,0.00,Y,Four-Way,N,Intersection-Related,None,,,         ,Jaren,Breece,Clear,Angle,no,no,no,no,no,False
103134431,METROPOLITAN NASHVILLE POLICE DEPT,20210576037,Davidson,Nashville,11/7/2021 10:17:00 AM,2,0,0,36.172090,-86.768770,I 24,,,,0.00,,,,,,,48.30,N,Not at Intersection, ,Non-Junction,None,,,         ,Benny,Pittman,Clear,Front to Rear,no,no,no,no,no,False
103134451,METROPOLITAN NASHVILLE POLICE DEPT,20210575843,Davidson,Nashville,11/7/2021 12:00:00 AM,1,0,0,36.064200,-86.662980,UNA ANTIOCH PKE,,,,634.00,Feet,North,ELMER MARSHALL PVTDR,,,,0.00,N,Not at Intersection,N,Non-Junction,None,,,         ,Seth,Wilson,Unknown,Not Collision with Motor Vehicle in Transport,no,no,no,no,yes,False
103134465,METROPOLITAN NASHVILLE POLICE DEPT,20210576050,Davidson,Nashville,11/7/2021 12:00:00 AM,2,0,0,36.082490,-86.644570,BROADVIEW DR,,,,117.00,Feet,North,KENDALL PARK DR,,,,0.00,N,Not at Intersection,N,Non-Junction,None,,,         ,MIchael,Mihajlov,Clear,Unknown,no,no,no,no,yes,False
103134470,METROPOLITAN NASHVILLE POLICE DEPT,20210576105,Davidson,Nashville,11/7/2021 10:50:00 AM,2,0,0,36.152790,-86.771860,4TH AVS,,,,181.00,Feet,North,ASH ST,,,,0.00,N,Not at Intersection, ,Non-Junction,None,,,         ,Jerrod,Kalinsky,Clear,Angle,no,no,no,no,no,False