master_record_number,agency,agency_tracking_number,county,city,collision_date,vehicles_involved,number_injured,number_dead,latitude,longitude,roadway_name,roadway_suffix,roadway_number,roadway_local_id,distance_from_reference,miles-feet_indicator,direction_from_reference,intersection_road_name,intersection_road_name_suffix,intersection_road_number,intersection_local_id,mile_marker,intersection_indicator,intersect_type,interchange_related_indicator,relation_to_junction,work_zone_type,construction_maintenance_zone,construction_maintenance_zone_location,fatal_case_number,officer_first_name,officer_last_name,weather_condition(s),manner_of_crash,pedestrian,bicycle,scooter,parking,hitrun,mou
103136014,METROPOLITAN NASHVILLE POLICE DEPT,20210578950,Davidson,Nashville,11/9/2021 6:34:00 AM,2,0,0,36.153630,-86.753610,HERMITAGE AV,,,,0.00,,,DECATUR AV,,,,0.00,Y,T-Intersection, ,Intersection,None,,,         ,Patrick,Lancaster,Clear,Angle,no,no,no,no,no,False
103136017,METROPOLITAN NASHVILLE POLICE DEPT,20210578962,Davidson,Nashville,11/9/2021 8:10:00 AM,2,0,0,36.145540,-86.666700,DONELSON PKE,,,,116.00,Feet,North,SHACKLETT DR,,,,0.00,N,Not at Intersection,N,Non-Junction,None,,,         ,MIchael,Mihajlov,Clear,Angle,no,no,no,no,yes,False
103136021,METROPOLITAN NASHVILLE POLICE DEPT,20210578802,Davidson,Not in City Limit,11/9/2021 6:45:00 AM,4,4,0,36.320830,-86.852650,I 24,,,,0.00,,,,,,,35.90,N,Not at Intersection,N,Non-Junction,None,,,         ,David,Kmosko,Clear,Front to Rear,no,no,no,no,no,False
103136044,METROPOLITAN NASHVILLE POLICE DEPT,20210578895,Davidson,Nashville,11/9/2021 7:37:00 AM,2,1,0,36.045430,-86.703610,OLD HICKORY BLVD,,,,0.00,,,EULALA DR,,,,0.00,Y,Four-Way,N,Intersection,None,,,         ,Stanley,Collins,Clear,Angle,no,no,no,no,no,False
103136050,METROPOLITAN NASHVILLE POLICE DEPT,20210578852,Davidson,Nashville,11/9/2021 7:11:00 AM,3,0,0,36.143880,-86.690240,I 40,,,,0.00,,,,,,,215.25,N,Not at Intersection,N,Non-Junction,None,,,         ,William,Sutherland,Clear,Front to Rear,no,no,no,no,no,False
103136063,METROPOLITAN NASHVILLE POLICE DEPT,20210579121,Davidson,Nashville,11/9/2021 8:42:00 AM,2,0,0,36.037720,-86.794750,OLD HICKORY BLVD,,,,0.00,,,BRENTWOOD BLVD,,,,0.00,Y,Four-Way, ,Intersection-Related,None,,,         ,Earl,Davis,Clear,"Sideswipe, Same Direction",no,no,no,no,no,False
103136089,METROPOLITAN NASHVILLE POLICE DEPT,20210579187,Davidson,Nashville,11/9/2021 7:44:00 AM,2,0,0,36.221960,-86.746780,ELLINGTON PKWYS,,,,18.00,Feet,North,ELLINGTON PKWY S EXT RAMP,,,,0.00,N,Not at Intersection, ,,None,,,         ,Brandon,Evans,,,no,no,no,no,no,False
103136093,METROPOLITAN NASHVILLE POLICE DEPT,20210578794,Davidson,Not in City Limit,11/9/2021 6:35:00 AM,2,2,0,36.262820,-86.680970,STATE RT 45,,,,0.00,,,RIO VISTA DR,,,,0.00,Y,Four-Way,N,Intersection,None,,,         ,Christopher,Littles,Clear,Angle,no,no,no,no,no,False
103136094,METROPOLITAN NASHVILLE POLICE DEPT,20210578891,Davidson,Not in City Limit,11/9/2021 7:35:00 AM,1,0,0,36.276040,-86.766360,OLD HICKORY BLVD,,,,615.00,Feet,West,LAWING DR,,,,0.00,N,Not at Intersection, ,Non-Junction,None,,,         ,Christopher,Littles,Clear,Not Collision with Motor Vehicle in Transport,no,no,no,no,no,False
103136114,METROPOLITAN NASHVILLE POLICE DEPT,20210579244,Davidson,Nashville,11/9/2021 9:44:00 AM,2,0,0,36.058660,-86.639350,CAMBRIDGE APTS PVTDR,,,,18.00,Feet,South,BELL RD,,,,0.00,N,Not at Intersection,N,Non-Junction,None,,,         ,Joe,Hooper,Clear,Angle,no,no,no,yes,yes,False
103136115,METROPOLITAN NASHVILLE POLICE DEPT,20210579115,Davidson,Nashville,11/9/2021 9:54:00 AM,2,1,0,36.214680,-86.775450,I 65,,,,0.00,,,,,,,87.90,N,Not at Intersection,N,Non-Junction,None,,,         ,Jeanine,Sarno,Clear,Front to Rear,no,no,no,no,no,False
103136121,METROPOLITAN NASHVILLE POLICE DEPT,20210579258,Davidson,Antioch,11/9/2021 10:30:00 AM,1,0,0,36.051000,-86.605170,GRACEWOOD GROVE,,,,64.00,Feet,West,STONEFARM TRL,,,,0.00,N,Not at Intersection, ,Non-Junction,None,,,         ,Matthew,Jorgensen,Clear,Not Collision with Motor Vehicle in Transport,no,no,no,no,yes,False
103136136,METROPOLITAN NASHVILLE POLICE DEPT,20210578898,Davidson,Nashville,11/9/2021 7:44:00 AM,2,0,0,36.031290,-86.753400,CLOVERLAND DR,,,,0.00,Feet,East,BROWNSTONE DR,,,,0.00,N,Not at Intersection,N,Non-Junction,None,,,         ,Rico,Hunt,Clear,Front to Rear,no,no,no,no,no,False
103136142,METROPOLITAN NASHVILLE POLICE DEPT,20210579350,Davidson,Nashville,11/9/2021 11:35:00 AM,2,0,0,36.184160,-86.762230,N 6TH ST,,,,42.00,Feet,North,ARRINGTON ST,,,,0.00,N,Not at Intersection, ,Non-Junction,None,,,         ,Brandon,Evans,Clear,"Sideswipe, Opposite Direction",no,no,no,no,no,False
103136143,METROPOLITAN NASHVILLE POLICE DEPT,20210579337,Davidson,Nashville,11/9/2021 11:50:00 AM,2,0,0,36.151480,-86.784280,12TH AVS,,,,149.00,Feet,North,DIVISION ST,,,,0.00,N,Not at Intersection, ,Non-Junction,None,,,         ,Wesley,Young,Clear,"Sideswipe, Same Direction",no,no,no,no,no,False
103136157,METROPOLITAN NASHVILLE POLICE DEPT,20210578778,Davidson,Nashville,11/9/2021 6:00:00 AM,1,1,1,36.116100,-86.696620,MURFREESBORO PKE,,,,245.00,Feet,East,MCGAVOCK PKE,,,,0.00,N,Not at Intersection,N,Non-Junction,None,,,         ,Kevin,Coleman,Clear,Not Collision with Motor Vehicle in Transport,yes,no,no,no,no,False
103136175,METROPOLITAN NASHVILLE POLICE DEPT,20210579404,Davidson,Not in City Limit,11/9/2021 12:23:00 PM,1,2,0,36.010950,-86.650420,LAWSON DR,,,,124.00,Feet,South,RAMSTONE WAY,,,,0.00,N,Not at Intersection,N,Non-Junction,None,,,         ,Joe,Hooper,Clear,Not Collision with Motor Vehicle in Transport,no,no,no,no,no,False
103136221,METROPOLITAN NASHVILLE POLICE DEPT,2021-0578844,Davidson,Nashville,11/9/2021 7:00:00 AM,2,0,0,36.082670,-86.764980,HARDING PL,,,,38.00,Feet,East,I65 S ENT RAMP,,,,0.00,N,Not at Intersection, ,Non-Junction,None,,,         ,Sean,Williams,Clear,"Sideswipe, Same Direction",no,no,no,no,no,False
103136242,METROPOLITAN NASHVILLE POLICE DEPT,20210579513,Davidson,Nashville,11/9/2021 1:12:00 PM,2,0,0,36.090250,-86.829340,HILLSBORO PKE,,,,475.00,Feet,South,HARDING PL,,,,0.00,N,Not at Intersection, ,Non-Junction,None,,,         ,Earl,Davis,Clear,"Sideswipe, Same Direction",no,no,no,no,no,False
103136247,METROPOLITAN NASHVILLE POLICE DEPT,20210579587,Davidson,Nashville,11/9/2021 12:56:00 PM,2,0,0,36.133020,-86.726870,I24E,,,,80.00,Feet,East,I24 W EXT RAMP,,,,0.00,N,Not at Intersection,N,Non-Junction,None,,,         ,Joe,Hooper,Clear,Front to Rear,no,no,no,no,no,False
103136248,METROPOLITAN NASHVILLE POLICE DEPT,2021-0578978,Davidson,Nashville,11/9/2021 7:54:00 AM,2,0,0,36.068210,-86.719120,NOLENSVILLE PKE,,,,3.00,Feet,North,HAYWOOD LN,,,,0.00,N,Not at Intersection, ,Non-Junction,None,,,         ,Sean,Williams,Clear,Front to Rear,no,no,no,no,no,False
103136250,METROPOLITAN NASHVILLE POLICE DEPT,20210577798,Davidson,Nashville,11/8/2021 1:30:00 PM,1,0,0,36.116890,-86.725430,I 24,,,,0.00,,,,,,,53.15,N,Not at Intersection,N,Non-Junction,Construction Zone,Work On Shoulder Or Median,Transition Area,         ,Robert,Higgins,Clear,Not Collision with Motor Vehicle in Transport,no,no,no,no,yes,False
103136266,METROPOLITAN NASHVILLE POLICE DEPT,20210579324,Davidson,Nashville,11/9/2021 11:26:00 AM,2,0,0,36.170840,-86.764150,S 5TH ST,,,,0.00,,,RUSSELL ST,,,,0.00,Y,Four-Way, ,Intersection,None,,,         ,Lindsey,Anderson,Clear,Angle,no,no,no,no,no,False
103136275,BERRY HILL POLICE DEPT,21-3285,Davidson,Berry Hill,11/9/2021 12:00:00 AM,2,1,0,36.120600,-86.775190,FRANKLIN PKE,,,,194.00,Feet,North,GALE LN,,,,0.00,N,Not at Intersection,N,Non-Junction,None,,,         ,John,Gleixner,Clear,Angle,no,no,no,no,no,False
103136277,METROPOLITAN NASHVILLE POLICE DEPT,20210579612,Davidson,Nashville,11/9/2021 1:57:00 PM,1,1,0,36.139380,-86.884920,I 40,,,,0.00,,,,,,,202.10,N,Not at Intersection,N,Non-Junction,None,,,         ,Jared,Dick,Clear,Not Collision with Motor Vehicle in Transport,yes,no,no,yes,no,False
103136278,METROPOLITAN NASHVILLE POLICE DEPT,20210579383,Davidson,Not in City Limit,11/9/2021 10:05:00 AM,2,0,0,36.261980,-86.789700,I 24,,,,0.00,,,,,,,41.70,N,Not at Intersection, ,Non-Junction,None,,,         ,Jeanine,Sarno,Clear,Front to Rear,no,no,no,no,no,False
103136346,VANDERBILT UNIVERSITY POLICE,202104579665,Davidson,Nashville,11/9/2021 12:00:00 AM,2,0,0,36.111930,-86.762920,THOMPSON LN,,,,0.00,,,,,,,0.00,,, ,,None,,,         ,Nancy,Douglas,,,no,no,no,yes,no,False
103136352,METROPOLITAN NASHVILLE POLICE DEPT,20210579697,Davidson,Nashville,11/9/2021 12:00:00 AM,2,0,0,36.070310,-86.720950,TAYLOR RD,,,,232.00,Feet,North,NOLENSVILLE PKE,,,,0.00,N,Not at Intersection,N,Non-Junction,None,,,         ,Joseph,Hurst,Clear,Angle,no,no,no,no,yes,False
103136354,METROPOLITAN NASHVILLE POLICE DEPT,20210579610,Davidson,Nashville,11/9/2021 1:55:00 PM,3,0,0,36.183350,-86.798710,I 65,,,,0.00,,,,,,,85.05,N,Not at Intersection,N,Non-Junction,None,,,         ,Jerrod,Kalinsky,Clear,Angle,no,no,no,no,no,False
103136358,METROPOLITAN NASHVILLE POLICE DEPT,20210579589,Davidson,Nashville,11/9/2021 12:00:00 AM,1,0,0,36.039490,-86.719130,SWISS RIDGE APTS PVTDR,,,,414.00,Feet,East,SWISS AV,,,,0.00,N,Not at Intersection,N,"Driveway, Alley Access, etc",None,,,         ,Dillon,Deleacaes,Unknown,Not Collision with Motor Vehicle in Transport,no,no,no,yes,yes,False
103136390,METROPOLITAN NASHVILLE POLICE DEPT,20210579735,Davidson,Nashville,11/9/2021 3:00:00 PM,2,0,0,36.153760,-86.843000,I 40,,,,0.00,,,,,,,204.70,N,Not at Intersection,Y,Non-Junction,None,,,         ,Heather,Fox,Clear,Front to Rear,no,no,no,no,yes,False
103136397,METROPOLITAN NASHVILLE POLICE DEPT,20210579603,Davidson,Nashville,11/9/2021 1:48:00 PM,2,1,0,36.105850,-86.742620,NOLENSVILLE PKE,,,,207.00,Feet,South,MORTON AV,,,,0.00,N,Not at Intersection,N,Non-Junction,None,,,         ,Earl,Davis,Clear,Angle,no,no,no,no,no,False
103136429,METROPOLITAN NASHVILLE POLICE DEPT,20210579811,Davidson,Nashville,11/9/2021 4:02:00 PM,2,0,0,36.156610,-86.692290,BRILEY PKWYN,,,,0.00,Feet,North,BRILEY PKWY N ENT RAMP,,,,0.00,N,Not at Intersection,N,Non-Junction,None,,,         ,Douglas,Mann,Clear,"Sideswipe, Same Direction",no,no,no,no,yes,False
103136431,METROPOLITAN NASHVILLE POLICE DEPT,20210579709,Davidson,Nashville,11/9/2021 3:27:00 PM,2,0,0,36.110940,-86.745220,THOMPSON LN,,,,0.00,,,NOLENSVILLE PKE,,,,0.00,Y,Four-Way, ,Intersection,None,,,         ,Steven,Powers,Clear,Front to Rear,no,no,no,no,no,False
103136432,METROPOLITAN NASHVILLE POLICE DEPT,20210579739,Davidson,Nashville,11/9/2021 3:22:00 PM,2,0,0,36.074990,-86.720280,FLORA MAXWELL RD,,,,0.00,,,TAYLOR RD,,,,0.00,Y,T-Intersection,N,Intersection,None,,,         ,Joseph,Hurst,Clear,Angle,no,no,no,no,no,False
103136444,METROPOLITAN NASHVILLE POLICE DEPT,20210579649,Davidson,Nashville,11/9/2021 2:17:00 PM,3,2,0,36.088970,-86.762500,I65 N ENT RAMP,,,,0.00,,,I 65,,,,0.00,Y,OTHER,Y,Entrance/Exit Ramp Related,None,,,         ,Earl,Davis,Clear,Front to Rear,no,no,no,no,yes,False
103136450,METROPOLITAN NASHVILLE POLICE DEPT,20210579826,Davidson,Nashville,11/9/2021 3:15:00 PM,2,0,0,36.048270,-86.648150,MT VIEW RD,,,,0.00,,,,,,,0.00,,, ,Non-Junction,None,,,         ,Joseph,Hurst,Clear,Angle,no,no,no,no,no,False
103136451,METROPOLITAN NASHVILLE POLICE DEPT,20210579765,Davidson,Nashville,11/9/2021 3:37:00 PM,2,0,0,36.064790,-86.628480,HAMILTON CHURCH RD,,,,0.00,Feet,,MURFREESBORO PKE,,,,0.00,Y,Four-Way,N,Intersection,None,,,         ,Nathaniel,Myers,Cloudy,Angle,no,no,no,no,no,False
103136466,METROPOLITAN NASHVILLE POLICE DEPT,20210579874,Davidson,Nashville,11/9/2021 4:45:00 PM,2,1,0,36.137850,-86.857710,KNOB RD,,,,0.00,,,WHITE BRIDGE PKE,,,,0.00,Y,Four-Way,N,Intersection,None,,,         ,Heather,Fox,Clear,Angle,no,no,no,no,no,False
103136470,METROPOLITAN NASHVILLE POLICE DEPT,2021-0578815,Davidson,Nashville,11/9/2021 12:00:00 AM,2,1,0,36.142290,-86.709980,I 40,,,,0.00,,,,,,,214.20,N,Not at Intersection,N,Non-Junction,None,,,         ,Frank,Walker,Clear,Front to Rear,no,no,no,no,yes,False
103136478,METROPOLITAN NASHVILLE POLICE DEPT,20210579921,Davidson,Nashville,11/9/2021 5:21:00 PM,2,3,0,36.085240,-86.700920,I24 E ENT RAMP,,,,0.00,Feet,East,I 24,,,,0.00,N,Not at Intersection,N,Entrance/Exit Ramp Related,None,,,         ,Joseph,Hurst,Clear,Front to Rear,no,no,no,no,no,False
103136483,METROPOLITAN NASHVILLE POLICE DEPT,20210579887,Davidson,Nashville,11/9/2021 4:47:00 PM,2,0,0,36.125640,-87.733450,OGDEN RD,,,,1.07,Miles,North,AIRPORT RD,,,,0.00,N,Not at Intersection,N,Non-Junction,None,,,         ,Beri,Scott,Clear,Front to Rear,no,no,no,no,no,False
103136513,METROPOLITAN NASHVILLE POLICE DEPT,20210580010,Davidson,Nashville,11/9/2021 5:30:00 PM,2,1,0,36.128090,-86.842920,HARDING PKE,,,,341.00,Feet,East,WOODLAWN DR,,,,0.00,N,Not at Intersection,N,Non-Junction,None,,,         ,Heather,Fox,Clear,Front to Rear,no,no,no,no,no,False
103136518,METROPOLITAN NASHVILLE POLICE DEPT,20210579967,Davidson,Not in City Limit,11/9/2021 5:58:00 PM,2,0,0,36.264210,-86.734770,OLD HICKORY BLVDW,,,,126.00,Feet,East,BOYDS HILLTOP DR,,,,0.00,N,Not at Intersection,N,Non-Junction,None,,,         ,Benjamin,Williams,Clear,Front to Rear,no,no,no,no,no,False
103136519,METROPOLITAN NASHVILLE POLICE DEPT,20210580046,Davidson,Nashville,11/9/2021 7:08:00 PM,1,0,0,36.068130,-86.669830,RICHARDS RD,,,,233.00,Feet,West,DOWDY DR,,,,0.00,N,Not at Intersection,N,Non-Junction,None,,,         ,Joseph,Hurst,Clear,Not Collision with Motor Vehicle in Transport,no,no,no,no,no,False
103136520,METROPOLITAN NASHVILLE POLICE DEPT,20210579951,Davidson,Nashville,11/9/2021 12:00:00 AM,2,2,0,36.065240,-86.759230,HOGAN RD,,,,0.00,,,TROUSDALE DR,,,,0.00,Y,Four-Way,N,Intersection-Related,None,,,         ,Ashley,Kappenmacher,Clear,Other,no,no,no,no,no,False
103136524,METROPOLITAN NASHVILLE POLICE DEPT,20210579872,Davidson,Nashville,11/9/2021 4:43:00 PM,4,1,0,36.118340,-86.750310,GRANDVIEW AV,,,,144.00,Feet,South,NEWSOME ST,,,,0.00,N,Not at Intersection,N,Non-Junction,None,,,         ,Dakota,Davis,Clear,Front to Rear,no,no,no,no,yes,False
103136532,METROPOLITAN NASHVILLE POLICE DEPT,20210579897,Davidson,Nashville,11/9/2021 4:50:00 PM,2,1,0,36.116030,-86.792560,,,I440E,,0.00,Miles,East,,,,,3.08,N,Not at Intersection,N,Non-Junction,None,,,         ,Darci,Stechman,Clear,Front to Rear,no,no,no,no,no,False
103136538,METROPOLITAN NASHVILLE POLICE DEPT,20210579864,Davidson,Nashville,11/9/2021 4:17:00 PM,2,0,0,36.149420,-86.773240,I 40,,,,0.00,,,,,,,210.20,N,Not at Intersection, ,Non-Junction,None,,,         ,Robert,Laboy,Clear,"Sideswipe, Same Direction",no,no,no,no,no,False
103136539,METROPOLITAN NASHVILLE POLICE DEPT,20210580016,Davidson,Nashville,11/9/2021 5:23:00 PM,2,0,0,36.109260,-86.769780,I 65,,,,0.00,,,,,,,79.70,N,Not at Intersection, ,Non-Junction,None,,,         ,Steven,Powers,Clear,"Sideswipe, Same Direction",no,no,no,no,no,False
103136540,METROPOLITAN NASHVILLE POLICE DEPT,20210579924,Davidson,Madison,11/9/2021 3:19:00 PM,2,0,0,36.277940,-86.795730,HICKORY HILLS CT,,,,193.00,Feet,East,HICKORY HILLS BLVD,,,,0.00,N,Not at Intersection,N,Non-Junction,None,,,         ,Wesley,Carver,Clear,Angle,no,no,no,yes,yes,False
103136541,METROPOLITAN NASHVILLE POLICE DEPT,20210579983,Davidson,Goodlettsville,11/9/2021 5:13:00 PM,2,1,0,36.296570,-86.698910,MYATT DR,,,,142.00,Feet,South,GALLATIN PKEN,,,,0.00,N,Not at Intersection,N,Non-Junction,None,,,         ,Connor,Hosey,Clear,Front to Rear,no,no,no,no,yes,False
103136552,METROPOLITAN NASHVILLE POLICE DEPT,20210579847,Davidson,Nashville,11/9/2021 4:20:00 PM,2,1,0,36.080650,-86.805400,TYNE BLVD,,,,0.00,,,GRANNY WHITE PKE,,,,0.00,Y,Four-Way,N,Intersection,None,,,         ,Tyler,Shanks,Clear,Angle,no,no,no,no,no,False
103136586,METROPOLITAN NASHVILLE POLICE DEPT,20210580134,Davidson,Nashville,11/9/2021 7:55:00 PM,3,0,0,36.049980,-86.649500,BELL RD,,,,0.00,,,MT VIEW RD,,,,0.00,Y,Four-Way,N,Intersection-Related,None,,,         ,Joseph,Hurst,Clear,Front to Rear,no,no,no,no,yes,False
103136599,METROPOLITAN NASHVILLE POLICE DEPT,20210579936,Davidson,Nashville,11/9/2021 5:20:00 PM,4,2,0,36.158270,-86.639310,STEWARTS FERRY PKE,,,,285.00,Feet,East,HICKORY BEND DR,,,,0.00,N,Not at Intersection,N,Non-Junction,None,,,         ,Donovan,Coble,Clear,Front to Rear,no,no,no,no,no,False
103136615,VANDERBILT UNIVERSITY POLICE,20210580067,Davidson,Nashville,11/9/2021 7:11:00 PM,2,0,0,36.141230,-86.812100,VANDERBILT PL,,,,0.00,,,,,,,0.00,,, ,Non-Junction,None,,,         ,Michael,Wyers,,Front to Rear,no,no,no,yes,no,Campus
103136616,METROPOLITAN NASHVILLE POLICE DEPT,20210580125,Davidson,Not in City Limit,11/9/2021 8:09:00 PM,2,0,0,36.267180,-86.737180,I 65,,,,0.00,,,,,,,92.40,N,Not at Intersection,N,Non-Junction,None,,,         ,Benjamin,Williams,Clear,Front to Rear,no,no,no,no,no,False
103136624,METROPOLITAN NASHVILLE POLICE DEPT,20210578353,Davidson,Antioch,11/8/2021 10:14:00 PM,2,0,0,36.016300,-86.615990,FIRESTONE PKWY,,,,0.00,Feet,,GOULD BLVD,,,,0.00,Y,T-Intersection,N,Intersection-Related,None,,,         ,Beri,Scott,Clear,Angle,no,no,no,no,no,False
103136644,METROPOLITAN NASHVILLE POLICE DEPT,20210580179,Davidson,Nashville,11/9/2021 8:30:00 PM,2,0,0,36.161540,-86.775970,3RD AVS,,,,0.00,,,BROADWAY,,,,0.00,Y,Four-Way,N,Intersection,None,,,         ,Daniel,Tomlinson,Clear,Angle,no,no,no,no,yes,False
103136649,METROPOLITAN NASHVILLE POLICE DEPT,20210580073,Davidson,Nashville,11/9/2021 7:26:00 PM,2,0,0,36.144820,-86.777410,I 65,,,,0.00,,,,,,,82.20,N,Not at Intersection, ,Non-Junction,None,,,         ,Travis,Pemberton,Clear,Angle,no,no,no,no,no,False
103136660,METROPOLITAN NASHVILLE POLICE DEPT,20210579970,Davidson,Nashville,11/9/2021 5:58:00 PM,1,1,0,36.159200,-86.642260,STEWARTS FERRY PKE,,,,401.00,Feet,East,HICKORY PL,,,,0.00,N,Not at Intersection,N,Non-Junction,None,,,         ,Joshua,Zambrano-Vera,Clear,Not Collision with Motor Vehicle in Transport,no,no,no,yes,no,False
103136678,METROPOLITAN NASHVILLE POLICE DEPT,20210579889,Davidson,Nashville,11/9/2021 12:00:00 AM,2,0,0,36.058630,-86.641040,CAMBRIDGE APTS PVTDR,,,,13.00,Feet,West,BELL RD,,,,0.00,N,Not at Intersection,N,OtherLocation,None,,,         ,Beri,Scott,Unknown,Front to Rear,no,no,no,yes,yes,False
103136692,METROPOLITAN NASHVILLE POLICE DEPT,20210579944,Davidson,Nashville,11/9/2021 4:54:00 PM,2,0,0,36.168330,-86.814590,I 40,,,,0.00,,,,,,,206.80,N,Not at Intersection,N,Non-Junction,None,,,         ,Anna,Clayton,Clear,Front to Rear,no,no,no,no,no,False
103136695,METROPOLITAN NASHVILLE POLICE DEPT,20210580162,Davidson,Nashville,11/9/2021 8:48:00 PM,2,0,0,36.049280,-86.651730,BELL RD,,,,0.00,,,HICKORY HOLLOW MALL PVTDR PL,,,,0.00,Y,Four-Way,N,Intersection-Related,None,,,         ,Joseph,Hurst,Clear,Front to Rear,no,no,no,no,yes,False
103136699,METROPOLITAN NASHVILLE POLICE DEPT,20210580068,Davidson,Nashville,11/9/2021 6:13:00 PM,2,0,0,36.172180,-86.795780,JEFFERSON ST,,,,59.00,Feet,East,WARREN ST,,,,0.00,N,Not at Intersection,N,Non-Junction,None,,,         ,Tristen,Mayfield,Clear,Angle,no,no,no,no,yes,False
103136720,METROPOLITAN NASHVILLE POLICE DEPT,20210580158,Davidson,Nashville,11/9/2021 8:30:00 PM,2,0,0,36.162680,-86.830290,CLARE AV,,,,0.00,,,ALBION ST,,,,0.00,Y,OTHER, ,Non-Junction,None,,,         ,Tre,Marlowe,Clear,HeadOn,no,no,no,no,no,False
103136723,METROPOLITAN NASHVILLE POLICE DEPT,20210580126,Davidson,Nashville,11/9/2021 8:14:00 PM,2,2,0,36.153790,-86.794410,17TH AVS,,,,0.00,,,WEST END AV,,,,0.00,Y,Four-Way,N,Intersection,None,,,         ,Travis,Pemberton,Clear,Angle,no,no,no,no,no,False
103136727,GOODLETTSVILLE POLICE DEPT,21-31410,Davidson,Goodlettsville,11/9/2021 7:00:00 PM,2,0,0,36.318580,-86.699960,NORTHCREEK BLVD,,,,164.00,Feet,West,LENOX PL,,,,0.00,N,Not at Intersection,N,Non-Junction,None,,,         ,Katelyn,Gilliland,Clear,Angle,no,no,no,no,no,False
103136736,METROPOLITAN NASHVILLE POLICE DEPT,20210580084,Davidson,Nashville,11/9/2021 7:29:00 PM,2,1,0,36.038490,-86.712990,NOLENSVILLE PKE,,,,31.00,Feet,North,SHADOW GLEN DR,,,,0.00,N,Not at Intersection,N,Non-Junction,None,,,         ,Beri,Scott,Clear,Front to Rear,no,no,no,no,no,False
103136745,METROPOLITAN NASHVILLE POLICE DEPT,20210580141,Davidson,Not in City Limit,11/9/2021 6:40:00 PM,2,0,0,36.069680,-86.927050,HICKS RD,,,,0.00,,,,,,,0.00,,, ,Non-Junction,None,,,         ,Michael,Sipos,Clear,"Sideswipe, Opposite Direction",no,no,no,no,yes,False
103136747,METROPOLITAN NASHVILLE POLICE DEPT,20210580078,Davidson,Nashville,11/9/2021 7:25:00 PM,2,2,0,36.118100,-86.725900,I 24,,,,0.00,,,,,,,53.00,N,Not at Intersection,N,Non-Junction,None,,,         ,Steven,Bowler,Clear,Angle,no,no,no,no,no,False
103136748,METROPOLITAN NASHVILLE POLICE DEPT,20210580186,Davidson,Nashville,11/9/2021 8:40:00 PM,2,0,0,36.154060,-86.793570,WEST END AV,,,,214.00,Feet,West,BROADWAY,,,,0.00,N,Not at Intersection,N,Non-Junction,None,,,         ,Robert,Laboy,Clear,"Sideswipe, Same Direction",no,no,no,no,no,False
103136750,METROPOLITAN NASHVILLE POLICE DEPT,20210580169,Davidson,Nashville,11/9/2021 12:00:00 AM,2,1,0,36.045370,-86.713260,OLD HICKORY BLVD,,,,0.00,,,NOLENSVILLE PKE,,,,0.00,Y,Four-Way,N,Intersection-Related,None,,,         ,Ashley,Kappenmacher,Clear,Front to Rear,no,no,no,no,no,False
103136769,METROPOLITAN NASHVILLE POLICE DEPT,20210580245,Davidson,Not in City Limit,11/9/2021 9:40:00 PM,1,0,0,36.282050,-86.731860,I 65,,,,0.00,,,,,,,93.50,N,Not at Intersection,N,Non-Junction,None,,,         ,Ashton,Hill,Clear,Not Collision with Motor Vehicle in Transport,no,no,no,no,no,False
103136777,METROPOLITAN NASHVILLE POLICE DEPT,20210580292,Davidson,Nashville,11/9/2021 10:16:00 PM,2,0,0,36.150930,-86.770580,I40 W EXT RAMP,,,,0.00,Feet,East,I 40,,,,0.00,N,Not at Intersection,N,Unknown,None,,,         ,Tim,Le,Clear,Angle,no,no,no,no,yes,False
103136782,METROPOLITAN NASHVILLE POLICE DEPT,20210580240,Davidson,Nashville,11/9/2021 9:30:00 PM,6,1,0,36.243210,-86.722960,GALLATIN PKES,,,,499.00,Feet,South,LAKEWOOD DR,,,,0.00,N,Not at Intersection,N,Non-Junction,None,,,         ,David,Harms,Clear,"Sideswipe, Same Direction",no,no,no,no,no,False
103136787,METROPOLITAN NASHVILLE POLICE DEPT,20210580423,Davidson,Nashville,11/9/2021 8:00:00 PM,1,0,0,36.081373,-86.606468,ANDERSON,RD,,,30.00,Feet,North,HARVEST CT,CT,,,0.00,N,Not at Intersection, ,,None,,,         ,Samuel,Fredericks,,,no,no,no,no,no,False
103136791,METROPOLITAN NASHVILLE POLICE DEPT,20210580389,Davidson,Nashville,11/10/2021 12:20:00 AM,2,0,0,36.233630,-86.724790,GALLATIN PKE SB EXT RAMP,,,,0.00,,,GALLATIN PKE,,,,0.00,Y,Four-Way,N,Entrance/Exit Ramp Related,None,,,         ,Dillon,Hunt,Clear,Angle,no,no,no,no,yes,False
103136806,METROPOLITAN NASHVILLE POLICE DEPT,20210580267,Davidson,Nashville,11/9/2021 7:50:00 PM,3,0,0,36.039800,-86.740540,OLD HICKORY BLVD,,,,406.00,Feet,West,HIGHLAND VILLA DR,,,,0.00,N,Not at Intersection,N,Non-Junction,None,,,         ,James,Wells Jr.,Clear,"Sideswipe, Same Direction",no,no,no,no,no,False
103136817,METROPOLITAN NASHVILLE POLICE DEPT,20210580585,Davidson,Not in City Limit,11/10/2021 4:20:00 AM,1,0,0,36.022390,-86.629230,I 24,,,,0.00,,,,,,,61.85,N,Not at Intersection,N,Non-Junction,None,,,         ,Jose,Oliveros,Clear,Not Collision with Motor Vehicle in Transport,no,no,no,no,no,False