master_record_number,agency,agency_tracking_number,county,city,collision_date,vehicles_involved,number_injured,number_dead,latitude,longitude,roadway_name,roadway_suffix,roadway_number,roadway_local_id,distance_from_reference,miles-feet_indicator,direction_from_reference,intersection_road_name,intersection_road_name_suffix,intersection_road_number,intersection_local_id,mile_marker,intersection_indicator,intersect_type,interchange_related_indicator,relation_to_junction,work_zone_type,construction_maintenance_zone,construction_maintenance_zone_location,fatal_case_number,officer_first_name,officer_last_name,weather_condition(s),manner_of_crash,pedestrian,bicycle,scooter,parking,hitrun,mou
103141276,METROPOLITAN NASHVILLE POLICE DEPT,20210587850,Davidson,Nashville,11/14/2021 12:00:00 AM,3,3,0,36.108400,-86.812300,HILLSBORO PKE,,,,114.00,Feet,South,GLEN ECHO RD,,,,0.00,N,Not at Intersection,N,Non-Junction,None,,,         ,Ashley,Kappenmacher,Clear,Front to Rear,no,no,no,no,no,False
103141282,METROPOLITAN NASHVILLE POLICE DEPT,20210587784,Davidson,Nashville,11/14/2021 4:08:00 PM,2,0,0,36.143630,-86.701700,I40 E EXT RAMP,,,,0.00,Feet,East,I 40,,,,0.00,N,Not at Intersection, ,Non-Junction,None,,,         ,Rami,Rouhi,Clear,Front to Rear,no,no,no,no,no,False
103141289,METROPOLITAN NASHVILLE POLICE DEPT,20210587865,Davidson,Madison,11/14/2021 12:00:00 AM,1,0,0,36.272130,-86.754200,DICKERSON PKE,,,,1077.00,Feet,South,YOEST DR,,,,0.00,N,Not at Intersection, ,Non-Junction,None,,,         ,Thomas,Denenea,Clear,Not Collision with Motor Vehicle in Transport,no,no,no,no,no,False
103141293,METROPOLITAN NASHVILLE POLICE DEPT,20210587928,Davidson,Nashville,11/14/2021 4:30:00 PM,2,0,0,36.190570,-86.747380,W GREENWOOD AV,,,,64.00,Feet,West,BAILEY ST,,,,0.00,N,Not at Intersection,N,Non-Junction,None,,,         ,Adam,Warren,Clear,HeadOn,no,no,no,no,yes,False
103141299,METROPOLITAN NASHVILLE POLICE DEPT,20210587781,Davidson,Nashville,11/14/2021 4:06:00 PM,3,0,0,36.211000,-86.838930,NORTHSIDE STATION PVTDR,,,,0.00,,,CLARKSVILLE PKE,,,,0.00,Y,Four-Way,Y,Intersection,Work Zone,Work On Shoulder Or Median,Unknown,         ,Scarlett,Collins,Clear,"Sideswipe, Opposite Direction",no,no,no,no,no,False
103141318,METROPOLITAN NASHVILLE POLICE DEPT,20210587807,Davidson,Nashville,11/14/2021 4:36:00 PM,2,0,0,36.173800,-86.762820,MAIN ST,,,,0.00,,,N 6TH ST,,,,0.00,Y,T-Intersection,N,Intersection,None,,,         ,James,Harben,Clear,Angle,no,no,no,no,no,False
103141343,METROPOLITAN NASHVILLE POLICE DEPT,20210587922,Davidson,Nashville,11/14/2021 6:00:00 PM,2,0,0,36.209190,-86.764820,KINGSTON ST,,,,500.00,Feet,East,DICKERSON PKE,,,,0.00,N,Not at Intersection,N,Non-Junction,None,,,         ,Ciara,Doherty,Clear,"Sideswipe, Same Direction",no,no,no,no,yes,False
103141345,BELLE MEADE POLICE DEPT,21-0238,Davidson,Belle Meade,11/14/2021 6:07:00 PM,2,0,0,36.114400,-86.861860,HARDING PKE,,,,0.00,,,JACKSON BLVD,,,,0.00,Y,OTHER,N,Intersection,None,,,         ,William,Scarbrough,Clear,Front to Rear,no,no,no,no,no,False
103141348,METROPOLITAN NASHVILLE POLICE DEPT,20210587981,Davidson,Nashville,11/14/2021 7:24:00 PM,2,1,0,36.124560,-86.700030,SATURN DR,,,,0.00,Feet,,VULTEE BLVD,,,,0.00,Y,Four-Way,N,Intersection,None,,,         ,Robert,Marquez,Clear,Angle,no,no,no,no,no,False
103141362,METROPOLITAN NASHVILLE POLICE DEPT,20210588010,Davidson,Antioch,11/14/2021 7:46:00 PM,1,1,0,35.992860,-86.624680,BURKITT RD,,,,768.00,Feet,South,BATTLE RD,,,,0.00,N,Not at Intersection,N,Non-Junction,None,,,         ,Steven,Bowler,Clear,Not Collision with Motor Vehicle in Transport,no,no,no,no,no,False
103141376,METROPOLITAN NASHVILLE POLICE DEPT,20210587976,Davidson,Nashville,11/14/2021 5:25:00 PM,2,1,0,36.082670,-86.710490,TAMPA DR,,,,0.00,,,HARDING PL,,,,0.00,Y,Four-Way,N,Intersection,None,,,         ,Keith,Parlato,Clear,Front to Rear,no,no,no,no,yes,False
103141385,METROPOLITAN NASHVILLE POLICE DEPT,20210587877,Davidson,Nashville,11/14/2021 5:23:00 PM,3,0,0,36.041100,-86.778930,OLD HICKORY BLVD,,,,151.00,Feet,East,FRANKLIN PIKE CIR,,,,0.00,N,Not at Intersection,N,Non-Junction,None,,,         ,Dylan,Motes,Clear,Angle,no,no,no,no,no,False
103141386,METROPOLITAN NASHVILLE POLICE DEPT,20210588021,Davidson,Nashville,11/14/2021 6:07:00 PM,2,0,0,36.172830,-86.755590,S 9TH ST,,,,13.00,Feet,South,FATHERLAND ST,,,,0.00,N,Not at Intersection,N,Non-Junction,None,,,         ,Tyler,Lewis,Clear,Front to Rear,no,no,no,no,yes,False
103141412,METROPOLITAN NASHVILLE POLICE DEPT,20210587974,Davidson,Nashville,11/14/2021 12:00:00 AM,2,1,0,36.246570,-86.721230,GALLATIN PKES,,,,42.00,Feet,South,BERKLEY DR,,,,0.00,N,Not at Intersection,N,"Driveway, Alley Access, etc",None,,,         ,Vincent,McCrary,Clear,Front to Rear,no,no,no,no,no,False
103141425,METROPOLITAN NASHVILLE POLICE DEPT,20210588064,Davidson,Nashville,11/14/2021 8:35:00 PM,2,1,0,36.159110,-86.773360,2ND AVS,,,,0.00,,,MOLLOY ST,,,,0.00,Y,Four-Way,Y,Intersection,None,,,         ,James,Hill,Clear,Angle,no,no,no,no,no,False
103141435,METROPOLITAN NASHVILLE POLICE DEPT,20210587995,Davidson,Nashville,11/14/2021 7:44:00 PM,3,1,0,36.071870,-86.636180,BELL RD,,,,0.00,,,MURFREESBORO PKE,,,,0.00,Y,Four-Way,N,Intersection-Related,None,,,         ,Brian,Sherman,Clear,Angle,no,no,no,no,no,False
103141455,METROPOLITAN NASHVILLE POLICE DEPT,20210588118,Davidson,Nashville,11/14/2021 10:10:00 PM,2,1,0,36.228920,-86.591340,SAUNDERSVILLE RD,,,,0.00,,,WOODSIDE DR,,,,0.00,Y,Four-Way,N,Intersection,None,,,         ,Nelson,Hemingway,,Angle,no,no,no,no,no,False
103141479,METROPOLITAN NASHVILLE POLICE DEPT,20210588116,Davidson,Nashville,11/14/2021 12:00:00 AM,2,0,0,36.121760,-86.842660,KENNER AV,,,,472.00,Feet,East,WOODMONT BLVD,,,,0.00,N,Not at Intersection,N,Non-Junction,None,,,         ,William,McDaniel,,Unknown,no,no,no,no,yes,False
103141497,METROPOLITAN NASHVILLE POLICE DEPT,20210588257,Davidson,Nashville,11/15/2021 12:00:00 AM,1,0,0,36.206780,-86.697360,OPRY MILLS DR,,,,1058.00,Feet,North,MOSS ROSE DR,,,,0.00,N,Not at Intersection,N,Non-Junction,None,,,         ,Hunter,Hodge,Clear,Not Collision with Motor Vehicle in Transport,no,no,no,no,yes,False
103141498,METROPOLITAN NASHVILLE POLICE DEPT,20210588214,Davidson,Nashville,11/15/2021 12:00:00 AM,2,0,0,36.070740,-86.730410,WHISPERING HILLS DR,,,,0.00,Feet,,ADAMWOOD DR,,,,0.00,Y,T-Intersection, ,Intersection-Related,None,,,         ,Clayton,Cox,Clear,"Sideswipe, Same Direction",no,no,no,no,yes,False
103141506,GOODLETTSVILLE POLICE DEPT,21-31929,Davidson,Goodlettsville,11/15/2021 1:15:00 AM,1,0,0,36.309700,-86.688300,VIETNAM VETERANS BLVDN,,,,709.00,Feet,East,VIETNAM VETERANS BLVDS,,,,0.00,N,Not at Intersection,N,Non-Junction,None,,,         ,Michael,Morgan,Clear,Not Collision with Motor Vehicle in Transport,no,no,no,no,no,False
103141511,METROPOLITAN NASHVILLE POLICE DEPT,20210588295,Davidson,Nashville,11/15/2021 1:32:00 AM,1,0,0,36.170070,-86.862480,CENTENNIAL BLVD,,,,54.00,Feet,South,CENTENNIAL BLVD ACCESS RD,,,,0.00,N,Not at Intersection,N,Non-Junction,None,,,         ,Justin,McCormick,,Not Collision with Motor Vehicle in Transport,no,no,no,no,yes,False
103141516,THP District 9 - Administrative,321075235,Davidson,Nashville,11/10/2021 5:15:00 PM,2,0,0,36.165310,-86.783150,6TH AVN,,,,0.00,,,CHARLOTTE AV,,,,0.00,Y,T-Intersection, ,Intersection-Related,None,,,         ,Carl,Cagle,Clear,"Sideswipe, Same Direction",no,no,no,no,yes,False
103141564,METROPOLITAN NASHVILLE POLICE DEPT,20210588516,Davidson,Nashville,11/15/2021 5:56:00 AM,1,0,0,36.226840,-86.696480,BRILEY PKWYS,,,,1059.00,Feet,North,MUSIC VALLEY DR,,,,0.00,N,Not at Intersection,N,Non-Junction,None,,,         ,Ronald,Bright,Clear,Not Collision with Motor Vehicle in Transport,no,no,no,no,no,False
103141587,METROPOLITAN NASHVILLE POLICE DEPT,20210588501,Davidson,Nashville,11/15/2021 5:36:00 AM,2,0,0,36.114400,-86.724520,I 24,,,,0.00,,,,,,,53.30,N,Not at Intersection,N,Non-Junction,None,,,         ,Dillon,Gann,Clear,Front to Rear,no,no,no,no,no,False
103141589,METROPOLITAN NASHVILLE POLICE DEPT,20210588498,Davidson,Nashville,11/15/2021 5:35:00 AM,2,0,0,36.150150,-86.700200,ACORN DR,,,,0.00,Feet,,ELM HILL PKE,,,,0.00,Y,Four-Way,N,Intersection,None,,,         ,Zacarias,Brito Jr.,Clear,Angle,no,no,no,no,no,False
103141600,METROPOLITAN NASHVILLE POLICE DEPT,20210588542,Davidson,Nashville,11/15/2021 6:26:00 AM,2,0,0,36.238680,-86.754940,I 65,,,,0.00,,,,,,,90.10,N,Not at Intersection, ,Non-Junction,None,,,         ,Chase,Carter,Clear,"Sideswipe, Same Direction",no,no,no,no,yes,False
103141604,METROPOLITAN NASHVILLE POLICE DEPT,20210588604,Davidson,Not in City Limit,11/15/2021 7:20:00 AM,1,1,0,36.143230,-86.953520,RIVER ROAD PKE,,,,1381.00,Feet,North,INDIAN CREEK RD,,,,0.00,N,Not at Intersection,N,Non-Junction,None,,,         ,Jared,Dick,Clear,Not Collision with Motor Vehicle in Transport,no,no,no,no,no,False
103141612,METROPOLITAN NASHVILLE POLICE DEPT,20210588551,Davidson,Nashville,11/15/2021 6:26:00 AM,2,0,0,36.138050,-86.734530,HILL AV,,,,202.00,Feet,West,ARLINGTON AV,,,,0.00,N,Not at Intersection,N,Non-Junction,None,,,         ,Joe,Hooper,Clear,Front to Rear,no,no,no,no,no,False
103141623,METROPOLITAN NASHVILLE POLICE DEPT,20210588541,Davidson,Nashville,11/15/2021 6:40:00 AM,2,1,0,36.066750,-86.935800,OLD HARDING PKE,,,,10.00,Feet,East,BELLE POINTE DR,,,,0.00,N,Not at Intersection,N,Non-Junction,None,,,         ,Terence,Mitchell,Clear,Front to Rear,no,no,no,no,no,False
103141634,METROPOLITAN NASHVILLE POLICE DEPT,20210587958,Davidson,Nashville,11/14/2021 2:35:00 PM,2,0,0,36.052810,-86.674420,TUSCULUM RD,,,,71.00,Feet,East,BLUE LAKE CIR,,,,0.00,N,Not at Intersection, ,Non-Junction,None,,,         ,Gregory,Dixon,Clear,"Sideswipe, Same Direction",no,no,no,no,yes,False
103141636,METROPOLITAN NASHVILLE POLICE DEPT,20210588609,Davidson,Nashville,11/15/2021 7:20:00 AM,2,0,0,36.124650,-86.708110,VULTEE BLVD,,,,222.00,Feet,East,MURFREESBORO PKE,,,,0.00,N,Not at Intersection,N,Non-Junction,None,,,         ,MIchael,Mihajlov,Clear,Front to Rear,no,no,no,no,yes,False
103141665,METROPOLITAN NASHVILLE POLICE DEPT,20210587658,Davidson,Nashville,11/14/2021 2:26:00 PM,2,1,0,36.089550,-86.650270,MURFREESBORO PKE,,,,190.00,Feet,North,RANSOM PL,,,,0.00,N,Not at Intersection,N,Non-Junction,None,,,         ,Darrin,Hardin,Clear,Front to Rear,no,no,no,no,no,False
103141666,METROPOLITAN NASHVILLE POLICE DEPT,20210588650,Davidson,Nashville,11/15/2021 7:51:00 AM,2,2,0,36.103070,-86.666210,MURFREESBORO PKE,,,,0.00,,,TOWN PARK DR,,,,0.00,Y,T-Intersection,N,Intersection,None,,,         ,Stanley,Collins,Cloudy,Angle,no,no,no,no,no,False
103141674,METROPOLITAN NASHVILLE POLICE DEPT,20210588722,Davidson,Nashville,11/15/2021 8:37:00 AM,2,0,0,36.206180,-86.776510,I 65,,,,0.00,,,,,,,87.30,N,Not at Intersection,N,Non-Junction,None,,,         ,Michael,Richardson,Unknown,"Sideswipe, Same Direction",no,no,no,no,no,False
103141675,METROPOLITAN NASHVILLE POLICE DEPT,20210588684,Davidson,Nashville,11/15/2021 8:13:00 AM,2,1,0,36.111500,-86.791630,WOODMONT BLVD,,,,283.00,Feet,East,GRANNY WHITE PKE,,,,0.00,N,Not at Intersection,N,Non-Junction,None,,,         ,Rico,Hunt,Clear,Front to Rear,no,no,no,no,no,False
103141678,METROPOLITAN NASHVILLE POLICE DEPT,20210588717,Davidson,Nashville,11/15/2021 12:00:00 AM,1,0,0,36.056360,-86.664950,MT VIEW RD,,,,958.00,Feet,South,OTTENVILLE AV,,,,0.00,N,Not at Intersection,N,Non-Junction,None,,,         ,Joe,Hooper,Unknown,Not Collision with Motor Vehicle in Transport,no,no,no,no,yes,False
103141685,METROPOLITAN NASHVILLE POLICE DEPT,20210588718,Davidson,Nashville,11/15/2021 12:00:00 AM,2,0,0,36.143100,-86.790640,EDGEHILL AV,,,,0.00,,,15TH AVS,,,,0.00,Y,T-Intersection,N,Intersection,None,,,         ,Earl,Davis,Cloudy,Angle,no,no,no,no,no,False
103141691,METROPOLITAN NASHVILLE POLICE DEPT,20210588688,Davidson,Not in City Limit,11/15/2021 7:50:00 AM,2,0,0,36.294770,-86.811020,I 24,,,,0.00,,,,,,,39.10,N,Not at Intersection,Y,Non-Junction,None,,,         ,Justin,Wells,Clear,Front to Rear,no,no,no,no,no,False
103141695,METROPOLITAN NASHVILLE POLICE DEPT,20210588754,Davidson,Nashville,11/15/2021 8:24:00 AM,2,0,0,36.027290,-86.635110,I 24,,,,0.00,,,,,,,61.25,N,Not at Intersection, ,,None,,,         ,Seth,Wilson,,,no,no,no,no,no,False
103141697,METROPOLITAN NASHVILLE POLICE DEPT,20210588649,Davidson,Not in City Limit,11/15/2021 7:50:00 AM,2,0,0,36.294770,-86.811020,I 24,,,,0.00,,,,,,,39.10,N,Not at Intersection,N,Non-Junction,None,,,         ,Justin,Wells,Clear,Front to Rear,no,no,no,no,yes,False
103141698,METROPOLITAN NASHVILLE POLICE DEPT,20210588691,Davidson,Nashville,11/15/2021 7:56:00 AM,2,0,0,36.026880,-86.680810,OLD HICKORY BLVD,,,,10.00,Feet,East,PETTUS RD,,,,0.00,N,Not at Intersection, ,Non-Junction,None,,,         ,Joe,Hooper,Clear,Front to Rear,no,no,no,no,no,False
103141711,METROPOLITAN NASHVILLE POLICE DEPT,20210588875,Davidson,Nashville,11/15/2021 10:03:00 AM,2,0,0,36.110720,-86.767090,POWELL AV,,,,100.00,Feet,South,OLD POWELL AV,,,,0.00,N,Not at Intersection, ,Non-Junction,None,,,         ,Earl,Davis,Cloudy,"Sideswipe, Same Direction",no,no,no,no,no,False
103141727,METROPOLITAN NASHVILLE POLICE DEPT,20210588895,Davidson,Nashville,11/15/2021 10:29:00 AM,2,0,0,36.085440,-86.699830,I 24,,,,0.00,,,,,,,55.80,N,Not at Intersection, ,Non-Junction,None,,,         ,Joe,Hooper,Clear,"Sideswipe, Same Direction",no,no,no,no,no,False
103141745,METROPOLITAN NASHVILLE POLICE DEPT,20210588911,Davidson,Nashville,11/15/2021 10:57:00 AM,1,1,0,36.047150,-86.647700,BELL FORGE LNE,,,,90.00,Feet,East,MT VIEW RD,,,,0.00,N,Not at Intersection,N,Non-Junction,None,,,         ,Darrin,Hardin,Clear,Not Collision with Motor Vehicle in Transport,no,no,no,no,no,False
103141755,METROPOLITAN NASHVILLE POLICE DEPT,20210588494,Davidson,Nashville,11/14/2021 8:51:00 PM,1,0,0,36.053540,-86.710330,BREWER DR,,,,117.00,Feet,North,BYRNE DR,,,,0.00,N,Not at Intersection,N,Non-Junction,None,,,         ,Joe,Hooper,Clear,Not Collision with Motor Vehicle in Transport,no,no,no,no,yes,False
103141761,METROPOLITAN NASHVILLE POLICE DEPT,20210588982,Davidson,Nashville,11/15/2021 11:50:00 AM,2,1,0,36.132470,-86.788690,12TH AVS,,,,120.00,Feet,South,CALDWELL AV,,,,0.00,N,Not at Intersection,N,Non-Junction,None,,,         ,Earl,Davis,Clear,Angle,no,no,no,no,no,False
103141762,METROPOLITAN NASHVILLE POLICE DEPT,20210588829,Davidson,Nashville,11/15/2021 8:00:00 AM,2,0,0,36.050720,-86.652620,HICKORY HOLLOW MALL PVTDR PL,,,,438.00,Feet,West,MT VIEW RD,,,,0.00,N,Not at Intersection, ,,None,,,         ,Nicholas,Carter,,,no,no,no,no,no,False
103141763,METROPOLITAN NASHVILLE POLICE DEPT,20210588950,Davidson,Nashville,11/15/2021 10:50:00 AM,2,0,0,36.081780,-86.702090,WALLACE RD,,,,65.00,Feet,West,LINBAR DR,,,,0.00,N,Not at Intersection,N,Non-Junction,None,,,         ,Nicholas,Carter,Clear,"Sideswipe, Opposite Direction",no,no,no,no,yes,False
103141764,METROPOLITAN NASHVILLE POLICE DEPT,20210588904,Davidson,Not in City Limit,11/15/2021 12:19:00 PM,2,0,0,36.264420,-86.711440,GALLATIN PKEN,,,,55.00,Feet,North,OLD TIME VILLAGE PVTDR,,,,0.00,N,Not at Intersection, ,,None,,,         ,Michael,Hones,,,no,no,no,no,no,False
103141776,METROPOLITAN NASHVILLE POLICE DEPT,20210588979,Davidson,Nashville,11/15/2021 11:50:00 AM,2,0,0,36.155900,-86.789110,BROADWAY,,,,0.00,,,GEORGE L DAVIS BLVD,,,,0.00,Y,Four-Way, ,,None,,,         ,Michael,Douglas,,,no,no,no,no,no,False
103141799,METROPOLITAN NASHVILLE POLICE DEPT,20210589046,Davidson,Not in City Limit,11/15/2021 12:36:00 PM,2,0,0,36.079510,-86.953410,HIGHWAY 70S,,,,37.00,Feet,East,COLEY DAVIS RD,,,,0.00,N,Not at Intersection, ,,None,,,         ,Jared,Dick,,,no,no,no,no,no,False
103141808,METROPOLITAN NASHVILLE POLICE DEPT,20210588886,Davidson,Nashville,11/15/2021 10:31:00 AM,1,1,0,36.097530,-86.823450,BURTON HILLS BLVD,,,,0.00,Feet,,HILLSBORO PKE,,,,0.00,Y,Four-Way,Y,Intersection,None,,,         ,Rico,Hunt,Clear,Not Collision with Motor Vehicle in Transport,no,no,no,no,no,False
103141809,METROPOLITAN NASHVILLE POLICE DEPT,20210589069,Davidson,Not in City Limit,11/15/2021 12:47:00 PM,1,0,0,36.023340,-86.687310,BARNES RD,,,,370.00,Feet,West,STANFORD VILLAGE DR,,,,0.00,N,Not at Intersection,N,Non-Junction,None,,,         ,Joe,Hooper,Clear,Not Collision with Motor Vehicle in Transport,no,no,no,no,no,False
103141811,METROPOLITAN NASHVILLE POLICE DEPT,20210589032,Davidson,Nashville,11/15/2021 12:23:00 PM,2,0,0,36.163870,-86.786620,CHARLOTTE AV,,,,0.00,,,ROSA L PARKS BLVD,,,,0.00,Y,Four-Way, ,Intersection,None,,,         ,Joshua,Reece,Clear,Angle,no,no,no,no,no,False
103141850,METROPOLITAN NASHVILLE POLICE DEPT,20210589117,Davidson,Nashville,11/15/2021 11:52:00 AM,2,0,0,36.209070,-86.777940,BRICK CHURCH PKE,,,,0.00,,,AVONDALE CIR,,,,0.00,Y,T-Intersection,N,Non-Junction,None,,,         ,Justin,Wells,Clear,Angle,no,no,no,no,yes,False
103141871,BELLE MEADE POLICE DEPT,21-0239,Davidson,Belle Meade,11/15/2021 11:20:00 AM,2,0,0,36.097090,-86.847130,IROQUOIS AV,,,,0.00,,,LYNNWOOD BLVD,,,,0.00,Y,Four-Way, ,Intersection,None,,,         ,Katelyn,Cloxton,Clear,"Sideswipe, Same Direction",no,no,no,no,no,False
103141889,METROPOLITAN NASHVILLE POLICE DEPT,20210589083,Davidson,Nashville,11/15/2021 12:52:00 PM,2,0,0,36.100620,-86.711900,I 24,,,,0.00,,,,,,,54.50,N,Not at Intersection,N,Non-Junction,Construction Zone,Work On Shoulder Or Median,Activity Area,         ,Robert,Higgins,Clear,Front to Rear,no,no,no,no,no,False
103141896,METROPOLITAN NASHVILLE POLICE DEPT,20210588951,Davidson,Nashville,11/15/2021 12:00:00 AM,2,0,0,36.231550,-86.761500,OAK VALLEY DR,,,,250.00,Feet,East,OAK RIDGE DR,,,,0.00,N,Not at Intersection, ,Non-Junction,None,,,         ,Amanda,Hane,Clear,"Sideswipe, Same Direction",no,no,no,no,no,False
103141908,METROPOLITAN NASHVILLE POLICE DEPT,20210588647,Davidson,Nashville,11/15/2021 7:49:00 AM,2,0,0,36.135570,-86.760040,NOLENSVILLE PKE,,,,47.00,Feet,North,WINGROVE ST,,,,0.00,N,Not at Intersection,N,Non-Junction,None,,,         ,Tyler,Heckaman,Cloudy,Front to Rear,no,no,no,no,no,False
103141927,METROPOLITAN NASHVILLE POLICE DEPT,20210588668,Davidson,Not in City Limit,11/15/2021 8:09:00 AM,3,0,0,36.313400,-86.831160,I 24,,,,0.00,,,,,,,37.30,N,Not at Intersection,N,Non-Junction,None,,,         ,Nicholas,Hoffmann,Cloudy,Front to Rear,no,no,no,no,no,False
103141939,METROPOLITAN NASHVILLE POLICE DEPT,20210589150,Davidson,Nashville,11/15/2021 1:30:00 PM,2,2,0,36.236210,-86.758150,DICKERSON PKE,,,,121.00,Feet,South,I65 N ENT RAMP,,,,0.00,N,Not at Intersection,N,OtherLocation,None,,,         ,Amanda,Hane,Clear,Angle,no,no,no,no,no,False
103141953,METROPOLITAN NASHVILLE POLICE DEPT,20210589170,Davidson,Nashville,11/15/2021 1:37:00 PM,2,0,0,36.150900,-86.770640,4TH AVS,,,,0.00,,,I40 W EXT RAMP,,,,0.00,Y,Four-Way,N,Intersection,None,,,         ,Michael,Douglas,Clear,Angle,no,no,no,no,yes,False
103142000,METROPOLITAN NASHVILLE POLICE DEPT,20210589299,Davidson,Nashville,11/15/2021 2:52:00 PM,2,0,0,36.146280,-86.708890,METCOM CENTER PVTDR,,,,458.00,Feet,North,MASSMAN DR,,,,0.00,N,Not at Intersection, ,Non-Junction,None,,,         ,Robert,Marquez,Clear,Rear to Rear,no,no,no,yes,no,False
103142013,VANDERBILT UNIVERSITY POLICE,20210589139,Davidson,Nashville,11/15/2021 1:19:00 PM,1,0,0,36.138820,-86.799750,CAPERS AV,,,,0.00,,,,,,,0.00,,Not at Intersection, ,Non-Junction,None,,,         ,Michael,Knupp,Clear,Not Collision with Motor Vehicle in Transport,no,no,no,yes,no,Campus
103142014,METROPOLITAN NASHVILLE POLICE DEPT,20210589306,Davidson,Nashville,11/15/2021 1:29:00 PM,2,0,0,36.079110,-86.669260,FRANKLIN LIMESTONE RD,,,,0.00,,,,,,,0.00,,, ,,Construction Zone,,,         ,Joseph,Hurst,,,no,no,no,no,no,False
103142080,METROPOLITAN NASHVILLE POLICE DEPT,20210589374,Davidson,Nashville,11/15/2021 4:21:00 PM,3,1,0,36.218500,-86.837030,KINGS LN,,,,0.00,Feet,North,CLARKSVILLE PKE,,,,0.00,N,Not at Intersection,N,Non-Junction,None,,,         ,Daniel,Kallman,Clear,Front to Rear,no,no,no,no,no,False
103142085,METROPOLITAN NASHVILLE POLICE DEPT,20210589367,Davidson,Not in City Limit,11/15/2021 4:18:00 PM,2,1,0,36.264690,-86.737510,OLD HICKORY BLVDW,,,,145.00,Feet,West,I65 N ENT RAMP,,,,0.00,N,Not at Intersection,N,Non-Junction,None,,,         ,Thomas,Denenea,Clear,Front to Rear,no,no,no,no,yes,False
103142100,METROPOLITAN NASHVILLE POLICE DEPT,20210589383,Davidson,Not in City Limit,11/15/2021 12:00:00 AM,2,0,0,36.260370,-86.712860,HICKORY ST,,,,0.00,,,GALLATIN PKES,,,,0.00,Y,Four-Way,Y,Intersection,None,,,         ,Amanda,Topping,Clear,Angle,no,no,no,no,no,False
103142107,METROPOLITAN NASHVILLE POLICE DEPT,20210589349,Davidson,Nashville,11/15/2021 3:10:00 PM,2,0,0,36.179890,-86.800470,I 65,,,,0.00,,,,,,,86.00,N,Not at Intersection, ,Non-Junction,None,,,         ,Sefer,Kerim,Clear,Angle,no,no,no,no,no,False
103142108,METROPOLITAN NASHVILLE POLICE DEPT,20210589292,Davidson,Nashville,11/15/2021 3:10:00 PM,2,0,0,36.115120,-86.917800,I 40,,,,0.00,,,,,,,199.60,N,Not at Intersection,N,Non-Junction,None,,,         ,Jeremy,Huffine,Clear,Front to Rear,no,no,no,no,no,False
103142109,METROPOLITAN NASHVILLE POLICE DEPT,20210589464,Davidson,Nashville,11/15/2021 5:30:00 PM,3,1,0,36.151930,-86.690880,ELM HILL PKE,,,,0.00,Feet,East,BRILEY PKWYS,,,,0.00,N,Not at Intersection,N,Non-Junction,None,,,         ,Reagan,Heath,Clear,Angle,no,no,no,no,no,False
103142112,METROPOLITAN NASHVILLE POLICE DEPT,20210589423,Davidson,Nashville,11/15/2021 12:00:00 AM,2,0,0,36.155650,-86.789720,BROADWAY,,,,0.00,,,I40 E EXT RAMP,,,,0.00,Y,Four-Way,Y,Intersection,None,,,         ,Wyatt,Blacker,Clear,Angle,no,no,no,no,no,False
103142123,METROPOLITAN NASHVILLE POLICE DEPT,20210589421,Davidson,OTHER,11/15/2021 4:00:00 PM,2,0,0,36.043810,-86.590810,PIN OAK DR,,,,0.00,,,,,,,0.00,,, ,Intersection,None,,,         ,Joseph,Hurst,Clear,Angle,no,no,no,no,no,False
103142127,METROPOLITAN NASHVILLE POLICE DEPT,20210589503,Davidson,Nashville,11/15/2021 6:12:00 PM,2,0,0,36.064810,-86.622110,HAMILTON CHURCH RD,,,,0.00,,,OWENDALE DR,,,,0.00,Y,T-Intersection,N,Intersection,None,,,         ,Joseph,Hurst,Clear,Angle,no,no,no,no,yes,False
103142128,METROPOLITAN NASHVILLE POLICE DEPT,20210589480,Davidson,Nashville,11/15/2021 6:01:00 PM,2,0,0,36.082620,-86.764610,HARDING PL,,,,136.00,Feet,West,I65 S EXT RAMP,,,,0.00,N,Not at Intersection, ,Non-Junction,None,,,         ,Steven,Powers,Clear,"Sideswipe, Same Direction",no,no,no,no,no,False
103142131,METROPOLITAN NASHVILLE POLICE DEPT,20210589462,Davidson,Nashville,11/15/2021 5:33:00 PM,2,0,0,36.175010,-86.784680,JEFFERSON ST,,,,0.00,,,3RD AVN,,,,0.00,Y,Four-Way,N,Intersection,None,,,         ,David,Snowden,Clear,Angle,no,no,no,no,no,False
103142137,METROPOLITAN NASHVILLE POLICE DEPT,20210589468,Davidson,Nashville,11/15/2021 5:38:00 PM,2,0,0,36.098350,-86.763450,I65 N EXT RAMP,,,,0.00,Feet,East,I 65,,,,0.00,N,Not at Intersection,N,Non-Junction,None,,,         ,Dylan,Motes,Clear,Angle,no,no,no,no,no,False
103142160,METROPOLITAN NASHVILLE POLICE DEPT,20210589559,Davidson,Nashville,11/15/2021 5:55:00 PM,1,0,0,36.158760,-86.692510,BRILEY PKWYS,,,,654.00,Feet,North,BRILEY PKWYN,,,,0.00,N,Not at Intersection, ,Non-Junction,None,,,         ,Reagan,Heath,Clear,Not Collision with Motor Vehicle in Transport,no,no,no,no,no,False