master_record_number,agency,agency_tracking_number,county,city,collision_date,vehicles_involved,number_injured,number_dead,latitude,longitude,roadway_name,roadway_suffix,roadway_number,roadway_local_id,distance_from_reference,miles-feet_indicator,direction_from_reference,intersection_road_name,intersection_road_name_suffix,intersection_road_number,intersection_local_id,mile_marker,intersection_indicator,intersect_type,interchange_related_indicator,relation_to_junction,work_zone_type,construction_maintenance_zone,construction_maintenance_zone_location,fatal_case_number,officer_first_name,officer_last_name,weather_condition(s),manner_of_crash,pedestrian,bicycle,scooter,parking,hitrun,mou
103142161,METROPOLITAN NASHVILLE POLICE DEPT,20210589403,Davidson,Nashville,11/15/2021 3:15:00 PM,3,0,0,36.190240,-86.790340,I 65,,,,0.00,,,,,,,85.70,N,Not at Intersection, ,Non-Junction,None,,,         ,James,Hill,Clear,Front to Rear,no,no,no,no,no,False
103142168,VANDERBILT UNIVERSITY POLICE,20210589547,Davidson,Nashville,11/15/2021 12:00:00 AM,1,0,0,36.137950,-86.804170,BLAKEMORE AV,,,,262.00,Feet,East,24TH AVS,,,,0.00,N,Not at Intersection, ,,None,,,         ,Joseph,Bishop,,,no,no,no,yes,no,Campus
103142180,METROPOLITAN NASHVILLE POLICE DEPT,20210589404,Davidson,Nashville,11/15/2021 4:53:00 PM,2,0,0,36.144990,-86.669970,SHACKLETT DR,,,,0.00,Feet,West,UPSHAW DR,,,,0.00,N,Not at Intersection,N,Non-Junction,None,,,         ,Douglas,Mann,Clear,Angle,no,no,no,no,no,False
103142198,METROPOLITAN NASHVILLE POLICE DEPT,20210589425,Davidson,Not in City Limit,11/15/2021 5:14:00 PM,4,1,0,36.277890,-86.734490,I 65,,,,0.00,,,,,,,93.20,N,Not at Intersection,N,Non-Junction,None,,,         ,Thomas,Denenea,Clear,Front to Rear,no,no,no,no,no,False
103142203,METROPOLITAN NASHVILLE POLICE DEPT,20210589505,Davidson,Nashville,11/15/2021 6:15:00 PM,1,1,0,36.164540,-86.779050,BANKERS ALY,,,,89.00,Feet,West,PRINTERS ALY,,,,0.00,N,Not at Intersection,N,Non-Junction,None,,,         ,Kency,Le,Clear,Not Collision with Motor Vehicle in Transport,yes,no,no,no,no,False
103142205,METROPOLITAN NASHVILLE POLICE DEPT,20210589546,Davidson,Not in City Limit,11/15/2021 6:55:00 PM,2,0,0,36.256340,-86.757930,DUE WEST AVN,,,,0.00,,,DICKERSON PKE,,,,0.00,Y,T-Intersection, ,Intersection-Related,None,,,         ,Kyle,Eicholtz,Clear,"Sideswipe, Same Direction",no,no,no,no,no,False
103142211,METROPOLITAN NASHVILLE POLICE DEPT,20210589451,Davidson,Nashville,11/15/2021 5:29:00 PM,2,1,0,36.196430,-86.776120,I 65,,,,0.00,,,,,,,86.60,N,Not at Intersection,N,Non-Junction,None,,,         ,Tristen,Mayfield,Clear,Front to Rear,no,no,no,no,no,False
103142214,METROPOLITAN NASHVILLE POLICE DEPT,20210589616,Davidson,Nashville,11/15/2021 6:18:00 PM,2,0,0,36.153120,-86.842250,46TH AVN,,,,68.00,Feet,South,I40 E ENT RAMP,,,,0.00,N,Not at Intersection, ,Non-Junction,None,,,         ,Dakota,Davis,Clear,Front to Rear,no,no,no,no,yes,False
103142215,METROPOLITAN NASHVILLE POLICE DEPT,20210589635,Davidson,Nashville,11/15/2021 8:06:00 PM,2,0,0,36.193600,-86.763270,DOUGLAS AV,,,,0.00,,,LISCHEY AV,,,,0.00,Y,Four-Way,N,Intersection,None,,,         ,Adam,Warren,Clear,Angle,no,no,no,no,no,False
103142261,METROPOLITAN NASHVILLE POLICE DEPT,20210589644,Davidson,Nashville,11/15/2021 12:00:00 AM,1,1,0,36.137570,-86.800760,WEDGEWOOD AV,,,,0.00,,,21ST AVS,,,,0.00,Y,Four-Way,Y,Intersection,None,,,         ,Wyatt,Blacker,Clear,Not Collision with Motor Vehicle in Transport,yes,no,no,no,no,Campus
103142268,METROPOLITAN NASHVILLE POLICE DEPT,20210589542,Davidson,Nashville,11/15/2021 6:50:00 PM,1,2,0,36.201280,-86.617720,LEBANON PKE,,,,0.00,,,TYLER DR,,,,0.00,Y,T-Intersection,N,Intersection-Related,None,,,         ,Zaire,Murray,Clear,Not Collision with Motor Vehicle in Transport,yes,no,no,no,no,False
103142290,METROPOLITAN NASHVILLE POLICE DEPT,20210589673,Davidson,Nashville,11/15/2021 7:30:00 PM,2,0,0,36.243140,-86.754580,SKYLINE MEMORIAL CT,,,,441.00,Feet,North,DICKERSON PKE,,,,0.00,N,Not at Intersection,N,Non-Junction,None,,,         ,Kyle,Eicholtz,Clear,Front to Rear,no,no,no,no,no,False
103142318,METROPOLITAN NASHVILLE POLICE DEPT,20210589481,Davidson,Nashville,11/15/2021 2:36:00 PM,2,0,0,36.186560,-86.719090,ROSEBANK AV,,,,217.00,Feet,East,DALEBROOK LN,,,,0.00,N,Not at Intersection, ,Non-Junction,None,,,         ,Kevin,Clausius,Clear,Angle,no,no,no,no,no,False
103142326,METROPOLITAN NASHVILLE POLICE DEPT,20210589720,Davidson,Nashville,11/15/2021 9:50:00 PM,2,1,0,36.104730,-86.671830,EZELL PKE,,,,322.00,Feet,South,MURFREESBORO PKE,,,,0.00,N,Not at Intersection,N,Non-Junction,None,,,         ,Timothy,Ward,Clear,Front to Rear,no,no,no,no,yes,False
103142330,METROPOLITAN NASHVILLE POLICE DEPT,20210589701,Davidson,Nashville,11/15/2021 9:37:00 PM,2,0,0,36.176640,-86.771010,SPRING ST,,,,0.00,,,DICKERSON PKE,,,,0.00,Y,T-Intersection, ,Intersection-Related,None,,,         ,Tyler,Lewis,Clear,Angle,no,no,no,no,no,False
103142376,METROPOLITAN NASHVILLE POLICE DEPT,2021-0588820,Davidson,Nashville,11/15/2021 12:00:00 AM,2,1,0,36.137000,-86.726760,I 24,,,,0.00,,,,,,,52.20,N,Not at Intersection,N,Non-Junction,None,,,         ,Frank,Walker,Clear,Front to Rear,no,no,no,no,no,False
103142379,METROPOLITAN NASHVILLE POLICE DEPT,20210589760,Davidson,Nashville,11/15/2021 10:40:00 PM,2,0,0,36.204100,-86.776580,I 65,,,,0.00,,,,,,,87.15,N,Not at Intersection,N,Non-Junction,None,,,         ,Matthew,Jankiewicz,Clear,"Sideswipe, Same Direction",no,no,no,no,yes,False
103142380,METROPOLITAN NASHVILLE POLICE DEPT,20210589783,Davidson,Nashville,11/15/2021 11:05:00 PM,1,0,0,36.198110,-86.716930,UPLAND DR,,,,0.00,,,,,,,0.00,,, ,Non-Junction,None,,,         ,Ronald,Conner,Clear,Not Collision with Motor Vehicle in Transport,no,no,no,no,no,False
103142382,METROPOLITAN NASHVILLE POLICE DEPT,20210589746,Davidson,Nashville,11/15/2021 10:35:00 PM,2,0,0,36.148810,-86.666280,ELM HILL PKE,,,,0.00,Feet,,DONELSON PKE,,,,0.00,Y,Four-Way,N,Intersection,None,,,         ,Jacob,Snyder,Cloudy,Angle,no,no,no,no,yes,False
103142386,METROPOLITAN NASHVILLE POLICE DEPT,20210589773,Davidson,Nashville,11/15/2021 9:10:00 PM,1,0,0,36.231840,-86.700750,BRILEY PKWYE,,,,77.00,Feet,North,BRILEY PKWYS,,,,0.00,N,Not at Intersection,N,Non-Junction,None,,,         ,Daniel,Fuentes,Clear,Not Collision with Motor Vehicle in Transport,no,no,no,no,no,False
103142388,METROPOLITAN NASHVILLE POLICE DEPT,20210589653,Davidson,Nashville,11/15/2021 8:28:00 PM,2,0,0,36.089070,-86.649990,RANSOM PL,,,,0.00,,,MURFREESBORO PKE,,,,0.00,Y,T-Intersection,N,Intersection-Related,None,,,         ,Joseph,Hurst,Clear,Front to Rear,no,no,no,no,yes,False
103142399,METROPOLITAN NASHVILLE POLICE DEPT,20210589897,Davidson,Nashville,11/16/2021 12:50:00 AM,2,1,0,36.208970,-86.777910,BRICK CHURCH PKE,,,,0.00,,,AVONDALE CIR,,,,0.00,Y,Y-Intersection,N,Intersection,None,,,         ,David,Crisman,Clear,Angle,no,no,no,no,no,False
103142417,METROPOLITAN NASHVILLE POLICE DEPT,20210587061,Davidson,Nashville,11/14/2021 1:43:00 AM,2,0,0,36.206510,-86.776590,W TRINITY LN,,,,33.00,Feet,West,I65 S ENT RAMP,,,,0.00,N,Not at Intersection,N,Non-Junction,None,,,         ,Martin,Brown,Clear,Angle,no,no,no,no,yes,False
103142418,METROPOLITAN NASHVILLE POLICE DEPT,20210589888,Davidson,Nashville,11/16/2021 12:45:00 AM,1,0,0,36.152520,-86.859000,I40 W ENT RAMP,,,,0.00,Feet,East,I 40,,,,0.00,N,Not at Intersection,N,Non-Junction,None,,,         ,Cameron,Schmid,Clear,Not Collision with Motor Vehicle in Transport,no,no,no,no,no,False
103142420,METROPOLITAN NASHVILLE POLICE DEPT,20210590040,Davidson,Nashville,11/16/2021 3:32:00 AM,2,0,0,36.169060,-86.606900,I 40,,,,0.00,,,,,,,220.50,N,Not at Intersection,N,Non-Junction,None,,,         ,Randall,Ward,Clear,Front to Rear,no,no,no,no,yes,False
103142440,METROPOLITAN NASHVILLE POLICE DEPT,20210590007,Davidson,Nashville,11/16/2021 12:00:00 AM,2,1,0,36.169110,-86.606770,I 40,,,,0.00,,,,,,,220.50,N,Not at Intersection,N,Non-Junction,None,,,         ,Daniel,Fuentes,Clear,Not Collision with Motor Vehicle in Transport,no,no,no,no,no,False
103142455,METROPOLITAN NASHVILLE POLICE DEPT,20210589187,Davidson,Nashville,11/15/2021 11:28:00 AM,2,0,0,36.038860,-86.783910,I65 S EXT RAMP,,,,0.00,Feet,East,I 65,,,,0.00,N,Not at Intersection, ,Entrance/Exit Ramp Related,None,,,         ,Rico,Hunt,Cloudy,Front to Rear,no,no,no,no,no,False
103142470,METROPOLITAN NASHVILLE POLICE DEPT,20210590184,Davidson,Nashville,11/16/2021 6:20:00 AM,3,1,0,36.227820,-86.779460,I 24,,,,0.00,,,,,,,44.25,N,Not at Intersection,N,Non-Junction,None,,,         ,David,Crisman,Clear,Front to Rear,no,no,no,no,yes,False
103142473,METROPOLITAN NASHVILLE POLICE DEPT,20210589217,Davidson,Nashville,11/15/2021 1:10:00 PM,2,0,0,36.215120,-86.597670,LEBANON PKE,,,,0.00,Feet,West,ANDREW JACKSON PKWY,,,,0.00,N,Not at Intersection, ,Non-Junction,None,,,         ,Kaytlin,huyler,Clear,Angle,no,no,no,no,no,False
103142481,METROPOLITAN NASHVILLE POLICE DEPT,20210590210,Davidson,Nashville,11/16/2021 5:30:00 AM,2,0,0,36.170150,-86.602080,I 40,,,,0.00,,,,,,,220.80,N,Not at Intersection,N,Non-Junction,None,,,         ,MIchael,Mihajlov,Clear,"Sideswipe, Same Direction",no,no,no,no,yes,False
103142514,METROPOLITAN NASHVILLE POLICE DEPT,20210590203,Davidson,Nashville,11/16/2021 6:28:00 AM,2,0,0,36.154580,-86.822540,I440 W EXT RAMP,,,,0.00,,,I 440,,,,0.00,Y,OTHER, ,Non-Junction,None,,,         ,Michael,Pyle,Cloudy,"Sideswipe, Same Direction",no,no,no,no,yes,False
103142522,METROPOLITAN NASHVILLE POLICE DEPT,20210590354,Davidson,Nashville,11/16/2021 8:22:00 AM,2,1,0,36.207150,-86.776400,I 65,,,,0.00,,,,,,,87.35,N,Not at Intersection,N,Non-Junction,None,,,         ,William,Coy,Cloudy,Front to Rear,no,no,no,no,no,False
103142523,METROPOLITAN NASHVILLE POLICE DEPT,20210590399,Davidson,Antioch,11/16/2021 8:25:00 AM,2,0,0,36.047840,-86.612050,MURFREESBORO PKE,,,,1284.00,Feet,North,MOUNTAIN SPRINGS RD,,,,0.00,N,Not at Intersection,N,Non-Junction,None,,,         ,Gregory,Dixon,Cloudy,Angle,no,no,no,no,no,False
103142529,METROPOLITAN NASHVILLE POLICE DEPT,20210590312,Davidson,Nashville,11/16/2021 7:57:00 AM,3,3,0,36.068820,-86.688740,I 24,,,,0.00,Feet,East,I24 W ENT RAMP,,,,0.00,N,Not at Intersection,N,Non-Junction,None,,,         ,Joe,Hooper,Cloudy,Front to Rear,no,no,no,no,no,False
103142546,METROPOLITAN NASHVILLE POLICE DEPT,20210590381,Davidson,Madison,11/16/2021 8:40:00 AM,2,0,0,36.256080,-86.713500,NEELYS BEND RD,,,,206.00,Feet,West,ARGLE AV,,,,0.00,N,Not at Intersection, ,Non-Junction,None,,,         ,Brian,Otto,Cloudy,Angle,no,no,no,no,no,False
103142550,METROPOLITAN NASHVILLE POLICE DEPT,20210590412,Davidson,Nashville,11/16/2021 8:53:00 AM,2,0,0,36.188360,-86.776150,I 24,,,,0.00,,,,,,,47.00,N,Not at Intersection,N,Non-Junction,None,,,         ,Jerrod,Kalinsky,Cloudy,Angle,no,no,no,no,yes,False
103142555,METROPOLITAN NASHVILLE POLICE DEPT,20210584444,Davidson,Nashville,11/12/2021 9:29:00 AM,2,0,1,36.071950,-86.723930,NOLENSVILLE PKE,,,,0.00,,,HIGGINS ST,,,,0.00,Y,T-Intersection,N,Intersection,None,,,         ,Christopher,Augustin,Clear,Angle,no,no,no,no,no,False
103142556,METROPOLITAN NASHVILLE POLICE DEPT,20210586648,Davidson,Nashville,11/13/2021 7:24:00 PM,1,0,1,36.249580,-86.686580,NEELYS BEND RD,,,,0.00,Feet,,LARKIN SPRINGS RD,,,,0.00,Y,T-Intersection,N,Intersection,None,,,         ,Christopher,Augustin,Clear,Not Collision with Motor Vehicle in Transport,yes,no,no,no,no,False
103142561,METROPOLITAN NASHVILLE POLICE DEPT,20210590400,Davidson,Nashville,11/16/2021 8:52:00 AM,2,0,0,36.169020,-86.777920,DOWNTOWN GRNWY,,,,273.00,Feet,East,GAY ST,,,,0.00,N,Not at Intersection, ,,None,,,         ,Michael,Agee,,,no,no,no,no,no,False
103142570,METROPOLITAN NASHVILLE POLICE DEPT,20210590302,Davidson,Nashville,11/16/2021 7:51:00 AM,2,1,0,36.168170,-86.799540,14TH AVN,,,,0.00,Feet,,JACKSON ST,,,,0.00,Y,Four-Way,Y,Intersection,None,,,         ,Nicholas,Hoffmann,Cloudy,Angle,no,no,no,no,no,False
103142584,METROPOLITAN NASHVILLE POLICE DEPT,20210590519,Davidson,Not in City Limit,11/16/2021 9:38:00 AM,2,0,0,36.000240,-86.634720,OLD HICKORY BLVD,,,,347.00,Feet,East,CANE RIDGE RD,,,,0.00,N,Not at Intersection,N,Non-Junction,None,,,         ,Joe,Hooper,Cloudy,"Sideswipe, Same Direction",no,no,no,no,yes,False
103142590,METROPOLITAN NASHVILLE POLICE DEPT,20210590517,Davidson,Nashville,11/16/2021 8:00:00 AM,2,0,0,36.070190,-86.634330,MURFREESBORO PKE,,,,820.00,Feet,South,BELL RD,,,,0.00,N,Not at Intersection,N,"Driveway, Alley Access, etc",None,,,         ,Todd,Watson,Clear,Angle,no,no,no,no,no,False
103142627,METROPOLITAN NASHVILLE POLICE DEPT,20210590690,Davidson,Nashville,11/15/2021 9:00:00 PM,2,0,0,36.142800,-86.744360,MURFREESBORO PKE,,,,0.00,,,FESSLERS LN,,,,0.00,Y,Four-Way, ,Non-Junction,None,,,         ,Jacob,Krispin,Clear,Angle,no,no,no,no,no,False
103142682,METROPOLITAN NASHVILLE POLICE DEPT,20210590744,Davidson,Nashville,11/16/2021 7:00:00 AM,2,0,0,36.073530,-86.686480,RADER DR,,,,0.00,,,,,,,0.00,,,N,Non-Junction,None,,,         ,Matthew,Jorgensen,Clear,Other,no,no,no,yes,yes,False
103142683,METROPOLITAN NASHVILLE POLICE DEPT,20210589125,Davidson,Nashville,11/15/2021 1:16:00 PM,2,0,0,36.166440,-86.764840,I 24,,,,0.00,,,,,,,49.00,N,Not at Intersection, ,Non-Junction,None,,,         ,Erik,Wagner,Cloudy,"Sideswipe, Same Direction",no,no,no,no,no,False
103142693,METROPOLITAN NASHVILLE POLICE DEPT,20210590691,Davidson,Nashville,11/16/2021 12:19:00 PM,2,0,0,36.137790,-86.882180,CHARLOTTE PKE,,,,545.00,Feet,East,SUMMERLY DR,,,,0.00,N,Not at Intersection,N,Non-Junction,None,,,         ,Charles,Agius,Clear,Angle,no,no,no,no,no,False
103142695,METROPOLITAN NASHVILLE POLICE DEPT,20210590389,Davidson,Nashville,11/16/2021 8:44:00 AM,1,0,0,36.127750,-86.739430,LYLE LN,,,,0.00,,,,,,,0.00,,Not at Intersection, ,,None,,,         ,Robert,Higgins,,,no,no,no,yes,no,False
103142759,METROPOLITAN NASHVILLE POLICE DEPT,20210590446,Davidson,Nashville,11/16/2021 9:19:00 AM,2,0,0,36.188920,-86.776180,I 24,,,,0.00,,,,,,,47.00,N,Not at Intersection,N,Non-Junction,None,,,         ,James,Wray,Clear,"Sideswipe, Same Direction",no,no,no,no,no,False
103142761,METROPOLITAN NASHVILLE POLICE DEPT,20210590835,Davidson,Nashville,11/16/2021 2:09:00 PM,3,2,0,36.134250,-86.775530,WEDGEWOOD AV,,,,175.00,Feet,East,I65 S ENT RAMP,,,,0.00,N,Not at Intersection,Y,Non-Junction,None,,,         ,Earl,Davis,Cloudy,Front to Rear,no,no,no,no,no,False
103142769,METROPOLITAN NASHVILLE POLICE DEPT,20210590860,Davidson,Nashville,11/16/2021 2:42:00 PM,2,0,0,36.165660,-86.761140,S 5TH ST,,,,0.00,,,SUMMER PL,,,,0.00,Y,T-Intersection,N,Intersection,None,,,         ,Lindsey,Anderson,Cloudy,Angle,no,no,no,no,no,False
103142784,METROPOLITAN NASHVILLE POLICE DEPT,20210578185,Davidson,Nashville,11/8/2021 7:30:00 PM,2,0,0,36.171310,-86.651980,LEBANON PKE,,,,220.00,Feet,West,JENRY DR,,,,0.00,N,Not at Intersection, ,Non-Junction,None,,,         ,Christian,Vanders,Clear,"Sideswipe, Same Direction",no,no,no,no,no,False
103142798,METROPOLITAN NASHVILLE POLICE DEPT,20210590889,Davidson,Nashville,11/16/2021 3:02:00 PM,2,0,0,36.059070,-86.716220,TUSCULUM RD,,,,0.00,,,NOLENSVILLE PKE,,,,0.00,Y,Four-Way,N,Intersection,None,,,         ,Joseph,Hurst,Clear,HeadOn,no,no,no,no,no,False
103142833,METROPOLITAN NASHVILLE POLICE DEPT,20210590914,Davidson,Nashville,11/16/2021 12:00:00 AM,2,0,0,36.149020,-86.779150,8TH AVS,,,,107.00,Feet,North,I40 W ENT RAMP,,,,0.00,N,Not at Intersection,N,Non-Junction,None,,,         ,Keenan,McCann,Cloudy,Front to Rear,no,no,no,no,yes,False
103142836,METROPOLITAN NASHVILLE POLICE DEPT,20210590879,Davidson,Nashville,11/16/2021 2:30:00 PM,2,0,0,36.079020,-86.836780,HILLSBORO PKE,,,,106.00,Feet,North,TYNE BLVD,,,,0.00,N,Not at Intersection, ,Non-Junction,None,,,         ,Ryan,Papp,Clear,Angle,no,no,no,no,no,False
103142846,BERRY HILL POLICE DEPT,21-3350,Davidson,Berry Hill,11/16/2021 12:00:00 AM,2,1,0,36.118860,-86.774590,FRANKLIN PKE,,,,0.00,,,BERRY RD,,,,0.00,Y,Four-Way,Y,Intersection,None,,,         ,John,Gleixner,Clear,Angle,no,no,no,no,no,False
103142849,METROPOLITAN NASHVILLE POLICE DEPT,20210590894,Davidson,Nashville,11/16/2021 3:04:00 PM,3,1,0,36.168890,-86.766370,I 24,,,,0.00,,,,,,,48.75,N,Not at Intersection,N,Non-Junction,None,,,         ,Trevor,Taylor,Clear,Front to Rear,no,no,no,no,no,False
103142852,METROPOLITAN NASHVILLE POLICE DEPT,20210590883,Davidson,Nashville,11/16/2021 2:53:00 PM,2,0,0,36.153550,-86.794890,WEST END AV,,,,167.00,Feet,West,17TH AVS,,,,0.00,N,Not at Intersection, ,Non-Junction,None,,,         ,Travis,Pemberton,Clear,Front to Rear,no,no,no,yes,yes,False
103142860,METROPOLITAN NASHVILLE POLICE DEPT,20210591025,Davidson,Nashville,11/16/2021 4:30:00 PM,2,1,0,36.109700,-86.629850,BELL RD,,,,614.00,Feet,North,NED SHELTON RD,,,,0.00,N,Not at Intersection,N,Non-Junction,None,,,         ,Donovan,Coble,Clear,HeadOn,no,no,no,no,no,False
103142876,METROPOLITAN NASHVILLE POLICE DEPT,20210590997,Davidson,Nashville,11/16/2021 4:15:00 PM,2,0,0,36.152120,-86.772230,LAFAYETTE ST,,,,0.00,,,ASH ST,,,,0.00,Y,Four-Way,N,Intersection,None,,,         ,James,Hill,Clear,Angle,no,no,no,no,no,False
103142889,METROPOLITAN NASHVILLE POLICE DEPT,20210591064,Davidson,Nashville,11/16/2021 2:45:00 PM,2,0,0,36.133650,-86.827900,WEST END AV,,,,59.00,Feet,West,CRAIGHEAD AV,,,,0.00,N,Not at Intersection, ,Non-Junction,None,,,         ,Ryan,Papp,Clear,Front to Rear,no,no,no,no,no,False
103142898,METROPOLITAN NASHVILLE POLICE DEPT,20210591104,Davidson,Nashville,11/16/2021 5:31:00 PM,2,1,0,36.130490,-86.837230,WEST END AV,,,,141.00,Feet,West,LAUDERDALE RD,,,,0.00,N,Not at Intersection,N,Non-Junction,None,,,         ,Eric,Westbrook,Clear,Front to Rear,no,no,no,no,yes,False
103142915,METROPOLITAN NASHVILLE POLICE DEPT,20210591075,Davidson,Nashville,11/16/2021 5:00:00 PM,2,1,0,36.108390,-86.720660,I 24,,,,0.00,,,,,,,53.80,N,Not at Intersection,N,Non-Junction,None,,,         ,Timothy,Ward,Clear,"Sideswipe, Same Direction",no,no,no,no,no,False
103142919,METROPOLITAN NASHVILLE POLICE DEPT,20210591112,Davidson,Not in City Limit,11/16/2021 5:36:00 PM,2,0,0,36.284430,-86.729190,I 65,,,,0.00,,,,,,,93.70,N,Not at Intersection,N,Non-Junction,None,,,         ,Austin,Bowles,Clear,Front to Rear,no,no,no,no,yes,False
103142925,METROPOLITAN NASHVILLE POLICE DEPT,20210591132,Davidson,Nashville,11/16/2021 5:52:00 PM,2,0,0,36.108390,-86.720660,I 24,,,,0.00,,,,,,,53.80,N,Not at Intersection,N,Non-Junction,None,,,         ,Timothy,Ward,Clear,"Sideswipe, Same Direction",no,no,no,no,yes,False
103142926,METROPOLITAN NASHVILLE POLICE DEPT,20210591180,Davidson,Nashville,11/16/2021 6:12:00 PM,2,0,0,36.109700,-86.732160,SELENA DR,,,,0.00,Feet,South,THOMPSON LN,,,,0.00,N,Not at Intersection, ,,None,,,         ,John,Walden,,,no,no,no,no,no,False
103142929,METROPOLITAN NASHVILLE POLICE DEPT,20210591146,Davidson,Nashville,11/16/2021 5:36:00 PM,2,0,0,36.109910,-86.770660,I 65,,,,0.00,,,,,,,79.75,N,Not at Intersection, ,Non-Junction,None,,,         ,Steven,Powers,Clear,"Sideswipe, Same Direction",no,no,no,no,no,False
103142930,METROPOLITAN NASHVILLE POLICE DEPT,20210591150,Davidson,Goodlettsville,11/16/2021 6:06:00 PM,2,0,0,36.292040,-86.720690,I 65,,,,0.00,,,,,,,94.40,N,Not at Intersection, ,Non-Junction,None,,,         ,Austin,Bowles,Clear,Front to Rear,no,no,no,no,no,False
103142931,METROPOLITAN NASHVILLE POLICE DEPT,20210591197,Davidson,Nashville,11/16/2021 6:45:00 PM,1,0,0,36.225080,-86.746250,ELLINGTON PKWYS,,,,361.00,Feet,West,ELLINGTON PKWYN,,,,0.00,N,Not at Intersection,N,Non-Junction,None,,,         ,Adam,Warren,Clear,Not Collision with Motor Vehicle in Transport,no,no,no,no,no,False
103142936,METROPOLITAN NASHVILLE POLICE DEPT,20210591043,Davidson,Nashville,11/16/2021 4:52:00 PM,2,3,0,36.045590,-86.658470,I24 W EXT RAMP,,,,0.00,,,I 24,,,,0.00,Y,Four-Way,N,Intersection,None,,,         ,Joseph,Hurst,Clear,HeadOn,no,no,no,no,no,False
103142938,METROPOLITAN NASHVILLE POLICE DEPT,20210590865,Davidson,Nashville,11/16/2021 2:08:00 PM,2,0,0,36.121620,-86.773410,I 65,,,,0.00,,,,,,,80.50,N,Not at Intersection, ,Non-Junction,None,,,         ,Robert,Laboy,Clear,"Sideswipe, Same Direction",no,no,no,no,no,False
103142939,METROPOLITAN NASHVILLE POLICE DEPT,20210591207,Davidson,Nashville,11/16/2021 12:00:00 AM,2,1,0,36.075710,-86.725130,NOLENSVILLE PKE,,,,244.00,Feet,North,FLORA MAXWELL RD,,,,0.00,N,Not at Intersection,N,Non-Junction,None,,,         ,Ashley,Kappenmacher,Clear,Front to Rear,no,no,no,no,yes,False
103142940,METROPOLITAN NASHVILLE POLICE DEPT,20210590986,Davidson,Not in City Limit,11/16/2021 4:05:00 PM,2,1,0,36.267190,-86.703530,CUMBERLAND AV,,,,0.00,,,DELAWARE AV,,,,0.00,Y,Four-Way,N,Intersection,None,,,         ,Forrest,Punke,Clear,Angle,no,no,no,no,no,False
103142941,METROPOLITAN NASHVILLE POLICE DEPT,20210591232,Davidson,Nashville,11/16/2021 6:24:00 PM,2,0,0,36.151360,-86.852940,CHARLOTTE AV,,,,263.00,Feet,West,MORROW RD,,,,0.00,N,Not at Intersection,N,Non-Junction,None,,,         ,Eric,Westbrook,Clear,Angle,no,no,no,no,yes,False
103142944,METROPOLITAN NASHVILLE POLICE DEPT,20210591088,Davidson,Nashville,11/16/2021 5:25:00 PM,1,1,0,36.033690,-86.743610,EDMONDSON PKE,,,,259.00,Feet,South,GESSNER LN,,,,0.00,N,Not at Intersection,N,Non-Junction,None,,,         ,Dylan,Colquhoun,Clear,Not Collision with Motor Vehicle in Transport,no,no,no,no,no,False
103142946,METROPOLITAN NASHVILLE POLICE DEPT,20210591101,Davidson,Nashville,11/16/2021 5:30:00 PM,1,2,0,36.086910,-86.648680,MURFREESBORO PKE,,,,0.00,Feet,West,NASHBORO BLVD,,,,0.00,N,Not at Intersection,N,Non-Junction,None,,,         ,Gary,Anderson,Clear,Not Collision with Motor Vehicle in Transport,yes,no,no,no,no,False
103142947,METROPOLITAN NASHVILLE POLICE DEPT,20210591120,Davidson,Nashville,11/16/2021 4:10:00 PM,2,0,0,36.231120,-86.700150,BRILEY PKWYS,,,,234.00,Feet,South,BRILEY PKWYN,,,,0.00,N,Not at Intersection,N,Non-Junction,None,,,         ,Reagan,Heath,Clear,"Sideswipe, Same Direction",no,no,no,no,yes,False
103142955,GOODLETTSVILLE POLICE DEPT,21-32139,Davidson,Goodlettsville,11/16/2021 6:14:00 PM,3,0,0,36.312090,-86.677030,VIETNAM VETERANS BLVDN,,,,1079.00,Feet,North,VIETNAM VETERANS BLVDS,,,,0.00,N,Not at Intersection, ,Non-Junction,None,,,         ,Wesley,Kinnaird,Clear,Front to Rear,no,no,no,no,no,False
103142972,METROPOLITAN NASHVILLE POLICE DEPT,20210591211,Davidson,Nashville,11/16/2021 6:39:00 PM,2,1,0,36.146540,-86.767720,4TH AVS,,,,0.00,Feet,West,MILDRED SHUTE AV,,,,0.00,N,Not at Intersection,N,Non-Junction,None,,,         ,Dakota,Davis,Clear,Angle,no,no,no,no,no,False
103142986,METROPOLITAN NASHVILLE POLICE DEPT,20210591179,Davidson,Nashville,11/16/2021 6:26:00 PM,3,0,0,36.142210,-86.815210,31ST AVS,,,,164.00,Feet,South,WEST END AV,,,,0.00,N,Not at Intersection,N,Non-Junction,None,,,         ,Travis,Pemberton,Clear,Front to Rear,no,no,no,no,no,Campus
103142991,METROPOLITAN NASHVILLE POLICE DEPT,20210591236,Davidson,Nashville,11/16/2021 6:51:00 PM,2,0,0,36.084830,-86.728190,NOLENSVILLE PKE,,,,0.00,,,PARAGON MILLS RD,,,,0.00,Y,Four-Way,N,Intersection,None,,,         ,Steven,Powers,Clear,Angle,no,no,no,no,yes,False