master_record_number,agency,agency_tracking_number,county,city,collision_date,vehicles_involved,number_injured,number_dead,latitude,longitude,roadway_name,roadway_suffix,roadway_number,roadway_local_id,distance_from_reference,miles-feet_indicator,direction_from_reference,intersection_road_name,intersection_road_name_suffix,intersection_road_number,intersection_local_id,mile_marker,intersection_indicator,intersect_type,interchange_related_indicator,relation_to_junction,work_zone_type,construction_maintenance_zone,construction_maintenance_zone_location,fatal_case_number,officer_first_name,officer_last_name,weather_condition(s),manner_of_crash,pedestrian,bicycle,scooter,parking,hitrun,mou
103144445,METROPOLITAN NASHVILLE POLICE DEPT,20210594127,Davidson,Nashville,11/18/2021 1:06:00 PM,2,1,0,36.169580,-86.784310,5TH AVN,,,,241.00,Feet,South,HARRISON ST,,,,0.00,N,Not at Intersection,N,Non-Junction,None,,,         ,James,Thornton,Cloudy,Angle,no,no,no,no,no,False
103144448,METROPOLITAN NASHVILLE POLICE DEPT,20210594119,Davidson,Nashville,11/18/2021 11:32:00 AM,2,0,0,36.173800,-86.762820,MAIN ST,,,,0.00,,,N 6TH ST,,,,0.00,Y,T-Intersection,N,Intersection-Related,None,,,         ,Daniel,Carney,Clear,Angle,no,no,no,no,yes,False
103144455,METROPOLITAN NASHVILLE POLICE DEPT,20210594038,Davidson,Nashville,11/18/2021 12:00:00 AM,2,0,0,36.179810,-86.810930,DR D B TODD JR BLVD,,,,100.00,Feet,South,BUCHANAN ST,,,,0.00,N,Not at Intersection,N,Non-Junction,None,,,         ,Bianca,Crawford,Unknown,Angle,no,no,no,no,no,False
103144456,METROPOLITAN NASHVILLE POLICE DEPT,20210568338,Davidson,Nashville,11/2/2021 5:00:00 PM,2,0,0,36.191730,-86.828060,CLARKSVILLE PKE,,,,370.00,Feet,East,CLIFF DR,,,,0.00,N,Not at Intersection,N,Non-Junction,None,,,         ,Ernesto,Holiday,Clear,Front to Rear,no,no,no,no,no,False
103144457,METROPOLITAN NASHVILLE POLICE DEPT,20210593776,Davidson,Nashville,11/18/2021 8:30:00 AM,4,0,0,36.167790,-86.765700,I 24,,,,0.00,,,,,,,48.85,N,Not at Intersection,N,Non-Junction,None,,,         ,Ernesto,Holiday,Rain,Other,no,no,no,no,yes,False
103144461,METROPOLITAN NASHVILLE POLICE DEPT,20210593924,Davidson,Nashville,11/18/2021 10:25:00 AM,2,1,0,36.143280,-86.745820,MURFREESBORO PKE,,,,465.00,Feet,West,FESSLERS LN,,,,0.00,N,Not at Intersection,N,Non-Junction,None,,,         ,Tyler,Hall,Clear,Front to Rear,no,no,no,no,no,False
103144506,METROPOLITAN NASHVILLE POLICE DEPT,20210594091,Davidson,Nashville,11/18/2021 12:42:00 PM,2,1,0,36.157950,-86.784310,10TH AVS,,,,0.00,,,BROADWAY,,,,0.00,Y,OTHER,N,Intersection,None,,,         ,Samuel,White,Clear,"Sideswipe, Same Direction",no,no,no,no,no,False
103144538,METROPOLITAN NASHVILLE POLICE DEPT,20210591823,Davidson,Nashville,11/17/2021 5:52:00 AM,2,3,1,36.142650,-86.647790,ELM HILL PKE,,,,668.00,Feet,East,NEILWORTH LN,,,,0.00,N,Not at Intersection,N,Non-Junction,None,,,         ,Kevin,Coleman,Clear,HeadOn,no,no,no,no,no,False
103144542,METROPOLITAN NASHVILLE POLICE DEPT,20210594327,Davidson,OTHER,11/18/2021 3:30:00 PM,2,0,0,36.030250,-86.612610,LOGISTICS WAY,,,,0.00,,,OLD HICKORY BLVD,,,,0.00,Y,Four-Way, ,,None,,,         ,Joseph,Hurst,,,no,no,no,no,no,False
103144546,METROPOLITAN NASHVILLE POLICE DEPT,20210594297,Davidson,Nashville,11/18/2021 3:00:00 PM,2,1,0,36.168570,-86.813360,JEFFERSON ST,,,,0.00,,,I40 E EXT RAMP,,,,0.00,Y,T-Intersection,Y,Entrance/Exit Ramp Related,None,,,         ,Jarrett,Messick,Clear,Front to Rear,no,no,no,no,yes,False
103144558,METROPOLITAN NASHVILLE POLICE DEPT,20210594372,Davidson,OTHER,11/18/2021 3:57:00 PM,2,1,0,36.030250,-86.612610,LOGISTICS WAY,,,,0.00,,,OLD HICKORY BLVD,,,,0.00,Y,T-Intersection,N,Intersection-Related,None,,,         ,Joseph,Hurst,Clear,Front to Rear,no,no,no,no,yes,False
103144566,METROPOLITAN NASHVILLE POLICE DEPT,20210594371,Davidson,Nashville,11/18/2021 3:06:00 PM,2,0,0,36.095120,-86.653570,OLD MURFREESBORO PKE,,,,159.00,Feet,South,MURFREESBORO PKE RAMP,,,,0.00,N,Not at Intersection, ,Non-Junction,None,,,         ,Jeffrey,Palomino-Gonzalez,Clear,Front to Rear,no,no,no,no,no,False
103144580,METROPOLITAN NASHVILLE POLICE DEPT,20210594380,Davidson,Nashville,11/18/2021 3:35:00 PM,2,0,0,36.150650,-86.806390,BRANDAU PL,,,,141.00,Feet,West,23RD AVN,,,,0.00,N,Not at Intersection,N,OtherLocation,None,,,         ,Douglas,Sykes,Clear,Front to Rear,no,no,no,yes,yes,Campus
103144593,METROPOLITAN NASHVILLE POLICE DEPT,20210594394,Davidson,Not in City Limit,11/18/2021 4:00:00 PM,2,0,0,36.264220,-86.735610,OLD HICKORY BLVDW,,,,123.00,Feet,West,I65 N EXT RAMP,,,,0.00,N,Not at Intersection,N,Entrance/Exit Ramp Related,None,,,         ,Paul,Hughes II,Clear,Front to Rear,no,no,no,no,yes,False
103144596,METROPOLITAN NASHVILLE POLICE DEPT,20210594402,Davidson,Nashville,11/18/2021 4:14:00 PM,2,0,0,36.083320,-86.761620,SIDCO DR,,,,0.00,,,CSX DR,,,,0.00,Y,T-Intersection,N,Intersection,None,,,         ,Steven,Powers,Clear,Angle,no,no,no,no,no,False
103144606,METROPOLITAN NASHVILLE POLICE DEPT,20210594349,Davidson,Nashville,11/18/2021 12:00:00 AM,2,0,0,36.252770,-86.717110,GALLATIN PKES,,,,188.00,Feet,South,MADISON SQ,,,,0.00,N,Not at Intersection,N,"Driveway, Alley Access, etc",None,,,         ,Thomas,Denenea,Clear,Angle,no,no,no,no,no,False
103144613,METROPOLITAN NASHVILLE POLICE DEPT,20210594445,Davidson,Nashville,11/18/2021 4:14:00 PM,2,1,0,36.080340,-86.717940,RECOVERY RD,,,,0.00,,,,,,,0.00,,,N,Intersection-Related,None,,,         ,Joseph,Hurst,Clear,Front to Rear,no,no,no,no,no,False
103144625,METROPOLITAN NASHVILLE POLICE DEPT,20210594367,Davidson,Not in City Limit,11/18/2021 3:54:00 PM,5,0,0,36.275050,-86.735420,I 65,,,,0.00,,,,,,,93.00,N,Not at Intersection, ,Non-Junction,None,,,         ,Austin,Bowles,Clear,"Sideswipe, Same Direction",no,no,no,no,no,False
103144639,METROPOLITAN NASHVILLE POLICE DEPT,20210594422,Davidson,Nashville,11/18/2021 4:35:00 PM,2,2,0,36.180460,-86.796260,ROSA L PARKS BLVD,,,,52.00,Feet,South,GARFIELD ST,,,,0.00,N,Not at Intersection,N,Non-Junction,None,,,         ,Malik,Burriss,Clear,Front to Rear,no,no,no,no,no,False
103144641,VANDERBILT UNIVERSITY POLICE,2021-0594459,Davidson,Nashville,11/18/2021 5:00:00 PM,2,0,0,36.138830,-86.802610,CHILDRENS WAY,,,,103.00,Feet,East,23RD AVS,,,,0.00,N,Not at Intersection, ,,None,,,         ,Dontrell,Weakley,,,no,no,no,yes,no,Campus
103144657,METROPOLITAN NASHVILLE POLICE DEPT,20210592880,Davidson,Nashville,11/17/2021 6:50:00 PM,2,1,0,36.037390,-86.786700,OLD HICKORY BLVD,,,,40.00,Feet,West,FRANKLIN PKE,,,,0.00,N,Not at Intersection,N,Non-Junction,None,,,         ,Gregory,Rdzok,Cloudy,"Sideswipe, Same Direction",no,no,no,no,yes,False
103144663,METROPOLITAN NASHVILLE POLICE DEPT,20210594513,Davidson,Nashville,11/18/2021 5:03:00 PM,2,0,0,36.125730,-86.750100,GLENROSE AV,,,,0.00,,,,,,,0.00,,,N,Non-Junction,None,,,         ,Joseph,Hurst,Clear,Angle,no,no,no,no,no,False
103144670,METROPOLITAN NASHVILLE POLICE DEPT,20210594484,Davidson,Not in City Limit,11/18/2021 5:00:00 PM,3,0,0,36.268900,-86.755890,DICKERSON PKE,,,,139.00,Feet,South,OLD HICKORY BLVD,,,,0.00,N,Not at Intersection,N,Non-Junction,None,,,         ,Paul,Hughes II,Clear,Front to Rear,no,no,no,no,no,False
103144691,METROPOLITAN NASHVILLE POLICE DEPT,20210594554,Davidson,Nashville,11/18/2021 6:06:00 PM,2,0,0,36.125290,-86.732530,I24 E ENT RAMP,,,,0.00,,,,,,,0.00,,, ,Non-Junction,None,,,         ,Joseph,Hurst,Clear,Front to Rear,no,no,no,no,no,False
103144692,METROPOLITAN NASHVILLE POLICE DEPT,20210594574,Davidson,Nashville,11/18/2021 6:27:00 PM,2,0,0,36.114590,-86.747130,CENTRAL AV,,,,0.00,Feet,East,NOLENSVILLE PKE,,,,0.00,N,Not at Intersection, ,Non-Junction,None,,,         ,John,Walden,Clear,Angle,no,no,no,no,yes,False
103144697,METROPOLITAN NASHVILLE POLICE DEPT,20210594496,Davidson,Nashville,11/18/2021 4:42:00 PM,2,0,0,36.181960,-86.799500,I65 N EXT RAMP,,,,0.00,Feet,East,I 65,,,,0.00,N,Not at Intersection,N,Non-Junction,None,,,         ,Michael,Suagua,Clear,Front to Rear,no,no,no,no,no,False
103144699,METROPOLITAN NASHVILLE POLICE DEPT,20210594605,Davidson,Nashville,11/18/2021 6:47:00 PM,2,0,0,36.108680,-86.812130,GLEN ECHO RD,,,,0.00,,,HILLSBORO PKE,,,,0.00,Y,T-Intersection, ,Intersection,None,,,         ,Steven,Powers,Clear,Front to Rear,no,no,no,no,no,False
103144701,METROPOLITAN NASHVILLE POLICE DEPT,20210594562,Davidson,Nashville,11/18/2021 6:17:00 PM,2,1,0,36.094930,-86.707290,I 24,,,,0.00,,,,,,,55.00,N,Not at Intersection,N,Non-Junction,None,,,         ,Joseph,Hurst,Clear,Front to Rear,no,no,no,no,no,False
103144706,METROPOLITAN NASHVILLE POLICE DEPT,20210594391,Davidson,Nashville,11/18/2021 4:10:00 PM,2,1,0,36.074020,-86.923300,OLD HARDING PKE RAMP,,,,0.00,,,HIGHWAY 70S,,,,0.00,Y,T-Intersection,N,Intersection,None,,,         ,Michael,Sipos,Clear,Angle,no,no,no,no,no,False
103144713,METROPOLITAN NASHVILLE POLICE DEPT,20210594540,Davidson,Nashville,11/18/2021 6:00:00 PM,2,0,0,36.195060,-86.622090,LEBANON PKE,,,,0.00,,,,,,,0.00,,, ,,None,,,         ,Phillip,Burke,,,no,no,no,no,no,False
103144717,METROPOLITAN NASHVILLE POLICE DEPT,20210594364,Davidson,Nashville,11/18/2021 3:51:00 PM,2,2,0,36.156560,-86.631960,STEWARTS FERRY PIKE,,,,0.00,,,-- UNKNOWN RAMP/ROAD --,,,,0.00,Y,Four-Way,N,Non-Junction,None,,,         ,Brandon,Chapman,Clear,"Sideswipe, Opposite Direction",no,no,no,no,no,False
103144723,METROPOLITAN NASHVILLE POLICE DEPT,20210594582,Davidson,Not in City Limit,11/18/2021 5:46:00 PM,1,0,0,36.274770,-86.733600,FALCON DR,,,,517.00,Feet,South,N SUMMERFIELD DR,,,,0.00,N,Not at Intersection, ,Non-Junction,None,,,         ,Connor,Hosey,Clear,Not Collision with Motor Vehicle in Transport,no,no,no,no,no,False
103144736,METROPOLITAN NASHVILLE POLICE DEPT,20210594534,Davidson,Nashville,11/18/2021 5:59:00 PM,2,1,0,36.141140,-86.627970,BELL RD,,,,3.00,Feet,North,ELM HILL PKE,,,,0.00,N,Not at Intersection,Y,Non-Junction,None,,,         ,Evan,Grace,Clear,Front to Rear,no,no,no,no,no,False
103144739,METROPOLITAN NASHVILLE POLICE DEPT,20210594663,Davidson,Nashville,11/18/2021 5:36:00 PM,2,0,0,36.066500,-86.630280,MURFREESBORO PKE,,,,365.00,Feet,North,HAMILTON CROSSINGS,,,,0.00,N,Not at Intersection, ,,None,,,         ,Joseph,Hurst,,,no,no,no,no,no,False
103144741,THP District 3 - Nashville,321076956,Davidson,Nashville,11/18/2021 6:01:00 PM,2,0,0,36.246790,-86.744040,I 65,,,,0.00,,,,,,,90.90,N,Not at Intersection, ,Non-Junction,None,,,         ,Jacob,Farley,Clear,Angle,no,no,no,no,yes,False
103144765,METROPOLITAN NASHVILLE POLICE DEPT,20210594648,Davidson,Nashville,11/18/2021 7:00:00 PM,2,0,0,36.170810,-86.767450,I 24,,,,0.00,,,,,,,48.60,N,Not at Intersection, ,Non-Junction,None,,,         ,Kency,Le,Clear,Front to Rear,no,no,no,no,no,False
103144766,METROPOLITAN NASHVILLE POLICE DEPT,20210594649,Davidson,Nashville,11/18/2021 7:10:00 PM,3,0,0,36.156810,-86.760490,I40 W ENT RAMP,,,,0.00,Feet,East,I 24,,,,0.00,N,Not at Intersection,N,Non-Junction,None,,,         ,Reagan,Heath,Clear,Front to Rear,no,no,no,no,no,False
103144770,METROPOLITAN NASHVILLE POLICE DEPT,20210594579,Davidson,Nashville,11/18/2021 12:00:00 AM,2,0,0,36.154650,-86.788890,I40 E ENT RAMP,,,,0.00,Feet,East,I 40,,,,0.00,N,Not at Intersection,Y,Entrance/Exit Ramp Related,None,,,         ,Alex,Gibson,Clear,Front to Rear,no,no,no,no,no,False
103144771,METROPOLITAN NASHVILLE POLICE DEPT,20210594464,Davidson,Old Hickory,11/18/2021 5:00:00 PM,4,0,0,36.247750,-86.641630,OLD HICKORY BLVD,,,,147.00,Feet,West,24TH ST,,,,0.00,N,Not at Intersection,N,Non-Junction,None,,,         ,Zaire,Murray,Clear,Other,no,no,no,no,no,False
103144774,METROPOLITAN NASHVILLE POLICE DEPT,20210594274,Davidson,Nashville,11/18/2021 2:15:00 PM,2,1,0,36.215610,-86.598850,LEBANON PKE,,,,389.00,Feet,West,ANDREW JACKSON PKWY,,,,0.00,N,Not at Intersection,N,Non-Junction,None,,,         ,Cheri,Cox,Cloudy,Rear to Rear,no,no,no,yes,no,False
103144779,METROPOLITAN NASHVILLE POLICE DEPT,20210594669,Davidson,Nashville,11/18/2021 7:39:00 PM,2,0,0,36.156810,-86.760490,I40 W ENT RAMP,,,,0.00,Feet,East,I 24,,,,0.00,N,Not at Intersection, ,Non-Junction,None,,,         ,Evan,Grace,Clear,Front to Rear,no,no,no,no,no,False
103144787,METROPOLITAN NASHVILLE POLICE DEPT,20210594647,Davidson,Nashville,11/18/2021 12:00:00 AM,3,1,0,36.185210,-86.609650,ANDREW JACKSON PKWY,,,,642.00,Feet,North,OLD HICKORY BLVD,,,,0.00,N,Not at Intersection,N,Non-Junction,None,,,         ,Keenan,McCann,Clear,Front to Rear,no,no,no,no,no,False
103144808,METROPOLITAN NASHVILLE POLICE DEPT,20210594657,Davidson,Nashville,11/18/2021 7:28:00 PM,1,0,0,36.041210,-86.821440,OLD HICKORY BLVD,,,,0.00,,,HICKORY SPRINGS RD,,,,0.00,Y,T-Intersection,N,Intersection,None,,,         ,Steven,Powers,Clear,Not Collision with Motor Vehicle in Transport,no,no,no,no,no,False
103144809,METROPOLITAN NASHVILLE POLICE DEPT,20210594642,Davidson,Nashville,11/18/2021 3:42:00 PM,2,0,0,36.254250,-86.772150,BROOKDALE DR,,,,86.00,Feet,North,WESTCHESTER DR,,,,0.00,N,Not at Intersection,N,Non-Junction,None,,,         ,Paul,Hughes II,Clear,Angle,no,no,no,no,yes,False
103144824,METROPOLITAN NASHVILLE POLICE DEPT,20210594507,Davidson,Not in City Limit,11/18/2021 5:20:00 PM,2,0,0,36.020150,-86.710170,NOLENSVILLE PKE,,,,418.00,Feet,North,SHANE POINT PL,,,,0.00,N,Not at Intersection, ,Non-Junction,None,,,         ,Gregory,Rdzok,Clear,Angle,no,no,no,no,no,False
103144830,METROPOLITAN NASHVILLE POLICE DEPT,20210594739,Davidson,Nashville,11/18/2021 7:34:00 PM,2,0,0,36.055010,-86.642410,ZELIDA AV,,,,0.00,,,BELL RD,,,,0.00,Y,Four-Way,N,Intersection-Related,None,,,         ,Joseph,Hurst,Clear,"Sideswipe, Same Direction",no,no,no,no,yes,False
103144831,METROPOLITAN NASHVILLE POLICE DEPT,20210594463,Davidson,Nashville,11/18/2021 5:05:00 PM,1,0,1,36.204040,-86.742630,E TRINITY LN,,,,148.00,Feet,East,DOZIER PL,,,,0.00,N,Not at Intersection,N,Non-Junction,None,,,         ,Ryan,Allen,Clear,Not Collision with Motor Vehicle in Transport,yes,no,no,no,yes,False
103144857,METROPOLITAN NASHVILLE POLICE DEPT,20210594626,Davidson,Nashville,11/18/2021 7:00:00 PM,1,1,0,36.186630,-86.803970,DOMINICAN DR,,,,31.00,Feet,East,9TH AVN,,,,0.00,N,Not at Intersection,N,Non-Junction,None,,,         ,Alec,Pellissier,Clear,Not Collision with Motor Vehicle in Transport,yes,no,no,no,yes,False
103144863,METROPOLITAN NASHVILLE POLICE DEPT,20210594819,Davidson,Not in City Limit,11/18/2021 9:29:00 PM,2,0,0,36.269260,-86.755740,OLD HICKORY BLVDW,,,,0.00,,,DICKERSON PKE,,,,0.00,Y,Four-Way,Y,Intersection-Related,None,,,         ,Connor,Hosey,Clear,Front to Rear,no,no,no,no,yes,False
103144873,METROPOLITAN NASHVILLE POLICE DEPT,20210594727,Davidson,Nashville,11/18/2021 8:16:00 PM,2,0,0,36.079480,-86.696170,I 24,,,,0.00,,,,,,,56.25,N,Not at Intersection,N,Non-Junction,None,,,         ,Joseph,Hurst,Clear,Angle,no,no,no,no,yes,False
103144879,METROPOLITAN NASHVILLE POLICE DEPT,20210594666,Davidson,Nashville,11/18/2021 7:33:00 PM,2,0,0,36.170450,-86.742590,SHELBY AV,,,,82.00,Feet,East,S 16TH ST,,,,0.00,N,Not at Intersection,N,Non-Junction,None,,,         ,Kelsey,Hemminger,Clear,Front to Rear,no,no,no,no,yes,False
103144884,METROPOLITAN NASHVILLE POLICE DEPT,20210594701,Davidson,Nashville,11/18/2021 7:10:00 PM,2,0,0,36.150850,-86.625290,BELL RD,,,,507.00,Feet,South,BLACKWOOD DR,,,,0.00,N,Not at Intersection,N,Non-Junction,None,,,         ,Phillip,Burke,Clear,"Sideswipe, Same Direction",no,no,no,no,no,False
103144910,METROPOLITAN NASHVILLE POLICE DEPT,20210594848,Davidson,Nashville,11/18/2021 12:00:00 AM,1,0,0,36.202720,-86.722580,HANOVER RD,,,,0.00,,,RIVERSIDE DR,,,,0.00,Y,T-Intersection, ,Non-Junction,None,,,         ,Esther,Poysti,Clear,Not Collision with Motor Vehicle in Transport,no,no,no,no,no,False
103144926,METROPOLITAN NASHVILLE POLICE DEPT,20210594881,Davidson,Nashville,11/18/2021 8:30:00 PM,2,0,0,36.227490,-86.728510,MAPLEWOOD PL,,,,184.00,Feet,West,PORSHA DR,,,,0.00,N,Not at Intersection, ,,None,,,         ,Kristopher,Sutton,,,no,no,no,no,no,False
103144943,METROPOLITAN NASHVILLE POLICE DEPT,20210594833,Davidson,Nashville,11/18/2021 9:46:00 PM,4,2,0,36.193350,-86.752680,ELLINGTON PKWYN,,,,3.00,Feet,North,DOUGLAS AV,,,,0.00,N,Not at Intersection,N,Non-Junction,None,,,         ,Reginald,Pierre-Paul,Clear,HeadOn,no,no,no,no,no,False
103144949,METROPOLITAN NASHVILLE POLICE DEPT,20210594872,Davidson,Nashville,11/18/2021 10:25:00 PM,2,0,0,36.151650,-86.857320,I40 E ENT RAMP,,,,0.00,,East,I 40,,,,0.00,N,Not at Intersection,N,Entrance/Exit Ramp Related,None,,,         ,Peyton,Wheatley,Clear,Angle,no,no,no,no,no,False
103144953,METROPOLITAN NASHVILLE POLICE DEPT,20210594512,Davidson,Nashville,11/18/2021 5:35:00 PM,2,0,0,36.190400,-86.687860,BRILEY PKWYS,,,,93.00,Feet,North,BRILEY PKWYN,,,,0.00,N,Not at Intersection,N,Non-Junction,None,,,         ,Bryson,Wilkins,,"Sideswipe, Same Direction",no,no,no,no,yes,False
103144954,METROPOLITAN NASHVILLE POLICE DEPT,20210594986,Davidson,Nashville,11/18/2021 11:10:00 PM,3,0,0,36.052530,-86.649290,WILLOW POINTE PVTDR,,,,141.00,Feet,West,HICKORY HOLLOW TER,,,,0.00,N,Not at Intersection, ,"Driveway, Alley Access, etc",None,,,         ,Dylan,Ramos,Clear,Front to Rear,no,no,no,yes,yes,False
103144958,METROPOLITAN NASHVILLE POLICE DEPT,20210594918,Davidson,Not in City Limit,11/18/2021 11:15:00 PM,2,0,0,36.084030,-86.950340,I 40,,,,0.00,,,,,,,97.25,N,Not at Intersection,N,Non-Junction,None,,,         ,David,Moser,Clear,"Sideswipe, Same Direction",no,no,no,no,no,False
103144967,METROPOLITAN NASHVILLE POLICE DEPT,20210594990,Davidson,Nashville,11/19/2021 12:00:00 AM,1,1,0,36.141660,-86.713700,I 40,,,,0.00,,,,,,,214.00,N,Not at Intersection,N,Non-Junction,None,,,         ,Scott,Edwards,,Not Collision with Motor Vehicle in Transport,no,no,no,no,no,False
103144971,METROPOLITAN NASHVILLE POLICE DEPT,20210595049,Davidson,Nashville,11/18/2021 11:45:00 PM,2,0,0,36.160770,-86.777770,BROADWAY,,,,191.00,Feet,West,4TH AVN,,,,0.00,N,Not at Intersection,N,Non-Junction,None,,,         ,Jacob,Robbins,Clear,Front to Rear,no,no,no,no,yes,False
103144975,METROPOLITAN NASHVILLE POLICE DEPT,20210595111,Davidson,Nashville,11/18/2021 9:30:00 PM,2,0,0,36.088810,-86.650830,RANSOM PL,,,,5.00,Feet,West,CAPITAL FUNDS CT,,,,0.00,N,Not at Intersection, ,Non-Junction,None,,,         ,Dylan,Ramos,Clear,"Sideswipe, Opposite Direction",no,no,no,no,yes,False
103144984,METROPOLITAN NASHVILLE POLICE DEPT,20210595161,Davidson,Nashville,11/19/2021 12:00:00 AM,1,0,0,36.070300,-86.684540,ANTIOCH PKE,,,,3.00,Feet,North,HAYWOOD LN,,,,0.00,N,Not at Intersection,N,OtherLocation,None,,,         ,Dylan,Ramos,Clear,Not Collision with Motor Vehicle in Transport,no,no,no,no,yes,False
103144994,METROPOLITAN NASHVILLE POLICE DEPT,20210595200,Davidson,Nashville,11/19/2021 3:12:00 AM,1,1,0,36.123690,-86.747610,I440 E ENT RAMP,,,,261.00,Feet,West,I 440,,,,0.00,N,Not at Intersection,N,Non-Junction,None,,,         ,Mitchell,Cook,Clear,Not Collision with Motor Vehicle in Transport,no,no,no,no,no,False
103145006,VANDERBILT UNIVERSITY POLICE,20210591641,Davidson,Nashville,11/18/2021 10:05:00 PM,2,0,0,36.147560,-86.806220,24TH AVS,,,,150.00,Feet,South,WEST END AV,,,,0.00,N,Not at Intersection, ,Non-Junction,None,,,         ,Michael,Walker,,"Sideswipe, Same Direction",no,no,no,no,no,Campus
103145028,METROPOLITAN NASHVILLE POLICE DEPT,20210595155,Davidson,Nashville,11/19/2021 1:08:00 AM,2,0,0,36.134440,-86.722870,MURFREESBORO PKE,,,,0.00,,,,,,,0.00,,Not at Intersection,N,Non-Junction,None,,,         ,Zacarias,Brito Jr.,,"Sideswipe, Same Direction",no,no,no,yes,yes,False
103145029,METROPOLITAN NASHVILLE POLICE DEPT,20210595184,Davidson,Nashville,11/19/2021 1:10:00 AM,2,0,0,36.135680,-86.725070,I24 W EXT RAMP,,,,0.00,Feet,East,SPENCE LN,,,,0.00,N,Not at Intersection,N,Non-Junction,None,,,         ,Zacarias,Brito Jr.,,"Sideswipe, Same Direction",no,no,no,no,yes,False
103145074,METROPOLITAN NASHVILLE POLICE DEPT,20210595348,Davidson,Nashville,11/19/2021 12:00:00 AM,2,2,0,36.166570,-86.764900,I 24,,,,0.00,,,,,,,48.95,N,Not at Intersection,Y,Entrance/Exit Ramp Related,None,,,         ,Tristan,Krausman,Clear,Angle,no,no,no,no,no,False
103145082,METROPOLITAN NASHVILLE POLICE DEPT,20210595342,Davidson,Nashville,11/19/2021 6:03:00 AM,2,3,0,36.058720,-86.678560,I 24,,,,0.00,,,,,,,58.00,N,Not at Intersection,N,Non-Junction,None,,,         ,Eric,Laury,Clear,"Sideswipe, Same Direction",no,no,no,no,no,False
103145091,METROPOLITAN NASHVILLE POLICE DEPT,20210595428,Davidson,Nashville,11/19/2021 7:25:00 AM,2,0,0,36.224350,-86.773170,I 65,,,,0.00,,,,,,,88.55,N,Not at Intersection,N,Non-Junction,None,,,         ,Brandon,Evans,Clear,"Sideswipe, Same Direction",no,no,no,no,yes,False
103145098,METROPOLITAN NASHVILLE POLICE DEPT,20210595362,Davidson,Nashville,11/19/2021 6:43:00 AM,2,1,0,36.127060,-86.711560,MURFREESBORO PKE,,,,191.00,Feet,West,THOMPSON PL,,,,0.00,N,Not at Intersection,N,Non-Junction,None,,,         ,Rachael,Robinson,Clear,Angle,no,no,no,no,no,False
103145130,METROPOLITAN NASHVILLE POLICE DEPT,20210595464,Davidson,Not in City Limit,11/19/2021 8:00:00 AM,2,0,0,36.280470,-86.803610,I 24,,,,0.00,,,,,,,40.20,N,Not at Intersection, ,Non-Junction,None,,,         ,Travis,Baxter,Clear,Front to Rear,no,no,no,no,no,False
103145133,METROPOLITAN NASHVILLE POLICE DEPT,20210595437,Davidson,Nashville,11/19/2021 7:35:00 AM,2,0,0,36.244730,-86.784790,I 24,,,,0.00,,,,,,,42.95,N,Not at Intersection,N,Non-Junction,None,,,         ,James,Wray,Clear,Front to Rear,no,no,no,no,no,False
103145141,METROPOLITAN NASHVILLE POLICE DEPT,20210595436,Davidson,Nashville,11/19/2021 7:41:00 AM,2,0,0,36.044850,-86.668370,BELL RD,,,,0.00,,,ARBOR COMMON,,,,0.00,Y,Four-Way,N,Intersection,None,,,         ,Joe,Hooper,Clear,Angle,no,no,no,no,no,False
103145153,METROPOLITAN NASHVILLE POLICE DEPT,20210595370,Davidson,Nashville,11/19/2021 5:59:00 AM,2,0,0,36.223130,-86.782320,BRICK CHURCH PKE,,,,392.00,Feet,South,BRICK CHURCH PARK DR,,,,0.00,N,Not at Intersection, ,Non-Junction,None,,,         ,Nicholas,Hoffmann,Clear,Angle,no,no,no,no,no,False
103145177,METROPOLITAN NASHVILLE POLICE DEPT,20210595494,Davidson,Nashville,11/19/2021 8:04:00 AM,2,0,0,36.073980,-86.638170,MURFREESBORO PKE,,,,230.00,Feet,South,RURAL HILL RD,,,,0.00,N,Not at Intersection,N,Non-Junction,None,,,         ,Rachael,Robinson,Clear,Angle,no,no,no,no,no,False
103145180,METROPOLITAN NASHVILLE POLICE DEPT,20210595541,Davidson,Nashville,11/19/2021 9:10:00 AM,1,1,0,36.241670,-86.766140,DOVERSIDE DR,,,,191.00,Feet,East,OAKVIEW DR,,,,0.00,N,Not at Intersection,N,Non-Junction,None,,,         ,Travis,Baxter,Clear,Not Collision with Motor Vehicle in Transport,no,no,no,no,no,False
103145194,METROPOLITAN NASHVILLE POLICE DEPT,20210595492,Davidson,Nashville,11/19/2021 8:33:00 AM,2,2,0,36.172020,-86.768700,I 24,,,,0.00,,,,,,,48.30,N,Not at Intersection,N,Non-Junction,None,,,         ,Daniel,Russett,Clear,Front to Rear,no,no,no,no,no,False
103145202,METROPOLITAN NASHVILLE POLICE DEPT,20210595597,Davidson,Not in City Limit,11/19/2021 10:00:00 AM,2,0,0,36.268540,-86.756050,DICKERSON PKE,,,,79.00,Feet,North,BELL GRIMES LN,,,,0.00,N,Not at Intersection,N,Non-Junction,None,,,         ,Travis,Baxter,Clear,Angle,no,no,no,no,yes,False