master_record_number,agency,agency_tracking_number,county,city,collision_date,vehicles_involved,number_injured,number_dead,latitude,longitude,roadway_name,roadway_suffix,roadway_number,roadway_local_id,distance_from_reference,miles-feet_indicator,direction_from_reference,intersection_road_name,intersection_road_name_suffix,intersection_road_number,intersection_local_id,mile_marker,intersection_indicator,intersect_type,interchange_related_indicator,relation_to_junction,work_zone_type,construction_maintenance_zone,construction_maintenance_zone_location,fatal_case_number,officer_first_name,officer_last_name,weather_condition(s),manner_of_crash,pedestrian,bicycle,scooter,parking,hitrun,mou
103146180,Nashville Airport Police,2021-04414,Davidson,Nashville,11/14/2021 12:00:00 AM,1,0,0,36.135960,-86.663620,DONELSON PKES,,,,0.00,,,DONELSON PKE,,,,0.00,Y,Y-Intersection,N,Entrance/Exit Ramp Related,None,,,         ,Jackson,Sircy,Clear,Not Collision with Motor Vehicle in Transport,no,no,no,no,no,False
103146184,METROPOLITAN NASHVILLE POLICE DEPT,20210596615,Davidson,Not in City Limit,11/20/2021 12:20:00 AM,1,0,0,36.281730,-86.707730,GALLATIN PKEN,,,,186.00,Feet,South,WELWORTH ST,,,,0.00,N,Not at Intersection, ,Non-Junction,None,,,         ,Sean,McConnell,Clear,Not Collision with Motor Vehicle in Transport,no,no,no,no,no,False
103146190,METROPOLITAN NASHVILLE POLICE DEPT,20210596677,Davidson,Nashville,11/20/2021 1:09:00 AM,2,3,0,36.187990,-86.821560,ED TEMPLE BLVD,,,,0.00,Feet,East,ROSA L PARKS BLVD,,,,0.00,N,Not at Intersection,Y,Non-Junction,None,,,         ,Ivan,Vega,Clear,Other,no,no,no,no,no,False
103146191,METROPOLITAN NASHVILLE POLICE DEPT,20210596710,Davidson,Nashville,11/20/2021 1:42:00 AM,2,0,0,36.236500,-86.762050,I 65,,,,0.00,,,,,,,89.70,N,Not at Intersection,N,Non-Junction,None,,,         ,Derrick,Toney,Clear,"Sideswipe, Same Direction",no,no,no,no,yes,False
103146194,METROPOLITAN NASHVILLE POLICE DEPT,20210596768,Davidson,Nashville,11/20/2021 3:10:00 AM,1,0,0,36.208010,-86.611370,LEBANON PKE,,,,98.00,Feet,North,HIGHLAND VIEW DR,,,,0.00,N,Not at Intersection, ,,None,,,         ,Nelson,Hemingway,,,no,no,no,no,no,False
103146200,METROPOLITAN NASHVILLE POLICE DEPT,20210596718,Davidson,Nashville,11/20/2021 1:57:00 AM,1,1,0,36.161540,-86.775970,3RD AVS,,,,0.00,,,BROADWAY,,,,0.00,Y,Four-Way,Y,Intersection-Related,None,,,         ,Rachael,Robinson,Clear,Not Collision with Motor Vehicle in Transport,yes,no,no,no,yes,False
103146203,METROPOLITAN NASHVILLE POLICE DEPT,20210596759,Davidson,Nashville,11/20/2021 2:45:00 AM,2,0,0,36.153250,-86.794010,17TH AVS,,,,0.00,,,BROADWAY,,,,0.00,Y,Four-Way,N,Intersection,None,,,         ,Michael,Hodges,Clear,Angle,no,no,no,no,no,False
103146204,METROPOLITAN NASHVILLE POLICE DEPT,20210596599,Davidson,Nashville,11/20/2021 12:00:00 AM,2,0,0,36.163760,-86.762610,I 24,,,,0.00,,,,,,,49.20,N,Not at Intersection,N,Non-Junction,None,,,         ,Clayton,Lewis,Clear,"Sideswipe, Same Direction",no,no,no,no,yes,False
103146210,METROPOLITAN NASHVILLE POLICE DEPT,20210596745,Davidson,Nashville,11/20/2021 2:00:00 AM,2,2,0,36.153250,-86.794010,17TH AVS,,,,0.00,,,BROADWAY,,,,0.00,Y,Four-Way,N,Intersection,None,,,         ,Michael,Hodges,Clear,Angle,no,no,no,no,yes,False
103146216,METROPOLITAN NASHVILLE POLICE DEPT,20210596727,Davidson,Nashville,11/20/2021 2:00:00 AM,2,1,0,36.172590,-86.762800,S 6TH ST,,,,0.00,,,WOODLAND ST,,,,0.00,Y,Four-Way,Y,Intersection,None,,,         ,David,Rehm,Cloudy,HeadOn,no,no,no,no,no,False
103146223,METROPOLITAN NASHVILLE POLICE DEPT,20210596803,Davidson,Nashville,11/20/2021 3:44:00 AM,2,0,0,36.101020,-86.733000,ANTIOCH PKE,,,,184.00,Feet,East,KINROSS AV,,,,0.00,N,Not at Intersection,N,Non-Junction,None,,,         ,Mitchell,Cook,,Not Collision with Motor Vehicle in Transport,no,no,no,no,yes,False
103146230,METROPOLITAN NASHVILLE POLICE DEPT,20210596811,Davidson,Nashville,11/20/2021 4:50:00 AM,2,0,0,36.143500,-86.794370,EDGEHILL AV,,,,13.00,Feet,East,17TH AVS,,,,0.00,N,Not at Intersection,N,Non-Junction,None,,,         ,Bobby,Ehman,Clear,Angle,no,no,no,no,no,False
103146242,METROPOLITAN NASHVILLE POLICE DEPT,20210596766,Davidson,Nashville,11/20/2021 3:07:00 AM,2,0,0,36.180790,-86.749640,GALLATIN AV,,,,51.00,Feet,North,ORDWAY PL,,,,0.00,N,Not at Intersection,N,Non-Junction,None,,,         ,David,Rehm,Cloudy,HeadOn,no,no,no,no,no,False
103146246,METROPOLITAN NASHVILLE POLICE DEPT,20210596841,Davidson,Nashville,11/20/2021 6:02:00 AM,2,0,0,36.195420,-86.775560,I 65,,,,0.00,,,,,,,86.50,N,Not at Intersection,N,Non-Junction,None,,,         ,Matthew,Jankiewicz,Clear,Front to Rear,no,no,no,no,yes,False
103146248,METROPOLITAN NASHVILLE POLICE DEPT,20210596685,Davidson,Nashville,11/20/2021 12:29:00 AM,3,0,0,36.087400,-86.729470,ELYSIAN FIELDS CT,,,,292.00,Feet,East,NOLENSVILLE PKE,,,,0.00,N,Not at Intersection,N,Non-Junction,None,,,         ,Robert,Leverick,Clear,Angle,no,no,no,yes,no,False
103146262,METROPOLITAN NASHVILLE POLICE DEPT,20210596784,Davidson,Nashville,11/20/2021 3:41:00 AM,2,0,0,36.126010,-86.727960,I440 W ENT RAMP,,,,0.00,Feet,East,I 440,,,,0.00,N,Not at Intersection,N,Non-Junction,None,,,         ,Kaleigh,Pearce,Clear,"Sideswipe, Same Direction",no,no,no,no,yes,False
103146267,METROPOLITAN NASHVILLE POLICE DEPT,20210596797,Davidson,Nashville,11/20/2021 3:38:00 AM,2,0,0,36.140130,-86.723080,I 40,,,,0.00,,,,,,,213.55,N,Not at Intersection,Y,Non-Junction,None,,,         ,Corey,Ethridge,Clear,"Sideswipe, Same Direction",no,no,no,no,no,False
103146268,BERRY HILL POLICE DEPT,21-3387,Davidson,Berry Hill,11/19/2021 1:11:00 PM,2,0,0,36.118860,-86.774590,FRANKLIN PKE,,,,0.00,,,BERRY RD,,,,0.00,Y,T-Intersection, ,Intersection,None,,,         ,Larry,Carter,Clear,Front to Rear,no,no,no,no,no,False
103146269,Nashville Airport Police,2021-04359,Davidson,Nashville,11/10/2021 11:36:00 AM,2,0,0,36.136160,-86.667550,TERMINAL DR,,,,0.00,,,I40 E EXT RAMP,,,,0.00,Y,OTHER, ,Non-Junction,None,,,         ,Brian,Robbins,Clear,"Sideswipe, Same Direction",no,no,no,no,no,False
103146270,METROPOLITAN NASHVILLE POLICE DEPT,20210596842,Davidson,Nashville,11/20/2021 6:00:00 AM,2,1,0,36.069590,-86.693910,HAYWOOD LN,,,,0.00,Feet,,EZELL RD,,,,0.00,Y,Four-Way,N,Intersection,None,,,         ,Eric,Laury,Clear,Angle,no,no,no,no,yes,False
103146276,METROPOLITAN NASHVILLE POLICE DEPT,20210595480,Davidson,Antioch,11/19/2021 8:17:00 AM,2,0,0,36.043440,-86.607100,MURFREESBORO PKE,,,,266.00,Feet,North,HOBSON PKE,,,,0.00,N,Not at Intersection, ,Non-Junction,None,,,         ,Seth,Wilson,Clear,Front to Rear,no,no,no,no,no,False
103146290,METROPOLITAN NASHVILLE POLICE DEPT,20210596883,Davidson,Not in City Limit,11/20/2021 7:10:00 AM,2,1,0,36.279700,-86.708680,GALLATIN PKEN,,,,98.00,Feet,South,ELMORE AV,,,,0.00,N,Not at Intersection,N,Non-Junction,None,,,         ,Michael,Hones,Clear,Angle,no,no,no,no,no,False
103146333,METROPOLITAN NASHVILLE POLICE DEPT,20210596913,Davidson,Nashville,11/20/2021 8:01:00 AM,1,0,0,36.087770,-86.920710,STATE HWY 251,,,,43.00,Feet,South,WOODBURY FALLS DR,,,,0.00,N,Not at Intersection,N,Non-Junction,None,,,         ,Christopher,Alceus,Cloudy,Not Collision with Motor Vehicle in Transport,no,no,no,no,no,False
103146375,THP District 3 - Nashville,321077080,Davidson,Nashville,11/19/2021 10:31:00 AM,3,0,0,36.118660,-86.809450,HILLSBORO PKE,,,,316.00,Feet,North,GOLF CLUB LN,,,,0.00,N,Not at Intersection, ,Non-Junction,None,,,         ,Reggie,Edge Jr,Clear,Front to Rear,no,no,no,no,no,False
103146380,METROPOLITAN NASHVILLE POLICE DEPT,20210596987,Davidson,Nashville,11/20/2021 12:00:00 AM,2,0,0,36.194330,-86.775590,I 65,,,,0.00,,,,,,,86.45,N,Not at Intersection, ,Non-Junction,None,,,         ,Bianca,Crawford,Clear,"Sideswipe, Same Direction",no,no,no,no,yes,False
103146392,METROPOLITAN NASHVILLE POLICE DEPT,20210596972,Davidson,Nashville,11/20/2021 5:50:00 AM,1,0,0,36.199920,-86.846740,ASHLAND CITY HWY,,,,70.00,Feet,North,WINDOVER DR,,,,0.00,N,Not at Intersection,N,Non-Junction,None,,,         ,Jedidayah,Merriweather,Cloudy,Not Collision with Motor Vehicle in Transport,no,no,no,yes,yes,False
103146393,METROPOLITAN NASHVILLE POLICE DEPT,20210596975,Davidson,Nashville,11/20/2021 12:00:00 AM,2,0,0,36.173030,-86.792400,9TH AVN,,,,0.00,,,JEFFERSON ST,,,,0.00,Y,T-Intersection, ,Intersection,None,,,         ,Bianca,Crawford,Clear,Angle,no,no,no,no,no,False
103146398,METROPOLITAN NASHVILLE POLICE DEPT,20210597085,Davidson,Not in City Limit,11/20/2021 11:45:00 AM,2,0,0,36.262210,-86.712210,GALLATIN PKES,,,,0.00,,,E OLD HICKORY BLVD,,,,0.00,Y,Four-Way, ,Intersection-Related,None,,,         ,James,Gilliam,Clear,"Sideswipe, Same Direction",no,no,no,no,yes,False
103146420,METROPOLITAN NASHVILLE POLICE DEPT,20210597063,Davidson,Nashville,11/20/2021 11:12:00 AM,2,0,0,36.045370,-86.713260,OLD HICKORY BLVD,,,,0.00,Feet,,NOLENSVILLE PKE,,,,0.00,Y,Four-Way, ,Intersection,None,,,         ,Matthew,Jorgensen,Clear,Angle,no,no,no,no,no,False
103146457,METROPOLITAN NASHVILLE POLICE DEPT,20210597126,Davidson,Goodlettsville,11/20/2021 12:49:00 PM,2,1,0,36.299060,-86.697360,GALLATIN PKEN,,,,345.00,Feet,South,CUDE LN,,,,0.00,N,Not at Intersection,N,Non-Junction,None,,,         ,Ian,Wilson,Clear,"Sideswipe, Same Direction",no,no,no,no,no,False
103146459,METROPOLITAN NASHVILLE POLICE DEPT,20210596965,Davidson,Nashville,11/20/2021 7:23:00 AM,1,0,0,36.141510,-86.740450,MURFREESBORO PKE,,,,33.00,Feet,East,FOSTER AV,,,,0.00,N,Not at Intersection,N,Non-Junction,Construction Zone,Laneclosure,Activity Area,         ,Seth,Wilson,Unknown,Not Collision with Motor Vehicle in Transport,no,no,no,no,yes,False
103146469,METROPOLITAN NASHVILLE POLICE DEPT,20210597097,Davidson,Nashville,11/20/2021 11:57:00 AM,2,0,0,36.173590,-86.602150,CENTRAL PKE,,,,0.00,,,OLD HICKORY BLVD,,,,0.00,Y,Four-Way,N,Intersection,None,,,         ,Rex,Engelbert,Clear,Angle,no,no,no,no,no,False
103146507,METROPOLITAN NASHVILLE POLICE DEPT,20210597089,Davidson,Nashville,11/20/2021 11:25:00 AM,2,1,0,36.071090,-86.635310,MURFREESBORO PKE,,,,383.00,Feet,South,BELL RD,,,,0.00,N,Not at Intersection,N,Non-Junction,None,,,         ,Tyler,Heckaman,Clear,Angle,no,no,no,no,no,False
103146519,METROPOLITAN NASHVILLE POLICE DEPT,20210597168,Davidson,Goodlettsville,11/20/2021 1:39:00 PM,2,0,0,36.294920,-86.700940,RIVERGATE STATION PVTDR,,,,0.00,,,GALLATIN PKEN,,,,0.00,Y,Four-Way,N,Intersection,None,,,         ,Ian,Wilson,Clear,Angle,no,no,no,no,yes,False
103146524,METROPOLITAN NASHVILLE POLICE DEPT,20210597073,Davidson,Nashville,11/20/2021 11:34:00 AM,2,2,0,36.188830,-86.773160,DICKERSON PKE,,,,0.00,,,WHITES CREEK PKE,,,,0.00,Y,T-Intersection,N,Intersection,None,,,         ,Faye,Denson,Clear,Angle,no,no,no,no,no,False
103146559,METROPOLITAN NASHVILLE POLICE DEPT,20210597178,Davidson,Nashville,11/20/2021 1:48:00 PM,1,1,0,36.103910,-86.815500,HILLSBORO PKE,,,,268.00,Feet,North,WARFIELD DR,,,,0.00,N,Not at Intersection,N,Non-Junction,None,,,         ,laina,herod,Clear,Not Collision with Motor Vehicle in Transport,yes,no,no,yes,no,False
103146598,METROPOLITAN NASHVILLE POLICE DEPT,20210597214,Davidson,Nashville,11/20/2021 2:37:00 PM,2,0,0,36.150480,-86.770350,4TH AVS,,,,0.00,,,I40 E EXT RAMP,,,,0.00,Y,Four-Way,N,Entrance/Exit Ramp Related,None,,,         ,Travis,Pemberton,Clear,Angle,no,no,no,no,no,False
103146599,METROPOLITAN NASHVILLE POLICE DEPT,20210597211,Davidson,Nashville,11/20/2021 2:29:00 PM,2,1,0,36.140570,-86.722800,I 40,,,,0.00,,,,,,,213.50,N,Not at Intersection,N,Non-Junction,None,,,         ,Rami,Rouhi,Clear,Front to Rear,no,no,no,no,no,False
103146616,METROPOLITAN NASHVILLE POLICE DEPT,20210597268,Davidson,Nashville,11/20/2021 2:50:00 PM,2,1,0,36.157650,-86.773410,KOREAN VETERANS BLVD,,,,0.00,,,3RD AVS,,,,0.00,Y,Four-Way,N,Intersection,None,,,         ,Nicholas,Kiraly,Clear,Angle,no,no,no,no,no,False
103146618,METROPOLITAN NASHVILLE POLICE DEPT,20210597257,Davidson,Nashville,11/20/2021 3:10:00 PM,2,1,0,36.142510,-86.709390,I 40,,,,0.00,,,,,,,214.25,N,Not at Intersection,N,Non-Junction,None,,,         ,Donovan,Coble,Clear,Front to Rear,no,no,no,no,no,False
103146619,METROPOLITAN NASHVILLE POLICE DEPT,20210597262,Davidson,Nashville,11/20/2021 12:00:00 AM,2,1,0,36.044590,-86.686880,BELL RD,,,,159.00,Feet,West,HARRIS HILLS LN,,,,0.00,N,Not at Intersection,N,Non-Junction,None,,,         ,Luis,Pena,Clear,Front to Rear,no,no,no,no,no,False
103146624,METROPOLITAN NASHVILLE POLICE DEPT,20210597234,Davidson,Nashville,11/20/2021 3:01:00 PM,2,0,0,36.187850,-86.746590,GALLATIN AV,,,,176.00,Feet,South,GRANADA AV,,,,0.00,N,Not at Intersection, ,Non-Junction,None,,,         ,Tyler,Lewis,Cloudy,Angle,no,no,no,no,no,False
103146633,METROPOLITAN NASHVILLE POLICE DEPT,20210597272,Davidson,Nashville,11/20/2021 3:22:00 PM,2,2,0,36.143360,-86.793130,EDGEHILL AV,,,,0.00,,,16TH AVS,,,,0.00,Y,Four-Way,Y,Intersection,None,,,         ,Dakota,Davis,Clear,Angle,no,no,no,no,no,False
103146652,GOODLETTSVILLE POLICE DEPT,21-32408,Davidson,Goodlettsville,11/19/2021 6:55:00 AM,2,3,0,36.295760,-86.716210,I 65,,,,0.00,,,,,,,94.75,N,Not at Intersection,N,Non-Junction,None,,,         ,Dequionta,Rucker,Clear,Front to Rear,no,no,no,no,no,False
103146656,METROPOLITAN NASHVILLE POLICE DEPT,20210597252,Davidson,Nashville,11/20/2021 3:06:00 PM,2,0,0,36.202000,-86.739390,GALLATIN PKE,,,,0.00,,,DOZIER PL,,,,0.00,Y,T-Intersection,N,Intersection-Related,None,,,         ,Ciara,Doherty,Clear,Angle,no,no,no,no,no,False
103146667,METROPOLITAN NASHVILLE POLICE DEPT,20210597322,Davidson,Nashville,11/20/2021 4:00:00 PM,2,0,0,36.205660,-86.765770,E TRINITY LN,,,,0.00,Feet,West,MERIDIAN ST,,,,0.00,N,Not at Intersection,N,Non-Junction,None,,,         ,Flynn,Ireland,Clear,Front to Rear,no,no,no,no,no,False
103146670,METROPOLITAN NASHVILLE POLICE DEPT,20210597266,Davidson,Nashville,11/20/2021 12:00:00 AM,3,0,0,36.200920,-86.693880,OPRY MILLS DR,,,,1196.00,Feet,East,SHELBY BOTTOMS GRNWY,,,,0.00,N,Not at Intersection, ,,None,,,         ,Darci,Stechman,,,no,no,no,yes,no,False
103146678,METROPOLITAN NASHVILLE POLICE DEPT,20210597384,Davidson,Nashville,11/20/2021 4:47:00 PM,2,0,0,36.154450,-86.842330,46TH AVN,,,,0.00,,,DELAWARE AV,,,,0.00,Y,Four-Way,N,Intersection,None,,,         ,Matthew,Mrowiec,Clear,Angle,no,no,no,no,no,False
103146684,METROPOLITAN NASHVILLE POLICE DEPT,20210597391,Davidson,Nashville,11/20/2021 4:54:00 PM,2,2,0,36.146960,-86.694370,BRILEY PKWY S EXT RAMP,,,,0.00,Feet,East,BRILEY PKWYS,,,,0.00,N,Not at Intersection,N,Non-Junction,None,,,         ,Rami,Rouhi,Clear,"Sideswipe, Same Direction",no,no,no,no,no,False
103146688,METROPOLITAN NASHVILLE POLICE DEPT,20210597401,Davidson,Nashville,11/20/2021 5:04:00 PM,2,0,0,36.042560,-86.654520,I 24,,,,0.00,,,,,,,59.70,N,Not at Intersection,N,Non-Junction,None,,,         ,Gary,Anderson,Clear,Angle,no,no,no,no,yes,False
103146689,BERRY HILL POLICE DEPT,21-3400,Davidson,Nashville,11/20/2021 4:17:00 PM,2,0,0,36.105460,-86.772790,CALDWELL LN,,,,0.00,Feet,,FRANKLIN PKE,,,,0.00,Y,T-Intersection,N,Intersection-Related,None,,,         ,Mark,Sydenstricker,Clear,Front to Rear,no,no,no,no,yes,False
103146697,METROPOLITAN NASHVILLE POLICE DEPT,20210597466,Davidson,Nashville,11/20/2021 5:30:00 PM,1,0,0,36.141230,-86.717180,I 40,,,,0.00,,,,,,,213.20,N,Not at Intersection, ,Non-Junction,None,,,         ,Rami,Rouhi,Clear,Not Collision with Motor Vehicle in Transport,no,no,no,no,no,False
103146709,METROPOLITAN NASHVILLE POLICE DEPT,20210597477,Davidson,Nashville,11/20/2021 5:38:00 PM,2,0,0,36.205120,-86.757620,E TRINITY LN,,,,0.00,,,JONES AV,,,,0.00,Y,Four-Way,N,Intersection-Related,None,,,         ,Jason,Milyaro Lucas,Clear,Front to Rear,no,no,no,no,yes,False
103146713,METROPOLITAN NASHVILLE POLICE DEPT,20210597392,Davidson,Nashville,11/20/2021 4:54:00 PM,1,1,0,36.117970,-86.774640,I440 E ENT RAMP,,,,0.00,,,I440 W ENT RAMP,,,,0.00,Y,OTHER,Y,Entrance/Exit Ramp Related,None,,,         ,Douglas,Sykes,Clear,Not Collision with Motor Vehicle in Transport,no,no,no,no,no,False
103146722,METROPOLITAN NASHVILLE POLICE DEPT,20210597462,Davidson,Nashville,11/20/2021 5:15:00 PM,2,0,0,36.139450,-86.820020,MURPHY RD,,,,27.00,Feet,West,PARK DR,,,,0.00,N,Not at Intersection,N,Non-Junction,None,,,         ,Cory,Stratton,Clear,Angle,no,no,no,no,yes,False
103146723,METROPOLITAN NASHVILLE POLICE DEPT,20210597404,Davidson,Nashville,11/20/2021 4:58:00 PM,2,0,0,36.143150,-86.704790,I 40,,,,0.00,,,,,,,214.50,N,Not at Intersection,N,Non-Junction,None,,,         ,Robert,Marquez,Clear,Front to Rear,no,no,no,no,no,False
103146732,METROPOLITAN NASHVILLE POLICE DEPT,20210597470,Davidson,Nashville,11/20/2021 6:02:00 PM,2,2,0,36.157980,-86.772640,2ND AVS,,,,0.00,,,KOREAN VETERANS BLVD,,,,0.00,Y,Four-Way,Y,Intersection,None,,,         ,Trevor,Taylor,Clear,Angle,no,no,no,no,no,False
103146737,METROPOLITAN NASHVILLE POLICE DEPT,20210597504,Davidson,Nashville,11/20/2021 6:24:00 PM,2,0,0,36.243170,-86.736480,BRIARVILLE RD,,,,231.00,Feet,North,WORTH ST,,,,0.00,N,Not at Intersection,N,Non-Junction,None,,,         ,Brandon,Lopez,Clear,Angle,no,no,no,no,no,False
103146739,METROPOLITAN NASHVILLE POLICE DEPT,20210597324,Davidson,Nashville,11/20/2021 3:14:00 PM,2,0,0,36.080800,-86.726720,NOLENSVILLE PKE,,,,451.00,Feet,North,HARDING PL,,,,0.00,N,Not at Intersection, ,Non-Junction,None,,,         ,Jacob,Robbins,Clear,Angle,no,no,no,no,no,False
103146747,METROPOLITAN NASHVILLE POLICE DEPT,20210597390,Davidson,Not in City Limit,11/20/2021 4:40:00 PM,2,0,0,36.079200,-87.018540,ALAYNA DR,,,,338.00,Feet,West,GREENSTONE LN,,,,0.00,N,Not at Intersection, ,Non-Junction,None,,,         ,Peyton,Wheatley,Clear,Angle,no,no,no,no,yes,False
103146749,METROPOLITAN NASHVILLE POLICE DEPT,20210597445,Davidson,Not in City Limit,11/20/2021 12:00:00 AM,3,1,0,36.261800,-86.712340,GALLATIN PKES,,,,153.00,Feet,South,E OLD HICKORY BLVD,,,,0.00,N,Not at Intersection,N,Non-Junction,None,,,         ,Amanda,Topping,Clear,Front to Rear,no,no,no,no,no,False
103146762,METROPOLITAN NASHVILLE POLICE DEPT,20210597492,Davidson,Nashville,11/20/2021 6:05:00 PM,3,0,0,36.055570,-86.715570,NOLENSVILLE PKE,,,,146.00,Feet,South,APRIL LN,,,,0.00,N,Not at Intersection,N,Non-Junction,None,,,         ,Gregory,Rdzok,Clear,Front to Rear,no,no,no,no,no,False
103146779,METROPOLITAN NASHVILLE POLICE DEPT,20210597566,Davidson,Nashville,11/20/2021 7:50:00 PM,1,1,0,36.072860,-86.682940,ANTIOCH PKE,,,,284.00,Feet,North,CHEROKEE PL,,,,0.00,N,Not at Intersection,N,Non-Junction,None,,,         ,Timothy,Ward,Clear,Not Collision with Motor Vehicle in Transport,yes,no,no,no,yes,False
103146787,METROPOLITAN NASHVILLE POLICE DEPT,20210597527,Davidson,Nashville,11/20/2021 12:00:00 AM,1,1,0,36.193380,-86.753290,DOUGLAS AV,,,,0.00,,,ELLINGTON PKWY S EXT RAMP,,,,0.00,Y,Four-Way,N,Non-Junction,None,,,         ,Maccio,Hightower,Clear,Not Collision with Motor Vehicle in Transport,no,no,no,no,no,False
103146802,METROPOLITAN NASHVILLE POLICE DEPT,20210597463,Davidson,Not in City Limit,11/20/2021 5:59:00 PM,2,1,0,36.307400,-86.684600,GALLATIN PKEN,,,,81.00,Feet,East,NORTHSIDE MARKETPLACE PVTDR,,,,0.00,N,Not at Intersection,N,Non-Junction,None,,,         ,Wesley,Carver,Clear,Front to Rear,no,no,no,no,yes,False
103146833,METROPOLITAN NASHVILLE POLICE DEPT,20210597583,Davidson,Nashville,11/20/2021 5:35:00 PM,2,0,0,36.070340,-86.634490,MURFREESBORO PKE,,,,747.00,Feet,South,BELL RD,,,,0.00,N,Not at Intersection,N,Non-Junction,None,,,         ,John,McDonnell,Clear,Angle,no,no,no,no,no,False
103146844,GOODLETTSVILLE POLICE DEPT,21-32576,Davidson,Goodlettsville,11/20/2021 8:34:00 PM,2,0,0,36.305660,-86.703030,RIVERGATE PKWY,,,,0.00,Feet,,RIVERGATE DR,,,,0.00,Y,Four-Way,N,Intersection,None,,,         ,Hallie,Mooney,Clear,Angle,no,no,no,no,no,False
103146872,METROPOLITAN NASHVILLE POLICE DEPT,20210597646,Davidson,Nashville,11/20/2021 12:00:00 AM,1,1,0,36.215460,-86.591230,LEBANON PKE,,,,0.00,,,,,,,0.00,,,N,Non-Junction,None,,,         ,Robert,Marquez,Clear,Not Collision with Motor Vehicle in Transport,no,no,no,yes,yes,False
103146890,METROPOLITAN NASHVILLE POLICE DEPT,20210597425,Davidson,Nashville,11/20/2021 12:00:00 AM,2,1,0,36.048460,-86.664640,I 24,,,,0.00,,,,,,,59.00,N,Not at Intersection,N,Non-Junction,None,,,         ,Taylor,Blackwelder,Clear,Front to Rear,no,no,no,no,no,False
103146904,METROPOLITAN NASHVILLE POLICE DEPT,20210597658,Davidson,Nashville,11/20/2021 9:51:00 PM,2,2,0,36.206310,-86.774080,W TRINITY LN,,,,177.00,Feet,West,I65 N EXT RAMP,,,,0.00,N,Not at Intersection,N,Non-Junction,None,,,         ,Jason,Milyaro Lucas,Clear,HeadOn,no,no,no,no,no,False
103146917,METROPOLITAN NASHVILLE POLICE DEPT,20210597703,Davidson,Nashville,11/20/2021 10:20:00 PM,2,0,0,36.226310,-86.603190,SHUTE LN,,,,0.00,Feet,West,SAUNDERSVILLE RD,,,,0.00,N,Not at Intersection,N,Non-Junction,None,,,         ,Nelson,Hemingway,Clear,HeadOn,no,no,no,no,yes,False
103146924,METROPOLITAN NASHVILLE POLICE DEPT,20210597706,Davidson,Nashville,11/20/2021 9:50:00 PM,1,0,0,36.093860,-86.625980,HARBOR LIGHTS DR,,,,178.00,Feet,East,BAYVIEW DR,,,,0.00,N,Not at Intersection,N,Non-Junction,None,,,         ,Samuel,Fredericks,,Not Collision with Motor Vehicle in Transport,no,no,no,no,yes,False
103146937,METROPOLITAN NASHVILLE POLICE DEPT,20210597622,Davidson,Nashville,11/20/2021 9:10:00 PM,2,6,0,36.059370,-86.853090,CROMWELL DR,,,,0.00,,,HILLSBORO PKE,,,,0.00,Y,Four-Way,N,Intersection,None,,,         ,Cory,Stratton,Clear,Angle,no,no,no,no,no,False
103146943,METROPOLITAN NASHVILLE POLICE DEPT,20210597786,Davidson,Nashville,11/20/2021 11:00:00 PM,2,0,0,36.084740,-86.712070,TAMPA DR,,,,177.00,Feet,West,SPARTAN DR,,,,0.00,N,Not at Intersection, ,Non-Junction,None,,,         ,Dylan,Ramos,Clear,Unknown,no,no,no,yes,yes,False
103146952,METROPOLITAN NASHVILLE POLICE DEPT,20210597712,Davidson,Nashville,11/20/2021 10:25:00 PM,2,0,0,36.147930,-86.777710,I40 W ENT RAMP,,,,0.00,Feet,East,I 40,,,,0.00,N,Not at Intersection, ,Non-Junction,None,,,         ,Henry,Perez,Clear,Front to Rear,no,no,no,no,yes,False
103146953,METROPOLITAN NASHVILLE POLICE DEPT,20210597753,Davidson,Nashville,11/20/2021 11:12:00 PM,2,1,0,36.155040,-86.797520,18TH AVN,,,,0.00,,,CHURCH ST,,,,0.00,Y,Four-Way,N,Intersection-Related,None,,,         ,Kelsey,Hicks,Clear,Angle,no,no,no,no,no,False
103146956,METROPOLITAN NASHVILLE POLICE DEPT,20210597668,Davidson,Nashville,11/20/2021 10:00:00 PM,3,4,0,36.152440,-86.786980,I 40,,,,0.00,,,,,,,209.35,N,Not at Intersection,N,Non-Junction,None,,,         ,Trevor,Taylor,Clear,Front to Rear,no,no,no,no,no,False
103146978,METROPOLITAN NASHVILLE POLICE DEPT,20210597839,Davidson,Nashville,11/20/2021 10:20:00 PM,2,1,0,36.086910,-86.648680,MURFREESBORO PKE,,,,0.00,Feet,West,NASHBORO BLVD,,,,0.00,N,Not at Intersection,N,Non-Junction,None,,,         ,Alex,DiBernardo,Clear,Front to Rear,no,no,no,no,yes,False
103146979,METROPOLITAN NASHVILLE POLICE DEPT,20210597845,Davidson,Nashville,11/21/2021 12:32:00 AM,1,0,0,36.165180,-86.755500,S 7TH ST,,,,156.00,Feet,South,DEW ST,,,,0.00,N,Not at Intersection,N,Non-Junction,None,,,         ,Shaquille,Graham,Clear,Not Collision with Motor Vehicle in Transport,no,no,no,no,yes,False