master_record_number,agency,agency_tracking_number,county,city,collision_date,vehicles_involved,number_injured,number_dead,latitude,longitude,roadway_name,roadway_suffix,roadway_number,roadway_local_id,distance_from_reference,miles-feet_indicator,direction_from_reference,intersection_road_name,intersection_road_name_suffix,intersection_road_number,intersection_local_id,mile_marker,intersection_indicator,intersect_type,interchange_related_indicator,relation_to_junction,work_zone_type,construction_maintenance_zone,construction_maintenance_zone_location,fatal_case_number,officer_first_name,officer_last_name,weather_condition(s),manner_of_crash,pedestrian,bicycle,scooter,parking,hitrun,mou
103163119,METROPOLITAN NASHVILLE POLICE DEPT,20210594856,Davidson,Nashville,11/18/2021 10:17:00 PM,1,1,0,36.250780,-86.757280,DICKERSON PKE,,,,251.00,Feet,South,MULBERRY DOWNS CIR,,,,0.00,N,Not at Intersection,N,Non-Junction,None,,,         ,Kevin,Coleman,Clear,Not Collision with Motor Vehicle in Transport,no,no,no,no,no,False
103192297,METROPOLITAN NASHVILLE POLICE DEPT,20220018901,Davidson,Nashville,11/24/2021 12:00:00 AM,1,1,0,36.110920,-86.816100,KNOLLWOOD RD,,,,546.00,Feet,North,VALLEY BROOK RD,,,,0.00,N,Not at Intersection,N,Non-Junction,None,,,         ,Sierra,Walker,Clear,Not Collision with Motor Vehicle in Transport,yes,no,no,yes,yes,False
103193027,METROPOLITAN NASHVILLE POLICE DEPT,20220020100,Davidson,Antioch,11/23/2021 10:00:00 AM,2,0,0,36.047740,-86.611930,MURFREESBORO PKE,,,,1232.00,Feet,North,MOUNTAIN SPRINGS RD,,,,0.00,N,Not at Intersection,N,Non-Junction,None,,,         ,Brandon,Simpkins,Clear,Front to Rear,no,no,no,no,no,False
103196772,TENNESSEE STATE UNIVERSITY ,21-39550,Davidson,Nashville,11/1/2021 9:00:00 AM,1,0,0,36.171070,-86.824560,SCHRADER LN,,,,536.00,Feet,West,SCHRADER ACRES DR,,,,0.00,N,Not at Intersection, ,Unknown,None,,,         ,James,Driscoll,Clear,Unknown,no,no,no,yes,no,False
103196773,TENNESSEE STATE UNIVERSITY ,21-42041,Davidson,Nashville,11/18/2021 12:00:00 AM,1,0,0,36.169740,-86.820010,W HEIMAN ST,,,,379.00,Feet,East,ED TEMPLE BLVD,,,,0.00,N,Not at Intersection, ,,None,,,         ,James,Driscoll,,,no,no,no,yes,no,False
103202152,TENNESSEE STATE UNIVERSITY ,21-40035,Davidson,Nashville,11/4/2021 10:20:00 AM,2,0,0,36.164560,-86.834000,39TH AVN,,,,356.00,Feet,North,ALAMEDA ST,,,,0.00,N,Not at Intersection, ,OtherLocation,None,,,         ,James,Driscoll,Clear,Other,no,no,no,yes,no,False
103397018,BELLE MEADE POLICE DEPT,21-0244,Davidson,Belle Meade,11/22/2021 1:44:00 AM,1,1,0,36.122460,-86.851600,HILLWOOD BLVD,,,,106.00,Feet,West,HARDING PKE,,,,0.00,N,Not at Intersection,N,Non-Junction,None,,,         ,David,Wright,Fog,Not Collision with Motor Vehicle in Transport,no,no,no,no,no,False
103401961,TENNESSEE STATE UNIVERSITY ,39734,Davidson,Nashville,11/2/2021 1:30:00 PM,2,0,0,36.165540,-86.826580,33RD AVN,,,,257.00,Feet,South,CLOVER ST,,,,0.00,N,Not at Intersection,N,OtherLocation,None,,,         ,Robert,Taylor,Clear,Other,no,no,no,yes,no,False
103151481,METROPOLITAN NASHVILLE POLICE DEPT,20210605085,Davidson,Nashville,11/26/2021 1:50:00 AM,2,0,0,36.161540,-86.775970,3RD AVS,,,,0.00,,,BROADWAY,,,,0.00,Y,Four-Way, ,Intersection,None,,,         ,Nathaniel,Jones,Clear,Angle,no,no,no,no,no,False
103151483,METROPOLITAN NASHVILLE POLICE DEPT,20210605108,Davidson,Nashville,11/26/2021 2:20:00 AM,2,0,0,36.155650,-86.789720,BROADWAY,,,,0.00,Feet,,I40 E EXT RAMP,,,,0.00,Y,Four-Way,N,Intersection,None,,,         ,Michael,Hodges,Clear,Angle,no,no,no,no,yes,False
103151487,METROPOLITAN NASHVILLE POLICE DEPT,20210605069,Davidson,Nashville,11/26/2021 12:00:00 AM,1,0,0,36.255710,-86.754860,DUE WEST AVN,,,,177.00,Feet,West,DUE WEST AV N PVTDR,,,,0.00,N,Not at Intersection,N,Non-Junction,None,,,         ,Timothy,Lehnert,Clear,Not Collision with Motor Vehicle in Transport,no,no,no,no,yes,False
103151488,METROPOLITAN NASHVILLE POLICE DEPT,20210605107,Davidson,Nashville,11/26/2021 2:25:00 AM,2,1,0,36.049980,-86.649500,BELL RD,,,,0.00,Feet,,MT VIEW RD,,,,0.00,Y,Four-Way,N,Intersection,None,,,         ,Kaleigh,Pearce,Clear,Angle,no,no,no,no,no,False
103151489,METROPOLITAN NASHVILLE POLICE DEPT,20210605073,Davidson,Nashville,11/26/2021 1:35:00 AM,2,0,0,36.198030,-86.775900,I 65,,,,0.00,,,,,,,86.70,N,Not at Intersection,N,Non-Junction,None,,,         ,Spencer,Arroyo,Clear,"Sideswipe, Same Direction",no,no,no,no,yes,False
103151500,METROPOLITAN NASHVILLE POLICE DEPT,20210605094,Davidson,Nashville,11/26/2021 12:00:00 AM,1,1,0,36.154020,-86.630390,I40 E EXT RAMP,,,,0.00,,,,,,,0.00,,,Y,Entrance/Exit Ramp Related,None,,,         ,Bridget,Griepentrog,,Not Collision with Motor Vehicle in Transport,no,no,no,no,yes,False
103151515,METROPOLITAN NASHVILLE POLICE DEPT,20210605180,Davidson,Nashville,11/26/2021 12:00:00 AM,2,0,0,36.184280,-86.754110,W EASTLAND AV,,,,121.00,Feet,East,MCFERRIN AV,,,,0.00,N,Not at Intersection,N,Non-Junction,None,,,         ,Spencer,Arroyo,Clear,Front to Rear,no,no,no,no,yes,False
103151612,METROPOLITAN NASHVILLE POLICE DEPT,20210605333,Davidson,Nashville,11/26/2021 8:00:00 AM,2,0,0,36.041110,-86.778900,OLD HICKORY BLVD,,,,159.00,Feet,East,FRANKLIN PIKE CIR,,,,0.00,N,Not at Intersection, ,Non-Junction,None,,,         ,Mason,Tyler,Clear,"Sideswipe, Same Direction",no,no,no,no,no,False
103151623,METROPOLITAN NASHVILLE POLICE DEPT,20210605338,Davidson,Nashville,11/26/2021 8:00:00 AM,2,1,0,36.239260,-86.776450,BRILEY PKWYE,,,,282.00,Feet,West,SPEARS RD,,,,0.00,N,Not at Intersection,N,Non-Junction,None,,,         ,Brandon,Evans,Clear,Not Collision with Motor Vehicle in Transport,no,no,no,no,no,False
103151629,METROPOLITAN NASHVILLE POLICE DEPT,20210605255,Davidson,Nashville,11/26/2021 6:42:00 AM,3,1,0,36.054280,-86.673600,I 24,,,,0.00,,,,,,,58.40,N,Not at Intersection,N,Non-Junction,None,,,         ,Marcus,Darden,Clear,Angle,no,no,no,no,yes,False
103151640,METROPOLITAN NASHVILLE POLICE DEPT,20210605336,Davidson,Nashville,11/26/2021 8:02:00 AM,2,0,0,36.041140,-86.776210,OLD HICKORY BLVD,,,,0.00,,,BRENTWOOD COMMONS WAY,,,,0.00,Y,Four-Way,Y,Intersection,None,,,         ,Gary,Sneed,Clear,Angle,no,no,no,no,no,False
103151643,METROPOLITAN NASHVILLE POLICE DEPT,20210605420,Davidson,Nashville,11/26/2021 7:15:00 AM,2,0,0,36.157230,-86.634620,STEWARTS FERRY PKE,,,,386.00,Feet,East,MCCRORY CREEK RD,,,,0.00,N,Not at Intersection,N,Non-Junction,None,,,         ,Patrick,Deau,Clear,Angle,no,no,no,no,no,False
103151658,METROPOLITAN NASHVILLE POLICE DEPT,20210605326,Davidson,Nashville,11/26/2021 7:54:00 AM,2,0,0,36.052050,-86.670350,I 24,,,,0.00,,,,,,,58.60,N,Not at Intersection,N,Non-Junction,None,,,         ,Marcus,Darden,Clear,Angle,no,no,no,no,no,False
103151659,METROPOLITAN NASHVILLE POLICE DEPT,20210605398,Davidson,Madison,11/26/2021 8:39:00 AM,1,0,0,36.247070,-86.678970,CANDLEWOOD DR,,,,0.00,,,CANDLEBROOK CT,,,,0.00,Y,OTHER, ,,None,,,         ,Eric,Richardson,,,no,no,no,no,no,False
103151660,METROPOLITAN NASHVILLE POLICE DEPT,20210605458,Davidson,Nashville,11/26/2021 9:43:00 AM,2,1,0,36.135700,-86.698420,BRILEY PKWYN,,,,144.00,Feet,South,BRILEY PKWYS,,,,0.00,N,Not at Intersection,N,Non-Junction,None,,,         ,Ryan,Sherry,Clear,Front to Rear,no,no,no,no,no,False
103151722,METROPOLITAN NASHVILLE POLICE DEPT,20210605387,Davidson,Nashville,11/26/2021 8:38:00 AM,2,2,0,36.034300,-86.642530,I 24,,,,0.00,,,,,,,60.60,N,Not at Intersection,N,Non-Junction,None,,,         ,Sandra,Fly,Clear,Front to Rear,no,no,no,no,no,False
103151724,METROPOLITAN NASHVILLE POLICE DEPT,20210605309,Davidson,Nashville,11/26/2021 7:38:00 AM,2,2,0,36.052010,-86.670280,I 24,,,,0.00,,,,,,,58.65,N,Not at Intersection,N,Non-Junction,None,,,         ,Ryan,Howard,Clear,Front to Rear,no,no,no,no,no,False
103151725,METROPOLITAN NASHVILLE POLICE DEPT,20210605518,Davidson,Nashville,11/26/2021 10:25:00 AM,2,0,0,36.176370,-86.767280,SPRING ST,,,,46.00,Feet,East,SPRING ST ENT RAMP,,,,0.00,N,Not at Intersection,Y,Entrance/Exit Ramp Related,None,,,         ,Jaren,Breece,Clear,Front to Rear,no,no,no,no,no,False
103151760,METROPOLITAN NASHVILLE POLICE DEPT,20210605636,Davidson,Nashville,11/26/2021 12:16:00 PM,2,1,0,36.229010,-86.759340,DICKERSON PKE,,,,135.00,Feet,South,BROADMOOR DR,,,,0.00,N,Not at Intersection,N,Non-Junction,None,,,         ,Brandon,Evans,Clear,Front to Rear,no,no,no,no,no,False
103151800,METROPOLITAN NASHVILLE POLICE DEPT,20210605613,Davidson,Nashville,11/26/2021 10:39:00 AM,2,0,0,36.044830,-86.670190,BELL RD,,,,71.00,Feet,East,HICKORY PARK DR,,,,0.00,N,Not at Intersection,N,Non-Junction,None,,,         ,Nicholas,Carter,Clear,"Sideswipe, Same Direction",no,no,no,no,yes,False
103151802,METROPOLITAN NASHVILLE POLICE DEPT,20210605665,Davidson,Nashville,11/26/2021 12:37:00 PM,1,1,0,36.079400,-86.819970,TYNE BLVD,,,,437.00,Feet,East,MOUNTAINVIEW DR,,,,0.00,N,Not at Intersection,N,Non-Junction,None,,,         ,Gary,Sneed,Clear,Not Collision with Motor Vehicle in Transport,no,no,no,no,no,False
103151828,METROPOLITAN NASHVILLE POLICE DEPT,20210605359,Davidson,Nashville,11/26/2021 8:25:00 AM,4,1,0,36.039990,-86.649500,I 24,,,,0.00,,,,,,,60.00,N,Not at Intersection,N,Non-Junction,None,,,         ,Darrin,Hardin,Clear,Front to Rear,no,no,no,no,no,False
103151829,METROPOLITAN NASHVILLE POLICE DEPT,20210605455,Davidson,Not in City Limit,11/26/2021 9:40:00 AM,2,1,0,36.022550,-86.629420,I 24,,,,0.00,,,,,,,61.80,N,Not at Intersection,N,Non-Junction,None,,,         ,Darrin,Hardin,Clear,Front to Rear,no,no,no,no,no,False
103151872,METROPOLITAN NASHVILLE POLICE DEPT,20210605670,Davidson,Nashville,11/26/2021 12:38:00 PM,2,0,0,36.132540,-86.726870,I24E,,,,820.00,Feet,North,I24 W EXT RAMP,,,,0.00,N,Not at Intersection,N,Non-Junction,None,,,         ,Darrin,Hardin,Clear,Front to Rear,no,no,no,no,no,False
103151894,METROPOLITAN NASHVILLE POLICE DEPT,20210605735,Davidson,Nashville,11/26/2021 1:30:00 PM,1,0,0,36.251010,-86.714470,E WEBSTER ST,,,,291.00,Feet,East,LIBERTY CIR,,,,0.00,N,Not at Intersection,N,Non-Junction,None,,,         ,Brian,Otto,Clear,Not Collision with Motor Vehicle in Transport,no,no,no,no,yes,False
103151939,METROPOLITAN NASHVILLE POLICE DEPT,20210605700,Davidson,Nashville,11/26/2021 12:34:00 PM,2,0,0,36.132560,-86.727160,I 24,,,,0.00,,,,,,,51.10,N,Not at Intersection, ,Non-Junction,None,,,         ,Marcus,Darden,Clear,Front to Rear,no,no,no,no,no,False
103151967,METROPOLITAN NASHVILLE POLICE DEPT,20210605728,Davidson,Nashville,11/26/2021 1:25:00 PM,2,4,0,36.207520,-86.784800,W TRINITY LN,,,,230.00,Feet,East,LIBERIA ST,,,,0.00,N,Not at Intersection,N,Non-Junction,None,,,         ,David,Kmosko,Clear,Angle,no,no,no,no,no,False
103151986,METROPOLITAN NASHVILLE POLICE DEPT,20210605726,Davidson,Nashville,11/26/2021 1:20:00 PM,2,2,0,36.149560,-86.857920,WHITE BRIDGE PKE,,,,215.00,Feet,South,CHARLOTTE PKE,,,,0.00,N,Not at Intersection,N,Non-Junction,None,,,         ,George,Spencer,Clear,Front to Rear,no,no,no,no,no,False
103151992,METROPOLITAN NASHVILLE POLICE DEPT,20210605595,Davidson,Nashville,11/26/2021 11:34:00 AM,1,0,0,36.152710,-86.798050,19TH AVN,,,,0.00,,,,,,,0.00,,, ,OtherLocation,None,,,         ,Brian,Murphy,Clear,Not Collision with Motor Vehicle in Transport,no,no,no,yes,no,False
103152075,METROPOLITAN NASHVILLE POLICE DEPT,20210605762,Davidson,Nashville,11/26/2021 1:45:00 PM,2,2,0,36.241020,-86.757320,DICKERSON PKE,,,,91.00,Feet,South,BRILEY PKWYE,,,,0.00,N,Not at Intersection,N,Unknown,None,,,         ,Aaron,Jumonville,Clear,Front to Rear,no,no,no,no,no,False
103152138,METROPOLITAN NASHVILLE POLICE DEPT,20210605832,Davidson,Nashville,11/26/2021 10:52:00 AM,2,0,0,36.025730,-86.699810,SUNNYWOOD DR,,,,65.00,Feet,South,AMBER CREST CT,,,,0.00,N,Not at Intersection, ,Non-Junction,None,,,         ,Nadine,Klemenz,Clear,Angle,no,no,no,no,no,False
103152149,METROPOLITAN NASHVILLE POLICE DEPT,20210605816,Davidson,Nashville,11/26/2021 2:45:00 PM,2,0,0,36.176910,-86.774590,SPRING ST,,,,2.00,Feet,West,N 1ST ST,,,,0.00,N,Not at Intersection, ,,None,,,         ,Kency,Le,,,no,no,no,no,no,False
103152166,METROPOLITAN NASHVILLE POLICE DEPT,20210605831,Davidson,Nashville,11/26/2021 3:03:00 PM,3,1,0,36.204870,-86.737730,GALLATIN PKE,,,,64.00,Feet,South,MCGAVOCK PKE,,,,0.00,N,Not at Intersection,N,Non-Junction,None,,,         ,Kevin,Clausius,Clear,Front to Rear,no,no,no,no,no,False
103152184,METROPOLITAN NASHVILLE POLICE DEPT,20210605916,Davidson,Nashville,11/26/2021 12:00:00 AM,2,1,0,36.170820,-86.601550,OLD HICKORY BLVD,,,,0.00,Feet,,I40 W EXT RAMP,,,,0.00,Y,Four-Way,N,Intersection,None,,,         ,Keenan,McCann,Clear,Front to Rear,no,no,no,no,no,False
103152194,METROPOLITAN NASHVILLE POLICE DEPT,20210605865,Davidson,Nashville,11/26/2021 3:20:00 PM,3,4,0,36.206570,-86.690250,BRILEY PKWYS,,,,676.00,Feet,North,BRILEY PKWYN,,,,0.00,N,Not at Intersection,N,Non-Junction,None,,,         ,Reagan,Heath,Clear,Front to Rear,no,no,no,no,no,False
103152226,METROPOLITAN NASHVILLE POLICE DEPT,20210605918,Davidson,Nashville,11/26/2021 4:03:00 PM,2,1,0,36.046020,-86.657930,COLLINS PARK DR,,,,0.00,,,BELL RD,,,,0.00,Y,Four-Way,N,Intersection,None,,,         ,Gary,Anderson,Clear,Front to Rear,no,no,no,no,no,False
103152227,METROPOLITAN NASHVILLE POLICE DEPT,20210605742,Davidson,Nashville,11/26/2021 1:33:00 PM,2,4,0,36.217810,-86.692900,BRILEY PKWYS,,,,151.00,Feet,North,BRILEY PKWY S EXT RAMP,,,,0.00,N,Not at Intersection,N,Non-Junction,None,,,         ,Patrick,Deau,Clear,Front to Rear,no,no,no,no,no,False
103152233,METROPOLITAN NASHVILLE POLICE DEPT,20210605877,Davidson,Not in City Limit,11/26/2021 12:00:00 AM,2,0,0,35.999450,-86.693430,NOLENSVILLE PKE,,,,0.00,,,CONCORD HILLS DR,,,,0.00,Y,T-Intersection, ,,None,,,         ,Darci,Stechman,,,no,no,no,no,no,False
103152248,METROPOLITAN NASHVILLE POLICE DEPT,20210605942,Davidson,Nashville,11/26/2021 3:33:00 PM,2,0,0,36.041730,-86.652540,I 24,,,,0.00,,,,,,,59.85,N,Not at Intersection, ,Non-Junction,None,,,         ,Laura,Williams,Clear,Front to Rear,no,no,no,no,no,False
103152253,METROPOLITAN NASHVILLE POLICE DEPT,20210605888,Davidson,Nashville,11/26/2021 3:35:00 PM,2,0,0,36.149120,-86.746580,I 40,,,,0.00,,,,,,,211.80,N,Not at Intersection,N,Non-Junction,None,,,         ,Brandon,Chapman,Clear,Front to Rear,no,no,no,no,no,False
103152264,METROPOLITAN NASHVILLE POLICE DEPT,20210605784,Davidson,Nashville,11/26/2021 2:20:00 PM,1,1,0,36.105240,-86.742310,RADNOR ST,,,,0.00,Feet,East,NOLENSVILLE PKE,,,,0.00,N,Not at Intersection,N,Non-Junction,None,,,         ,Cherell,Kinchloe,Clear,Not Collision with Motor Vehicle in Transport,no,no,no,no,no,False
103152272,METROPOLITAN NASHVILLE POLICE DEPT,20210605912,Davidson,Nashville,11/26/2021 3:55:00 PM,2,1,0,36.151200,-86.750710,I 40,,,,0.00,,,,,,,211.55,N,Not at Intersection,N,Non-Junction,None,,,         ,Jeffrey,Palomino-Gonzalez,Clear,Front to Rear,no,no,no,no,no,False
103152273,METROPOLITAN NASHVILLE POLICE DEPT,20210606003,Davidson,Nashville,11/26/2021 5:00:00 PM,2,2,0,36.171260,-86.688610,BRILEY PKWYN,,,,60.00,Feet,West,REVERE PL,,,,0.00,N,Not at Intersection,N,Non-Junction,None,,,         ,Reagan,Heath,Clear,Front to Rear,no,no,no,no,no,False
103152277,METROPOLITAN NASHVILLE POLICE DEPT,20210605880,Davidson,Nashville,11/26/2021 3:26:00 PM,2,0,0,36.044790,-86.724870,ENCLAVE CIR,,,,0.00,,,OLD HICKORY BLVD,,,,0.00,Y,Four-Way,Y,Intersection-Related,None,,,         ,Nicholas,Carroll,Clear,Other,no,no,no,no,yes,False
103152278,METROPOLITAN NASHVILLE POLICE DEPT,20210605796,Davidson,Nashville,11/26/2021 2:11:00 PM,3,0,0,36.135800,-86.725040,MURFREESBORO PKE,,,,0.00,,,SPENCE LN,,,,0.00,Y,Four-Way,N,Intersection,None,,,         ,Rami,Rouhi,Clear,Angle,no,no,no,no,yes,False
103152281,METROPOLITAN NASHVILLE POLICE DEPT,20210605833,Davidson,Nashville,11/26/2021 12:00:00 AM,2,0,0,36.215830,-86.692950,BRILEY PKWY S ENT RAMP,,,,0.00,Feet,East,MCGAVOCK PKE EB EXT RAMP,,,,0.00,N,Not at Intersection,N,Non-Junction,None,,,         ,Michael,Fox,Clear,"Sideswipe, Same Direction",no,no,no,no,no,False
103152282,METROPOLITAN NASHVILLE POLICE DEPT,20210605897,Davidson,Nashville,11/26/2021 3:47:00 PM,1,0,0,36.163170,-86.780190,CHURCH ST,,,,0.00,Feet,East,5TH AVN,,,,0.00,N,Not at Intersection,N,Non-Junction,None,,,         ,Daniel,Tomlinson,Clear,Not Collision with Motor Vehicle in Transport,no,no,no,no,no,False
103152290,METROPOLITAN NASHVILLE POLICE DEPT,20210605975,Davidson,Nashville,11/26/2021 11:00:00 AM,2,0,0,36.198190,-86.605160,ANDREW DONELSON DR,,,,248.00,Feet,North,PAKENHAMS RETREAT,,,,0.00,N,Not at Intersection, ,Non-Junction,None,,,         ,Robert,Marquez,Clear,Angle,no,no,no,no,yes,False
103152298,METROPOLITAN NASHVILLE POLICE DEPT,20210605919,Davidson,Goodlettsville,11/26/2021 12:00:00 AM,2,0,0,36.306320,-86.694060,CONFERENCE DR,,,,163.00,Feet,North,RIVERGATE MALL PVTDR,,,,0.00,N,Not at Intersection, ,Non-Junction,None,,,         ,Vincent,McCrary,Clear,"Sideswipe, Same Direction",no,no,no,no,no,False
103152305,METROPOLITAN NASHVILLE POLICE DEPT,20210605978,Davidson,Not in City Limit,11/26/2021 4:49:00 PM,2,0,0,36.261200,-86.712540,GALLATIN PKES,,,,14.00,Feet,South,MAPLE ST,,,,0.00,N,Not at Intersection, ,Non-Junction,None,,,         ,David,Harms,Clear,Rear to Rear,no,no,no,no,no,False
103152307,METROPOLITAN NASHVILLE POLICE DEPT,20210606011,Davidson,Nashville,11/26/2021 5:10:00 PM,2,1,0,36.221150,-86.804910,WHITES CREEK PKE,,,,3.00,Feet,North,REVELS DR,,,,0.00,N,Not at Intersection,N,Non-Junction,None,,,         ,Jackson,Sanders,Clear,Front to Rear,no,no,no,no,no,False
103152308,METROPOLITAN NASHVILLE POLICE DEPT,20210605791,Davidson,Nashville,11/26/2021 2:35:00 PM,2,4,0,36.229710,-86.732500,BROADMOOR DR,,,,0.00,,,SAUNDERS AV,,,,0.00,Y,Four-Way,Y,Intersection,None,,,         ,Trevor,Jones,Clear,Angle,no,no,no,no,no,False
103152309,METROPOLITAN NASHVILLE POLICE DEPT,20210605872,Davidson,Nashville,11/26/2021 3:30:00 PM,2,1,0,36.193670,-86.807030,ROSA L PARKS BLVD,,,,0.00,,,GREAT CIRCLE RD,,,,0.00,Y,Four-Way,N,Intersection,None,,,         ,Jonathan,Sharp,Clear,Angle,no,no,no,no,no,False
103152311,METROPOLITAN NASHVILLE POLICE DEPT,20210605957,Davidson,Nashville,11/26/2021 12:00:00 AM,2,0,0,36.221910,-86.693840,BRILEY PKWYS,,,,291.00,Feet,South,MUSIC VALLEY DR,,,,0.00,N,Not at Intersection,N,Non-Junction,None,,,         ,Douglas,Mann,Clear,"Sideswipe, Same Direction",no,no,no,no,yes,False
103152331,METROPOLITAN NASHVILLE POLICE DEPT,20210606101,Davidson,Nashville,11/26/2021 6:25:00 PM,2,1,0,36.209770,-86.690820,BRILEY PKWYN,,,,617.00,Feet,North,BRILEY PKWYS,,,,0.00,N,Not at Intersection,N,Non-Junction,None,,,         ,Reagan,Heath,Clear,Front to Rear,no,no,no,no,no,False
103152337,METROPOLITAN NASHVILLE POLICE DEPT,20210605848,Davidson,Nashville,11/26/2021 3:17:00 PM,2,0,0,36.135810,-86.725050,MURFREESBORO PKE,,,,3.00,Feet,West,SPENCE LN,,,,0.00,N,Not at Intersection, ,Non-Junction,None,,,         ,Joshua,Zambrano-Vera,Clear,"Sideswipe, Same Direction",no,no,no,no,no,False
103152338,METROPOLITAN NASHVILLE POLICE DEPT,20210605973,Davidson,Nashville,11/26/2021 4:47:00 PM,2,5,0,36.079370,-86.632570,BELL RD,,,,0.00,,,EDGE O LAKE DR,,,,0.00,Y,Four-Way,N,Intersection,None,,,         ,Joshua,Zambrano-Vera,Clear,Angle,no,no,no,no,no,False
103152362,METROPOLITAN NASHVILLE POLICE DEPT,20210606008,Davidson,Nashville,11/26/2021 5:18:00 PM,3,8,0,36.227240,-86.696820,BRILEY PKWYS,,,,1231.00,Feet,North,MUSIC VALLEY DR,,,,0.00,N,Not at Intersection,N,Non-Junction,None,,,         ,Douglas,Mann,Clear,Front to Rear,no,no,no,no,no,False
103152374,METROPOLITAN NASHVILLE POLICE DEPT,20210606054,Davidson,Nashville,11/26/2021 5:01:00 PM,2,0,0,36.131750,-86.726900,I24E,,,,535.00,Feet,North,I24 W ENT RAMP,,,,0.00,N,Not at Intersection, ,Non-Junction,None,,,         ,Beri,Scott,Clear,Front to Rear,no,no,no,no,no,False
103152376,METROPOLITAN NASHVILLE POLICE DEPT,20210606004,Davidson,Not in City Limit,11/26/2021 5:07:00 PM,2,4,0,36.078020,-86.949070,HIGHWAY 70S,,,,0.00,,,BELLEVUE CTR PVTDR,,,,0.00,Y,Four-Way,N,Intersection,None,,,         ,Andrew,McCarron,Clear,HeadOn,no,no,no,no,no,False
103152377,METROPOLITAN NASHVILLE POLICE DEPT,20210605905,Davidson,Nashville,11/26/2021 12:00:00 AM,2,0,0,36.149650,-86.783220,I 40,,,,0.00,,,,,,,209.60,N,Not at Intersection,N,Non-Junction,None,,,         ,Wesley,Carver,Clear,"Sideswipe, Same Direction",no,no,no,no,yes,False
103152378,METROPOLITAN NASHVILLE POLICE DEPT,20210606130,Davidson,Nashville,11/26/2021 6:32:00 PM,2,0,0,36.246910,-86.721030,GALLATIN PKES,,,,94.00,Feet,North,BERKLEY DR,,,,0.00,N,Not at Intersection,N,Non-Junction,None,,,         ,David,Harms,Clear,Front to Rear,no,no,no,no,no,False
103152394,METROPOLITAN NASHVILLE POLICE DEPT,20210606020,Davidson,Nashville,11/26/2021 5:29:00 PM,3,2,0,36.236820,-86.724430,GALLATIN PKES,,,,65.00,Feet,North,GALLATIN PKE NB EXT RAMP,,,,0.00,N,Not at Intersection,Y,Entrance/Exit Ramp Related,None,,,         ,Derek,Sibley,Clear,Angle,no,no,no,no,no,False
103152412,METROPOLITAN NASHVILLE POLICE DEPT,20210606196,Davidson,Nashville,11/26/2021 3:39:00 PM,2,0,0,36.049980,-86.649500,BELL RD,,,,0.00,,,MT VIEW RD,,,,0.00,Y,Four-Way, ,Intersection,None,,,         ,Gary,Anderson,Clear,Angle,no,no,no,no,no,False
103152419,METROPOLITAN NASHVILLE POLICE DEPT,20210606141,Davidson,Nashville,11/26/2021 7:01:00 PM,2,1,0,36.201150,-86.689000,BRILEY PKWYS,,,,294.00,Feet,North,BRILEY PKWYN,,,,0.00,N,Not at Intersection,N,Non-Junction,None,,,         ,Robert,Marquez,Clear,Front to Rear,no,no,no,no,no,False
103152511,METROPOLITAN NASHVILLE POLICE DEPT,20210606249,Davidson,Nashville,11/26/2021 8:48:00 PM,2,0,0,36.069790,-86.695880,HAYWOOD LN,,,,0.00,,,KEELEY DR,,,,0.00,Y,T-Intersection,N,Intersection,None,,,         ,Gary,Anderson,Clear,Angle,no,no,no,no,yes,False
103152535,METROPOLITAN NASHVILLE POLICE DEPT,20210606274,Davidson,Nashville,11/26/2021 9:04:00 PM,1,4,0,36.141760,-86.713110,I 40,,,,0.00,,,,,,,214.00,N,Not at Intersection,N,Non-Junction,None,,,         ,Rami,Rouhi,Clear,Not Collision with Motor Vehicle in Transport,no,no,no,no,no,False
103152536,Nashville Airport Police,2021-04618,Davidson,Nashville,11/26/2021 2:29:00 PM,3,0,0,36.109690,-86.671460,DONELSON PKE,,,,0.00,,,KNAPP BLVD,,,,0.00,Y,Four-Way,N,Intersection-Related,None,,,         ,Garrett,Redifer,Clear,Rear to Rear,no,no,no,no,no,False
103152539,METROPOLITAN NASHVILLE POLICE DEPT,20210606207,Davidson,Nashville,11/26/2021 7:50:00 PM,2,0,0,36.162180,-86.777950,4TH AVN,,,,80.00,Feet,South,COMMERCE ST,,,,0.00,N,Not at Intersection, ,Non-Junction,None,,,         ,Courtney,Kirtley,Clear,"Sideswipe, Same Direction",no,no,no,no,no,False
103152553,METROPOLITAN NASHVILLE POLICE DEPT,20210606136,Davidson,Nashville,11/26/2021 6:45:00 PM,2,0,0,36.176100,-86.793340,ROSA L PARKS BLVD,,,,316.00,Feet,East,TAYLOR ST,,,,0.00,N,Not at Intersection,N,Non-Junction,None,,,         ,Lucas,Thomas,Clear,Angle,no,no,no,no,yes,False
103152554,METROPOLITAN NASHVILLE POLICE DEPT,20210606292,Davidson,Nashville,11/26/2021 8:01:00 PM,2,0,0,36.198770,-86.776060,I 65,,,,0.00,,,,,,,86.75,N,Not at Intersection,N,Non-Junction,None,,,         ,Jason,Milyaro Lucas,Clear,"Sideswipe, Same Direction",no,no,no,no,yes,False