master_record_number,agency,agency_tracking_number,county,city,collision_date,vehicles_involved,number_injured,number_dead,latitude,longitude,roadway_name,roadway_suffix,roadway_number,roadway_local_id,distance_from_reference,miles-feet_indicator,direction_from_reference,intersection_road_name,intersection_road_name_suffix,intersection_road_number,intersection_local_id,mile_marker,intersection_indicator,intersect_type,interchange_related_indicator,relation_to_junction,work_zone_type,construction_maintenance_zone,construction_maintenance_zone_location,fatal_case_number,officer_first_name,officer_last_name,weather_condition(s),manner_of_crash,pedestrian,bicycle,scooter,parking,hitrun,mou
103152568,METROPOLITAN NASHVILLE POLICE DEPT,20210606303,Davidson,Nashville,11/26/2021 12:00:00 AM,2,0,0,36.159930,-86.776490,4TH AVS,,,,174.00,Feet,South,SYMPHONY PL,,,,0.00,N,Not at Intersection,N,Non-Junction,None,,,         ,Trevor,Taylor,Clear,Unknown,no,no,no,yes,yes,False
103152577,METROPOLITAN NASHVILLE POLICE DEPT,20210606275,Davidson,Nashville,11/26/2021 8:50:00 PM,3,0,0,36.151870,-86.803480,ELLISTON PL,,,,96.00,Feet,East,22ND AVN,,,,0.00,N,Not at Intersection,N,Non-Junction,None,,,         ,Cory,Stratton,Clear,Front to Rear,no,no,no,no,no,Campus
103152578,METROPOLITAN NASHVILLE POLICE DEPT,20210606309,Davidson,Nashville,11/26/2021 9:35:00 PM,1,1,0,36.191880,-86.783060,I 65,,,,0.00,,,,,,,86.15,N,Not at Intersection,N,Non-Junction,None,,,         ,Craig,Paschetti,Clear,Not Collision with Motor Vehicle in Transport,no,no,no,no,no,False
103152581,METROPOLITAN NASHVILLE POLICE DEPT,20210606277,Davidson,Goodlettsville,11/26/2021 12:00:00 AM,2,2,0,36.295460,-86.700460,GALLATIN PKEN,,,,95.00,Feet,South,RIVERGATE STATION PVTDR,,,,0.00,N,Not at Intersection,N,Non-Junction,None,,,         ,Vincent,McCrary,Clear,"Sideswipe, Same Direction",no,no,no,no,no,False
103152585,METROPOLITAN NASHVILLE POLICE DEPT,20210606329,Davidson,Nashville,11/26/2021 9:50:00 PM,2,0,0,36.194680,-86.776170,I 24,,,,0.00,,,,,,,46.40,N,Not at Intersection,N,Non-Junction,None,,,         ,Jackson,Sanders,Clear,Front to Rear,no,no,no,no,no,False
103152626,METROPOLITAN NASHVILLE POLICE DEPT,20210606099,Davidson,Nashville,11/26/2021 4:40:00 PM,2,0,0,36.140210,-86.879140,CHARLOTTE PKE,,,,35.00,Feet,East,RUSSLEO DR,,,,0.00,N,Not at Intersection, ,Non-Junction,None,,,         ,Peyton,Wheatley,Clear,Angle,no,no,no,no,no,False
103152633,METROPOLITAN NASHVILLE POLICE DEPT,20210606331,Davidson,Nashville,11/26/2021 10:09:00 PM,1,0,0,36.044680,-86.659520,I24 E ENT RAMP,,,,0.00,,,,,,,0.00,,Not at Intersection,Y,Entrance/Exit Ramp Related,None,,,         ,John,Braun,Clear,Not Collision with Motor Vehicle in Transport,no,no,no,no,no,False
103152671,METROPOLITAN NASHVILLE POLICE DEPT,20210606367,Davidson,Nashville,11/26/2021 8:32:00 PM,2,0,0,36.039140,-86.648700,I 24,,,,0.00,,,,,,,60.10,N,Not at Intersection,N,Non-Junction,None,,,         ,D’Mitri,Mackall,Clear,Angle,no,no,no,no,yes,False
103152689,METROPOLITAN NASHVILLE POLICE DEPT,20210606348,Davidson,Nashville,11/26/2021 9:40:00 PM,2,1,0,36.141840,-86.666580,DONELSON PKE,,,,132.00,Feet,South,I40 W EXT RAMP,,,,0.00,N,Not at Intersection,N,Non-Junction,None,,,         ,Daniel,Fuentes,Clear,"Sideswipe, Same Direction",no,no,no,no,yes,False
103152696,METROPOLITAN NASHVILLE POLICE DEPT,20210606413,Davidson,Nashville,11/26/2021 11:15:00 PM,2,0,0,36.174210,-86.761750,MAIN ST,,,,268.00,Feet,West,N 7TH ST,,,,0.00,N,Not at Intersection,N,Non-Junction,None,,,         ,Devyn,Hollinsworth,Clear,Front to Rear,no,no,no,no,no,False
103152702,METROPOLITAN NASHVILLE POLICE DEPT,20210606341,Davidson,Nashville,11/26/2021 12:00:00 AM,2,0,0,36.152240,-86.840910,CHARLOTTE AV,,,,0.00,,,45TH AVN,,,,0.00,Y,T-Intersection,N,Non-Junction,None,,,         ,Kristopher,Sharpe,Clear,Angle,no,no,no,no,no,False
103152710,METROPOLITAN NASHVILLE POLICE DEPT,20210606383,Davidson,Nashville,11/26/2021 11:04:00 PM,2,2,0,36.150480,-86.770350,4TH AVS,,,,0.00,,,I40 E EXT RAMP,,,,0.00,Y,OTHER,N,OtherLocation,None,,,         ,Kelsey,Hicks,Clear,Angle,no,no,no,no,no,False
103152735,METROPOLITAN NASHVILLE POLICE DEPT,20210606433,Davidson,Nashville,11/26/2021 6:32:00 PM,2,0,0,36.046720,-86.654270,HICKORY HOLLOW LN,,,,164.00,Feet,East,HICKORY HOLLOW PKWY,,,,0.00,N,Not at Intersection,N,OtherLocation,None,,,         ,William,Williams,Clear,Angle,no,no,no,yes,yes,False
103152742,METROPOLITAN NASHVILLE POLICE DEPT,20210606427,Davidson,Nashville,11/26/2021 11:43:00 PM,1,0,0,36.081900,-86.919390,OLD HICKORY BLVD,,,,109.00,Feet,North,BELLE FOREST CONDOS PVTDR,,,,0.00,N,Not at Intersection, ,,None,,,         ,David,Moser,,,no,no,no,no,no,False
103152747,METROPOLITAN NASHVILLE POLICE DEPT,20210606342,Davidson,Nashville,11/26/2021 10:27:00 PM,1,0,0,36.148740,-86.766670,2ND AVS,,,,94.00,Feet,North,CAMERON ST,,,,0.00,N,Not at Intersection,N,Non-Junction,None,,,         ,Dillon,Gann,Clear,Not Collision with Motor Vehicle in Transport,no,no,no,no,yes,False
103152752,METROPOLITAN NASHVILLE POLICE DEPT,20210606482,Davidson,Nashville,11/27/2021 12:22:00 AM,2,2,0,36.206620,-86.777900,W TRINITY LN,,,,0.00,Feet,,BRICK CHURCH PKE,,,,0.00,Y,Four-Way,N,Intersection,None,,,         ,Timothy,Lehnert,Clear,HeadOn,no,no,no,no,no,False
103152760,METROPOLITAN NASHVILLE POLICE DEPT,20210606366,Davidson,Nashville,11/26/2021 10:57:00 PM,2,2,0,36.237540,-86.780980,BRICK CHURCH PKE,,,,0.00,Feet,,BRILEY PKWY E EXT RAMP,,,,0.00,Y,OTHER,N,Intersection,None,,,         ,Ashton,Hill,Clear,Angle,no,no,no,no,no,False
103152763,METROPOLITAN NASHVILLE POLICE DEPT,20210606560,Davidson,Nashville,11/27/2021 1:50:00 AM,2,0,0,36.163480,-86.824800,ALBION ST,,,,0.00,Feet,,32ND AVN,,,,0.00,Y,Four-Way,Y,Intersection,None,,,         ,Jeremy,Arnold,Clear,Angle,no,no,no,no,yes,False
103152764,METROPOLITAN NASHVILLE POLICE DEPT,20210606578,Davidson,Nashville,11/27/2021 2:09:00 AM,2,1,0,36.151790,-86.752690,I 40,,,,0.00,,,,,,,211.40,N,Not at Intersection,N,Non-Junction,None,,,         ,Dallas,Johnson,Clear,Angle,no,no,no,no,no,False
103152774,METROPOLITAN NASHVILLE POLICE DEPT,20210606620,Davidson,Nashville,11/27/2021 1:45:00 AM,1,1,0,36.188430,-86.836960,HYDES FERRY RD,,,,0.00,,,S HAMILTON RD,,,,0.00,Y,T-Intersection,N,Non-Junction,None,,,         ,Burton,Beeson,Clear,Not Collision with Motor Vehicle in Transport,no,no,no,no,no,False
103152776,METROPOLITAN NASHVILLE POLICE DEPT,20210606615,Davidson,Nashville,11/27/2021 12:00:00 AM,1,0,0,36.042760,-86.726360,OLD HICKORY BLVD,,,,173.00,Feet,North,WOODLANDS AV,,,,0.00,N,Not at Intersection,N,Non-Junction,None,,,         ,Sierra,Walker,Clear,Not Collision with Motor Vehicle in Transport,no,no,no,no,yes,False
103152779,METROPOLITAN NASHVILLE POLICE DEPT,20210606604,Davidson,Nashville,11/27/2021 2:00:00 AM,1,0,0,36.152820,-86.625120,STEWARTS FERRY PKE,,,,214.00,Feet,North,BELL RD,,,,0.00,N,Not at Intersection,N,Non-Junction,None,,,         ,Bridget,Griepentrog,Clear,Not Collision with Motor Vehicle in Transport,no,no,no,yes,no,False
103152789,METROPOLITAN NASHVILLE POLICE DEPT,20210606679,Davidson,Nashville,11/27/2021 4:17:00 AM,1,0,0,36.200330,-86.618600,HERMITAGE RD,,,,4.00,Feet,North,LEBANON PKE,,,,0.00,N,Not at Intersection,N,Non-Junction,None,,,         ,Ryan,Malone,,Not Collision with Motor Vehicle in Transport,no,no,no,no,no,False
103152793,METROPOLITAN NASHVILLE POLICE DEPT,20210606695,Davidson,Nashville,11/27/2021 12:00:00 AM,1,1,0,36.102040,-86.664640,MURFREESBORO PKE,,,,596.00,Feet,East,OLD MURFREESBORO PKE,,,,0.00,N,Not at Intersection,N,Non-Junction,None,,,         ,Jonathan,Handley,Clear,Not Collision with Motor Vehicle in Transport,no,no,no,no,no,False
103152822,METROPOLITAN NASHVILLE POLICE DEPT,20210606741,Davidson,Nashville,11/27/2021 5:40:00 AM,3,0,0,36.120870,-86.726880,I 24,,,,0.00,,,,,,,52.85,N,Not at Intersection,N,Non-Junction,None,,,         ,Jonathan,Handley,Clear,"Sideswipe, Same Direction",no,no,no,no,no,False
103152877,METROPOLITAN NASHVILLE POLICE DEPT,20210606778,Davidson,Nashville,11/27/2021 12:00:00 AM,2,0,0,36.245400,-86.715280,BERKLEY DR,,,,0.00,,,ARGLE AV,,,,0.00,,Not at Intersection,N,Non-Junction,None,,,         ,Chase,Carter,Clear,Unknown,no,no,no,yes,yes,False
103152888,METROPOLITAN NASHVILLE POLICE DEPT,20210606663,Davidson,Nashville,11/27/2021 3:44:00 AM,2,1,0,36.187990,-86.821560,ED TEMPLE BLVD,,,,0.00,,,ROSA L PARKS BLVD,,,,0.00,Y,Four-Way,N,Intersection,None,,,         ,Martin,Brown,Clear,Angle,no,no,no,no,yes,False
103152890,METROPOLITAN NASHVILLE POLICE DEPT,20210606758,Davidson,Nashville,11/27/2021 6:35:00 AM,1,0,0,36.182710,-86.776260,COWAN ST,,,,745.00,Feet,West,I24 E EXT RAMP,,,,0.00,N,Not at Intersection,N,Non-Junction,None,,,         ,Jaren,Breece,Clear,Not Collision with Motor Vehicle in Transport,no,no,no,no,yes,False
103152895,METROPOLITAN NASHVILLE POLICE DEPT,20210606827,Davidson,Nashville,11/27/2021 7:58:00 AM,2,0,0,36.182260,-86.607980,ANDREW JACKSON WAY,,,,6.00,Feet,North,OLD HICKORY BLVD,,,,0.00,N,Not at Intersection,N,Entrance/Exit Ramp Related,None,,,         ,Ryan,Sherry,Clear,Angle,no,no,no,no,yes,False
103152902,GOODLETTSVILLE POLICE DEPT,21-33104,Davidson,Goodlettsville,11/27/2021 7:39:00 AM,2,2,0,36.298140,-86.723020,DICKERSON PKES,,,,0.00,,,DRY CREEK LN,,,,0.00,Y,Four-Way,N,Intersection,None,,,         ,Rico,Jones,Clear,Angle,no,no,no,no,no,False
103152941,METROPOLITAN NASHVILLE POLICE DEPT,20210606855,Davidson,Nashville,11/27/2021 8:13:00 AM,2,0,0,36.071460,-86.622780,CEDARCLIFF RD,,,,225.00,Feet,South,CEDARCLIFF CIR,,,,0.00,N,Not at Intersection,N,Non-Junction,None,,,         ,Darrin,Hardin,Clear,HeadOn,no,no,no,no,no,False
103152971,METROPOLITAN NASHVILLE POLICE DEPT,20210606844,Davidson,Nashville,11/27/2021 7:45:00 AM,2,1,0,36.150920,-86.863500,I 40,,,,0.00,,,,,,,203.60,N,Not at Intersection,Y,Non-Junction,None,,,         ,Douglas,Atwood,Clear,"Sideswipe, Same Direction",no,no,no,no,no,False
103152982,METROPOLITAN NASHVILLE POLICE DEPT,20210606843,Davidson,Nashville,11/27/2021 2:30:00 AM,2,0,0,36.240220,-86.809100,FLINT RIDGE DR,,,,224.00,Feet,East,SHADY SIDE DR,,,,0.00,N,Not at Intersection,N,Non-Junction,None,,,         ,Michael,Richardson,Other,HeadOn,no,no,no,no,yes,False
103152994,METROPOLITAN NASHVILLE POLICE DEPT,20210606898,Davidson,Madison,11/27/2021 12:00:00 AM,2,0,0,36.272090,-86.688790,ANDERSON LN,,,,227.00,Feet,East,MYATT DR,,,,0.00,N,Not at Intersection,N,"Driveway, Alley Access, etc",None,,,         ,Wesley,Mcclelland,Clear,Angle,no,no,no,no,yes,False
103153003,METROPOLITAN NASHVILLE POLICE DEPT,20210606950,Davidson,Not in City Limit,11/27/2021 10:20:00 AM,2,0,0,36.256430,-86.773310,SILVERTON DR,,,,260.00,Feet,West,HAVENBROOK DR,,,,0.00,N,Not at Intersection, ,Non-Junction,None,,,         ,Aaron,Jumonville,Clear,Rear to Side,no,no,no,no,no,False
103153044,METROPOLITAN NASHVILLE POLICE DEPT,20210606984,Davidson,Nashville,11/27/2021 11:39:00 AM,2,0,0,36.192310,-86.616280,OLD HICKORY BLVD,,,,6.00,Feet,North,JUAREZ DR,,,,0.00,N,Not at Intersection, ,Non-Junction,None,,,         ,Ryan,Sherry,Clear,Angle,no,no,no,no,no,False
103153068,METROPOLITAN NASHVILLE POLICE DEPT,20210606999,Davidson,Nashville,11/27/2021 11:55:00 AM,2,0,0,36.174400,-86.774190,N 1ST ST,,,,0.00,Feet,,OLDHAM ST,,,,0.00,Y,Four-Way, ,Intersection,None,,,         ,Jaren,Breece,Clear,Angle,no,no,no,no,no,False
103153080,METROPOLITAN NASHVILLE POLICE DEPT,20210607004,Davidson,Nashville,11/27/2021 12:06:00 PM,2,1,0,36.160630,-86.769530,KOREAN VETERANS BLVD,,,,0.00,Feet,East,KOREAN VETERANS BLVD,,,,0.00,N,Not at Intersection,N,Non-Junction,None,,,         ,Daniel,Russett,Clear,Front to Rear,no,no,no,no,no,False
103153126,METROPOLITAN NASHVILLE POLICE DEPT,20210607037,Davidson,Nashville,11/27/2021 12:50:00 PM,2,1,0,36.044930,-86.667050,BELL RD,,,,17.00,Feet,East,CEDAR POINTE PKWY,,,,0.00,N,Not at Intersection,N,Non-Junction,None,,,         ,Lee,Davis,Clear,Front to Rear,no,no,no,no,no,False
103153146,METROPOLITAN NASHVILLE POLICE DEPT,20210607070,Davidson,Nashville,11/27/2021 1:45:00 PM,1,0,0,36.158810,-86.818450,28TH AVN,,,,0.00,,,,,,,0.00,,, ,,None,,,         ,Jordan,Vrbas,,,no,no,no,no,no,False
103153171,METROPOLITAN NASHVILLE POLICE DEPT,20210607052,Davidson,Nashville,11/27/2021 1:25:00 PM,3,3,0,36.094420,-86.653390,FRANKLIN LIMESTONE RD,,,,0.00,Feet,,MURFREESBORO PKE,,,,0.00,Y,Four-Way,N,Intersection,None,,,         ,Eric,Burford,Clear,Angle,no,no,no,no,no,False
103153189,METROPOLITAN NASHVILLE POLICE DEPT,20210607014,Davidson,Antioch,11/27/2021 12:38:00 PM,3,1,0,36.016850,-86.619880,FIRESTONE PKWY,,,,0.00,,,OLD HICKORY BLVD,,,,0.00,Y,Four-Way,N,Intersection,None,,,         ,Brandon,Evans,Clear,Angle,no,no,no,no,no,False
103153194,METROPOLITAN NASHVILLE POLICE DEPT,20210607051,Davidson,Nashville,11/27/2021 1:23:00 PM,2,3,0,36.230140,-86.771320,EWING DR,,,,152.00,Feet,West,HILLHURST DR,,,,0.00,N,Not at Intersection,N,Non-Junction,None,,,         ,Nicholas,Cochran,Clear,Front to Rear,yes,no,no,no,no,False
103153195,METROPOLITAN NASHVILLE POLICE DEPT,20210607074,Davidson,Nashville,11/27/2021 1:50:00 PM,2,1,0,36.140100,-86.826840,MURPHY RD,,,,0.00,,,BOWLING AV,,,,0.00,Y,T-Intersection,N,Intersection,None,,,         ,Douglas,Atwood,Clear,Angle,no,no,no,no,no,False
103153300,METROPOLITAN NASHVILLE POLICE DEPT,20210607188,Davidson,Not in City Limit,11/27/2021 2:20:00 PM,2,0,0,36.263820,-86.704460,STATE RT 45,,,,0.00,,,DELAWARE AV,,,,0.00,Y,Four-Way,N,Intersection,None,,,         ,Forrest,Punke,Cloudy,Angle,no,no,no,no,no,False
103153320,METROPOLITAN NASHVILLE POLICE DEPT,20210607239,Davidson,Nashville,11/27/2021 12:00:00 AM,2,1,0,36.215140,-86.600940,LEBANON PKE,,,,444.00,Feet,North,ANDREW JACKSON PKWY,,,,0.00,N,Not at Intersection,N,Non-Junction,None,,,         ,Keenan,McCann,Clear,Angle,no,no,no,no,no,False
103153322,METROPOLITAN NASHVILLE POLICE DEPT,20210607247,Davidson,Nashville,11/27/2021 4:34:00 PM,1,0,0,36.050510,-86.668170,I 24,,,,0.00,,,,,,,58.80,N,Not at Intersection,N,Non-Junction,None,,,         ,Garrett,Latham,Clear,Not Collision with Motor Vehicle in Transport,no,no,no,no,no,False
103153383,METROPOLITAN NASHVILLE POLICE DEPT,20210607301,Davidson,Nashville,11/27/2021 5:33:00 PM,2,1,0,36.226310,-86.603190,SHUTE LN,,,,0.00,,,SAUNDERSVILLE RD,,,,0.00,Y,T-Intersection,N,Intersection,None,,,         ,Phillip,Burke,Clear,Angle,no,no,no,no,no,False
103153401,GOODLETTSVILLE POLICE DEPT,21-33156,Davidson,Goodlettsville,11/27/2021 7:10:00 PM,2,0,0,36.294490,-86.705280,ALTA LOMA RD,,,,0.00,,,GLEAVES ST,,,,0.00,Y,Four-Way,Y,Intersection,None,,,         ,Michael,Morgan,Clear,Front to Rear,no,no,no,no,yes,False
103153457,METROPOLITAN NASHVILLE POLICE DEPT,20210607488,Davidson,Antioch,11/27/2021 8:30:00 PM,2,0,0,36.070280,-86.592790,MT VIEW RD,,,,0.00,Feet,West,HUNTINGBORO TRL,,,,0.00,N,Not at Intersection,N,Non-Junction,None,,,         ,Nadine,Klemenz,Clear,Angle,no,no,no,no,yes,False
103153497,METROPOLITAN NASHVILLE POLICE DEPT,20210607514,Davidson,Nashville,11/27/2021 9:15:00 PM,2,0,0,36.152240,-86.625070,BLACKWOOD DR,,,,0.00,,,STEWARTS FERRY PKE,,,,0.00,Y,Four-Way,N,Intersection,None,,,         ,Christian,Vanders,Cloudy,Front to Rear,no,no,no,no,yes,False
103153502,METROPOLITAN NASHVILLE POLICE DEPT,20210607405,Davidson,Nashville,11/27/2021 7:29:00 PM,2,1,0,36.236900,-86.728730,BRILEY PKWYW,,,,454.00,Feet,West,BRILEY PKWYE,,,,0.00,N,Not at Intersection,N,Non-Junction,None,,,         ,Miles,Posey,Clear,Front to Rear,no,no,no,no,yes,False
103153518,GOODLETTSVILLE POLICE DEPT,21-33068,Davidson,Goodlettsville,11/27/2021 7:37:00 PM,1,0,0,36.310250,-86.703550,I65 S ENT RAMP,,,,0.00,Feet,East,I 65,,,,0.00,N,Not at Intersection,N,Non-Junction,None,,,         ,Katelyn,Gilliland,Clear,Not Collision with Motor Vehicle in Transport,no,no,no,no,no,False
103153541,METROPOLITAN NASHVILLE POLICE DEPT,20210607181,Davidson,Not in City Limit,11/27/2021 3:35:00 PM,1,1,0,36.191920,-86.960470,RIVER ROAD PKE,,,,646.00,Feet,East,CUB CREEK RD,,,,0.00,N,Not at Intersection,N,Non-Junction,None,,,         ,Peyton,Wheatley,Clear,Not Collision with Motor Vehicle in Transport,no,no,no,no,no,False
103153543,METROPOLITAN NASHVILLE POLICE DEPT,20210607393,Davidson,Nashville,11/27/2021 12:00:00 AM,1,0,0,36.074420,-86.731340,EDMONDSON PKE,,,,886.00,Feet,South,MILNER DR,,,,0.00,N,Not at Intersection,N,Non-Junction,None,,,         ,Ashley,Kappenmacher,Clear,Not Collision with Motor Vehicle in Transport,no,no,no,no,no,False
103153564,METROPOLITAN NASHVILLE POLICE DEPT,20210606683,Davidson,Nashville,11/27/2021 4:10:00 AM,1,1,0,36.075850,-86.681680,ANTIOCH PKE,,,,412.00,Feet,South,LUNA DR,,,,0.00,N,Not at Intersection,N,Non-Junction,None,,,         ,Dylan,Ramos,Clear,Not Collision with Motor Vehicle in Transport,no,no,no,no,no,False
103153565,METROPOLITAN NASHVILLE POLICE DEPT,20210606793,Davidson,Nashville,11/27/2021 4:20:00 AM,2,0,0,36.075850,-86.681680,ANTIOCH PKE,,,,412.00,Feet,South,LUNA DR,,,,0.00,N,Not at Intersection,N,Non-Junction,None,,,         ,Dylan,Ramos,Clear,Not Collision with Motor Vehicle in Transport,no,no,no,no,no,False
103153574,METROPOLITAN NASHVILLE POLICE DEPT,20210607429,Davidson,Nashville,11/27/2021 7:30:00 PM,2,2,0,36.135810,-86.885150,BROOK HOLLOW RD,,,,0.00,Feet,,CHARLOTTE PKE,,,,0.00,Y,Four-Way,N,Intersection-Related,None,,,         ,Peyton,Wheatley,Clear,Angle,no,no,no,no,no,False
103153584,METROPOLITAN NASHVILLE POLICE DEPT,20210607621,Davidson,Nashville,11/27/2021 11:36:00 PM,1,1,0,36.235230,-86.732160,SAUNDERS AV,,,,217.00,Feet,North,JOYCE LN,,,,0.00,N,Not at Intersection,N,Non-Junction,None,,,         ,Kristopher,Sutton,Clear,Not Collision with Motor Vehicle in Transport,no,no,no,no,no,False
103153595,METROPOLITAN NASHVILLE POLICE DEPT,20210607602,Davidson,Nashville,11/27/2021 11:00:00 AM,2,0,0,36.079660,-86.642310,LAKEVILLA DR,,,,201.00,Feet,West,EDGE O LAKE DR,,,,0.00,N,Not at Intersection,N,Non-Junction,None,,,         ,Samuel,Fredericks,Clear,Other,no,no,no,no,yes,False
103153623,METROPOLITAN NASHVILLE POLICE DEPT,20210607579,Davidson,Nashville,11/27/2021 12:00:00 AM,2,1,0,36.166230,-86.765790,I24 E EXT RAMP,,,,0.00,Feet,East,I 24,,,,0.00,N,Not at Intersection,N,Entrance/Exit Ramp Related,None,,,         ,Tristan,Krausman,Clear,Angle,no,no,no,no,no,False
103153624,METROPOLITAN NASHVILLE POLICE DEPT,20210607675,Davidson,Nashville,11/28/2021 12:10:00 AM,1,0,0,36.133440,-86.758450,NOLENSVILLE PKE,,,,254.00,Feet,South,CRAIGHEAD ST,,,,0.00,N,Not at Intersection,N,Non-Junction,None,,,         ,Bobby,Ehman,Clear,Not Collision with Motor Vehicle in Transport,no,no,no,no,no,False
103153627,METROPOLITAN NASHVILLE POLICE DEPT,20210607763,Davidson,Nashville,11/28/2021 12:00:00 AM,1,0,0,36.253980,-86.777100,BRICK CHURCH PKE,,,,0.00,,,,,,,0.00,,,N,Non-Junction,None,,,         ,Patrick,McGinnis,Clear,Not Collision with Motor Vehicle in Transport,no,no,no,no,yes,False
103153661,METROPOLITAN NASHVILLE POLICE DEPT,20210607598,Davidson,Nashville,11/27/2021 12:00:00 AM,2,0,0,36.163250,-86.776070,COMMERCE ST,,,,0.00,Feet,East,2ND AVN,,,,0.00,N,Not at Intersection,N,Non-Junction,None,,,         ,Tim,Le,Clear,"Sideswipe, Same Direction",no,no,no,no,no,False
103153680,METROPOLITAN NASHVILLE POLICE DEPT,20210607807,Davidson,Antioch,11/28/2021 1:51:00 AM,2,1,0,36.011180,-86.617150,I 24,,,,0.00,,,,,,,62.80,N,Not at Intersection,N,Non-Junction,None,,,         ,Douglas,Meringer,Clear,Angle,no,no,no,no,yes,False
103153682,GOODLETTSVILLE POLICE DEPT,21-33091,Davidson,Goodlettsville,11/27/2021 1:57:00 AM,2,0,0,36.323100,-86.707580,LONG HOLLOW PKE,,,,0.00,,,CARTWRIGHT ST,,,,0.00,Y,Four-Way,N,Intersection,None,,,         ,Shane,Farrell,Clear,Angle,no,no,no,no,no,False
103153702,METROPOLITAN NASHVILLE POLICE DEPT,20210607893,Davidson,Nashville,11/28/2021 3:53:00 AM,2,2,0,36.163000,-86.776930,3RD AVN,,,,0.00,Feet,,COMMERCE ST,,,,0.00,Y,Four-Way,N,Intersection-Related,None,,,         ,Tim,Le,Clear,Front to Rear,no,no,no,no,no,False
103153707,METROPOLITAN NASHVILLE POLICE DEPT,20210607839,Davidson,Nashville,11/28/2021 2:50:00 AM,2,0,0,36.164750,-86.776530,CHURCH ST,,,,128.00,Feet,East,2ND AVN,,,,0.00,N,Not at Intersection,N,Non-Junction,None,,,         ,John,Jones,Clear,Other,no,no,no,no,yes,False
103153777,METROPOLITAN NASHVILLE POLICE DEPT,20210607989,Davidson,Nashville,11/28/2021 6:32:00 AM,1,0,0,36.083850,-86.659800,PICCADILLY ROW,,,,0.00,Feet,West,BLUE MOUNTAIN LN,,,,0.00,N,Not at Intersection,N,Non-Junction,None,,,         ,Sean,Herman,Clear,Not Collision with Motor Vehicle in Transport,no,no,no,no,yes,False
103153789,METROPOLITAN NASHVILLE POLICE DEPT,20210608049,Davidson,Nashville,11/28/2021 4:00:00 AM,1,0,0,36.083850,-86.659800,PICCADILLY ROW,,,,0.00,Feet,West,BLUE MOUNTAIN LN,,,,0.00,N,Not at Intersection, ,,None,,,         ,Sean,Herman,,,no,no,no,no,no,False
103153813,METROPOLITAN NASHVILLE POLICE DEPT,20210607996,Davidson,Nashville,11/28/2021 7:33:00 AM,2,1,0,36.181710,-86.797100,ROSA L PARKS BLVD,,,,273.00,Feet,South,BUCHANAN ST,,,,0.00,N,Not at Intersection,N,Non-Junction,None,,,         ,Gregory,Scott,Clear,Angle,no,no,no,no,no,False
103153825,METROPOLITAN NASHVILLE POLICE DEPT,20210608001,Davidson,Nashville,11/28/2021 5:59:00 AM,2,0,0,36.053060,-86.672980,BLUE HOLE RD,,,,168.00,Feet,North,TUSCULUM RD,,,,0.00,N,Not at Intersection,N,Non-Junction,None,,,         ,Stanley,Collins,Clear,"Sideswipe, Opposite Direction",no,no,no,no,no,False
103153848,METROPOLITAN NASHVILLE POLICE DEPT,20210608114,Davidson,Nashville,11/28/2021 10:00:00 AM,2,0,0,36.086970,-86.730320,NOLENSVILLE PKE,,,,0.00,,,ELYSIAN FIELDS CT,,,,0.00,Y,Four-Way,N,Intersection-Related,None,,,         ,Jackson,Smythe,Clear,Angle,no,no,no,no,yes,False
103153899,METROPOLITAN NASHVILLE POLICE DEPT,20210608193,Davidson,Nashville,11/28/2021 11:31:00 AM,2,0,0,36.208090,-86.776280,I 65,,,,0.00,,,,,,,87.40,N,Not at Intersection, ,Non-Junction,None,,,         ,William,Coy,Clear,Front to Rear,no,no,no,no,no,False
103153910,METROPOLITAN NASHVILLE POLICE DEPT,20210608175,Davidson,Nashville,11/28/2021 11:06:00 AM,2,1,0,36.134290,-86.779090,8TH AVS,,,,3.00,Feet,North,WEDGEWOOD AV,,,,0.00,N,Not at Intersection,N,Non-Junction,None,,,         ,Paxton,Montgomery,Clear,Angle,no,no,no,no,no,False
103154074,METROPOLITAN NASHVILLE POLICE DEPT,20210608289,Davidson,Nashville,11/28/2021 1:08:00 PM,2,0,0,36.173680,-86.605450,CENTRAL PKE ENT RAMP,,,,152.00,Feet,South,CENTRAL PKE,,,,0.00,N,Not at Intersection,Y,Entrance/Exit Ramp Related,None,,,         ,John,Chambers,Clear,Front to Rear,no,no,no,no,no,False
103154080,METROPOLITAN NASHVILLE POLICE DEPT,20210608292,Davidson,Nashville,11/28/2021 1:22:00 PM,2,2,0,36.055010,-86.642410,ZELIDA AV,,,,0.00,,,BELL RD,,,,0.00,Y,Four-Way,N,Intersection,None,,,         ,Darrin,Hardin,Cloudy,Angle,no,no,no,no,no,False
103154081,METROPOLITAN NASHVILLE POLICE DEPT,20210608234,Davidson,Nashville,11/28/2021 12:24:00 PM,2,0,0,36.191970,-86.727380,PORTER RD,,,,174.00,Feet,North,STRAIGHTWAY AV,,,,0.00,N,Not at Intersection,N,Non-Junction,None,,,         ,Steven,Meador,Clear,"Sideswipe, Opposite Direction",no,no,no,no,no,False