master_record_number,agency,agency_tracking_number,county,city,collision_date,vehicles_involved,number_injured,number_dead,latitude,longitude,roadway_name,roadway_suffix,roadway_number,roadway_local_id,distance_from_reference,miles-feet_indicator,direction_from_reference,intersection_road_name,intersection_road_name_suffix,intersection_road_number,intersection_local_id,mile_marker,intersection_indicator,intersect_type,interchange_related_indicator,relation_to_junction,work_zone_type,construction_maintenance_zone,construction_maintenance_zone_location,fatal_case_number,officer_first_name,officer_last_name,weather_condition(s),manner_of_crash,pedestrian,bicycle,scooter,parking,hitrun,mou
103155105,METROPOLITAN NASHVILLE POLICE DEPT,20210609735,Davidson,Nashville,11/29/2021 1:54:00 PM,2,0,0,36.037310,-86.789160,OLD HICKORY BLVD,,,,543.00,Feet,East,S HILLVIEW DR,,,,0.00,N,Not at Intersection, ,,None,,,         ,Earl,Davis,,,no,no,no,no,no,False
103155118,METROPOLITAN NASHVILLE POLICE DEPT,20210608774,Davidson,Nashville,11/28/2021 10:08:00 PM,2,0,0,36.103070,-86.666210,MURFREESBORO PKE,,,,0.00,,,TOWN PARK DR,,,,0.00,Y,T-Intersection, ,,None,,,         ,Thomas,Parsons,,,no,no,no,no,no,False
103155146,METROPOLITAN NASHVILLE POLICE DEPT,20210609783,Davidson,Nashville,11/29/2021 2:30:00 PM,3,1,0,36.068540,-86.632490,MURFREESBORO PKE,,,,0.00,,,,,,,0.00,,,N,Non-Junction,None,,,         ,Joseph,Hurst,Clear,Front to Rear,no,no,no,no,no,False
103155152,METROPOLITAN NASHVILLE POLICE DEPT,20210609865,Davidson,Nashville,11/29/2021 2:35:00 PM,2,0,0,36.140480,-86.785850,11TH AVS,,,,480.00,Feet,North,HORTON AV,,,,0.00,N,Not at Intersection,N,Non-Junction,None,,,         ,Earl,Davis,Clear,Front to Rear,no,no,no,no,yes,False
103155172,METROPOLITAN NASHVILLE POLICE DEPT,20210609755,Davidson,Nashville,11/29/2021 2:12:00 PM,3,3,0,36.100000,-86.764370,I 65,,,,0.00,,,,,,,79.05,N,Not at Intersection,N,Non-Junction,None,,,         ,Justin,Pinkelton,Clear,Front to Rear,no,no,no,no,no,False
103155189,VANDERBILT UNIVERSITY POLICE,20210609833,Davidson,Nashville,11/29/2021 12:00:00 AM,2,0,0,36.147100,-86.807710,WEST END AV,,,,0.00,,,,,,,0.00,,,N,Non-Junction,Work Zone,Intermittent Moving Work,Unknown,         ,Michael,Wyers,,Unknown,no,no,no,yes,yes,Campus
103155200,METROPOLITAN NASHVILLE POLICE DEPT,20210609893,Davidson,Antioch,11/29/2021 3:47:00 PM,2,1,0,36.043460,-86.605540,HOBSON PKE,,,,373.00,Feet,East,MURFREESBORO PKE,,,,0.00,N,Not at Intersection,N,Non-Junction,None,,,         ,Beri,Scott,Clear,Front to Rear,no,no,no,no,no,False
103155201,METROPOLITAN NASHVILLE POLICE DEPT,20210609794,Davidson,Nashville,11/29/2021 2:45:00 PM,4,0,0,36.128720,-86.841730,HARDING PKE,,,,735.00,Feet,West,VINE CT,,,,0.00,N,Not at Intersection,N,OtherLocation,None,,,         ,Heather,Fox,Clear,Angle,no,no,no,no,no,False
103155202,METROPOLITAN NASHVILLE POLICE DEPT,20210609884,Davidson,Nashville,11/29/2021 3:35:00 PM,2,0,0,36.156640,-86.759680,I24 W ENT RAMP,,,,0.00,,,I 24,,,,0.00,Y,OTHER, ,Non-Junction,None,,,         ,Kevin,Clausius,Clear,Front to Rear,no,no,no,no,no,False
103155205,METROPOLITAN NASHVILLE POLICE DEPT,20210609883,Davidson,Goodlettsville,11/29/2021 3:06:00 PM,2,1,0,36.297410,-86.699520,RIVERGATE PKWY,,,,209.00,Feet,North,GALLATIN PKEN,,,,0.00,N,Not at Intersection,N,Non-Junction,None,,,         ,Joshua,Dodge,Clear,Front to Rear,no,no,no,no,no,False
103155206,METROPOLITAN NASHVILLE POLICE DEPT,20210609907,Davidson,Nashville,11/29/2021 3:50:00 PM,2,3,0,36.215090,-86.688410,MCGAVOCK PKE,,,,385.00,Feet,South,PENNINGTON BEND RD,,,,0.00,N,Not at Intersection,N,Non-Junction,None,,,         ,Reagan,Heath,Clear,HeadOn,no,no,no,no,no,False
103155232,METROPOLITAN NASHVILLE POLICE DEPT,20210609924,Davidson,Nashville,11/29/2021 4:00:00 PM,2,0,0,36.040120,-86.780740,OLD HICKORY BLVD,,,,0.00,,,I65 N ENT RAMP,,,,0.00,Y,Four-Way,N,Intersection,None,,,         ,Dylan,Motes,Clear,Angle,no,no,no,no,no,False
103155234,METROPOLITAN NASHVILLE POLICE DEPT,20210609930,Davidson,Nashville,11/29/2021 3:15:00 PM,2,0,0,36.141670,-86.740950,MURFREESBORO PKE,,,,126.00,Feet,West,FOSTER AV,,,,0.00,N,Not at Intersection, ,Non-Junction,None,,,         ,Megan,Arnett,Clear,"Sideswipe, Same Direction",no,no,no,no,no,False
103155249,METROPOLITAN NASHVILLE POLICE DEPT,20210609976,Davidson,Nashville,11/29/2021 4:46:00 PM,1,0,0,36.151350,-86.795750,BROADWAY,,,,0.00,,,,,,,0.00,,, ,Non-Junction,None,,,         ,Dakota,Davis,Clear,Not Collision with Motor Vehicle in Transport,no,no,no,yes,no,False
103155257,METROPOLITAN NASHVILLE POLICE DEPT,20210609978,Davidson,Nashville,11/29/2021 4:46:00 PM,2,1,0,36.094890,-86.653440,OLD MURFREESBORO PKE,,,,169.00,Feet,North,MURFREESBORO PKE,,,,0.00,N,Not at Intersection,N,Non-Junction,None,,,         ,Crockett,Bruce,Clear,HeadOn,no,no,no,no,no,False
103155261,METROPOLITAN NASHVILLE POLICE DEPT,20210610022,Davidson,Not in City Limit,11/29/2021 5:16:00 PM,2,0,0,36.263660,-86.687150,STATE RT 45,,,,0.00,,,ARCHWOOD DR,,,,0.00,Y,Four-Way,N,Intersection,None,,,         ,Paul,Hughes II,Clear,Angle,no,no,no,no,no,False
103155268,METROPOLITAN NASHVILLE POLICE DEPT,20210610037,Davidson,Nashville,11/29/2021 5:21:00 PM,2,0,0,36.136770,-86.727090,I24E,,,,94.00,Feet,South,MURFREESBORO PKE,,,,0.00,N,Not at Intersection, ,,None,,,         ,Joseph,Hurst,,,no,no,no,no,no,False
103155280,METROPOLITAN NASHVILLE POLICE DEPT,20210610095,Davidson,Nashville,11/29/2021 5:46:00 PM,2,0,0,36.174910,-86.771430,I24 E ENT RAMP,,,,0.00,Feet,East,I 24,,,,0.00,N,Not at Intersection,N,Non-Junction,None,,,         ,Kency,Le,Clear,Angle,no,no,no,no,yes,False
103155281,METROPOLITAN NASHVILLE POLICE DEPT,20210609985,Davidson,Not in City Limit,11/29/2021 12:00:00 AM,2,0,0,36.262790,-86.704430,E OLD HICKORY BLVD,,,,0.00,,,DELAWARE AV,,,,0.00,Y,T-Intersection,Y,Intersection,None,,,         ,Amanda,Topping,Clear,Angle,no,no,no,no,yes,False
103155295,METROPOLITAN NASHVILLE POLICE DEPT,20210610025,Davidson,Nashville,11/29/2021 5:20:00 PM,2,0,0,36.109830,-86.922520,OLD HICKORY BLVD,,,,0.00,,,SONYA DR,,,,0.00,Y,T-Intersection, ,,None,,,         ,Dylan,Colquhoun,,,no,no,no,no,no,False
103155303,METROPOLITAN NASHVILLE POLICE DEPT,20210610113,Davidson,Nashville,11/29/2021 6:10:00 PM,2,0,0,36.220890,-86.753580,WHITNEY PARK DR,,,,140.00,Feet,North,HART LN,,,,0.00,N,Not at Intersection,N,Non-Junction,None,,,         ,Tyler,Lewis,Clear,Unknown,no,no,no,no,yes,False
103155304,METROPOLITAN NASHVILLE POLICE DEPT,20210609997,Davidson,Nashville,11/29/2021 5:04:00 PM,2,4,0,36.179760,-86.810910,DR D B TODD JR BLVD,,,,110.00,Feet,North,17TH AVN,,,,0.00,N,Not at Intersection,N,Non-Junction,None,,,         ,Gabriel,Centeno,Clear,Front to Rear,no,no,no,no,no,False
103155316,METROPOLITAN NASHVILLE POLICE DEPT,20210610096,Davidson,Nashville,11/29/2021 6:05:00 PM,2,2,0,36.127800,-86.629490,BELL RD,,,,124.00,Feet,North,PRIEST WOODS DR,,,,0.00,N,Not at Intersection,N,Non-Junction,None,,,         ,Joshua,Zambrano-Vera,Clear,Front to Rear,no,no,no,no,no,False
103155337,METROPOLITAN NASHVILLE POLICE DEPT,20210610007,Davidson,Nashville,11/29/2021 5:08:00 PM,2,2,0,36.169810,-86.601120,OLD HICKORY BLVD,,,,101.00,Feet,North,I40 E ENT RAMP,,,,0.00,N,Not at Intersection,N,Non-Junction,None,,,         ,Kevin,Clausius,Clear,Front to Rear,no,no,no,no,no,False
103155342,METROPOLITAN NASHVILLE POLICE DEPT,20210610245,Davidson,OTHER,11/29/2021 8:20:00 PM,1,0,0,35.993920,-86.624520,BURKITT RD,,,,382.00,Feet,South,BATTLE RD,,,,0.00,N,Not at Intersection,N,Non-Junction,None,,,         ,Joseph,Hurst,Clear,Not Collision with Motor Vehicle in Transport,no,no,no,no,no,False
103155343,METROPOLITAN NASHVILLE POLICE DEPT,20210610237,Davidson,Nashville,11/29/2021 5:23:00 PM,2,0,0,36.045670,-86.720360,OLD HICKORY BLVD,,,,127.00,Feet,East,HICKORY VILLA DR,,,,0.00,N,Not at Intersection, ,Non-Junction,None,,,         ,Steven,Powers,Clear,Angle,no,no,no,no,no,False
103155355,METROPOLITAN NASHVILLE POLICE DEPT,20210610260,Davidson,Nashville,11/29/2021 8:36:00 PM,1,0,0,36.167150,-86.779610,3RD AVN,,,,0.00,,,JAMES ROBERTSON PKWY,,,,0.00,Y,Four-Way,Y,Intersection,None,,,         ,Kency,Le,Clear,Not Collision with Motor Vehicle in Transport,no,no,no,no,no,False
103155364,METROPOLITAN NASHVILLE POLICE DEPT,20210610246,Davidson,Not in City Limit,11/29/2021 8:24:00 PM,1,0,0,36.271150,-86.794060,I 24,,,,0.00,,,,,,,41.00,N,Not at Intersection,N,Non-Junction,None,,,         ,Paul,Hughes II,Clear,Not Collision with Motor Vehicle in Transport,no,no,no,no,no,False
103155448,METROPOLITAN NASHVILLE POLICE DEPT,20210610340,Davidson,Nashville,11/29/2021 12:00:00 AM,2,0,0,36.193080,-86.737660,STRAIGHTWAY AV,,,,137.00,Feet,West,N 16TH ST,,,,0.00,N,Not at Intersection,N,Non-Junction,None,,,         ,Maccio,Hightower,Clear,Angle,no,no,no,no,yes,False
103155450,METROPOLITAN NASHVILLE POLICE DEPT,20210610279,Davidson,Madison,11/29/2021 12:00:00 AM,3,0,0,36.264120,-86.725150,OLD HICKORY BLVDW,,,,0.00,Feet,East,BEVERLY DR,,,,0.00,N,Not at Intersection,N,Non-Junction,None,,,         ,Vincent,McCrary,Clear,Front to Rear,no,no,no,no,yes,False
103155452,METROPOLITAN NASHVILLE POLICE DEPT,20210610358,Davidson,Nashville,11/29/2021 6:00:00 PM,1,0,0,36.181310,-86.595120,TULIP GROVE RD,,,,80.00,Feet,North,TULIP GROVE PT,,,,0.00,N,Not at Intersection, ,,None,,,         ,Nelson,Hemingway,,,no,no,no,no,no,False
103155495,METROPOLITAN NASHVILLE POLICE DEPT,20210610539,Davidson,Nashville,11/30/2021 12:50:00 AM,3,0,0,36.149990,-86.701410,ELM HILL PKE,,,,362.00,Feet,West,ACORN DR,,,,0.00,N,Not at Intersection,N,Non-Junction,None,,,         ,Jacob,Snyder,Cloudy,Not Collision with Motor Vehicle in Transport,no,no,no,no,no,False
103155496,METROPOLITAN NASHVILLE POLICE DEPT,20210610365,Davidson,Nashville,11/29/2021 10:45:00 PM,2,1,0,36.243760,-86.780370,BRICK CHURCH PKE,,,,162.00,Feet,South,BRICK CHURCH LN,,,,0.00,N,Not at Intersection,N,Non-Junction,None,,,         ,Ashton,Hill,Clear,"Sideswipe, Opposite Direction",no,no,no,no,no,False
103155505,METROPOLITAN NASHVILLE POLICE DEPT,20210610573,Davidson,Nashville,11/30/2021 1:40:00 AM,1,0,0,36.183720,-86.748420,GALLATIN AV,,,,39.00,Feet,South,EASTLAND AV,,,,0.00,N,Not at Intersection,N,Non-Junction,None,,,         ,Peter,Kinsey,Clear,Not Collision with Motor Vehicle in Transport,no,no,no,no,yes,False
103155507,METROPOLITAN NASHVILLE POLICE DEPT,20210610417,Davidson,Antioch,11/29/2021 11:24:00 PM,3,1,0,36.045250,-86.609100,MURFREESBORO PKE,,,,0.00,,,MOUNTAIN SPRINGS RD,,,,0.00,Y,T-Intersection,N,Intersection,None,,,         ,Fady,Aziz,Clear,Angle,no,no,no,no,no,False
103155527,METROPOLITAN NASHVILLE POLICE DEPT,20210610616,Davidson,Nashville,11/30/2021 1:39:00 AM,2,0,0,36.086300,-86.699180,HARDING PL,,,,157.00,Feet,West,I24 W EXT RAMP,,,,0.00,N,Not at Intersection,N,Entrance/Exit Ramp Related,None,,,         ,Corey,Ethridge,,"Sideswipe, Same Direction",no,no,no,no,yes,False
103155537,METROPOLITAN NASHVILLE POLICE DEPT,20210610786,Davidson,Nashville,11/30/2021 4:07:00 AM,1,0,0,36.087210,-86.707990,DONNA KAY DR,,,,33.00,Feet,North,JEFFERY DR,,,,0.00,N,Not at Intersection,N,Non-Junction,None,,,         ,Dillon,Gann,Clear,Not Collision with Motor Vehicle in Transport,no,no,no,no,yes,False
103155604,METROPOLITAN NASHVILLE POLICE DEPT,2021-0610943,Davidson,Nashville,11/30/2021 7:20:00 AM,2,0,0,36.134900,-86.723840,MURFREESBORO PKE,,,,183.00,Feet,East,I24 W EXT RAMP,,,,0.00,N,Not at Intersection, ,Non-Junction,None,,,         ,Calvin,Graham,Clear,Front to Rear,no,no,no,no,no,False
103155624,METROPOLITAN NASHVILLE POLICE DEPT,20210610866,Davidson,Nashville,11/30/2021 5:55:00 AM,2,1,0,36.039400,-86.602990,MURFREESBORO PKE,,,,0.00,,,OLD HICKORY BLVD,,,,0.00,Y,Four-Way,N,Intersection,None,,,         ,Zachariah,Souza,Clear,"Sideswipe, Opposite Direction",no,no,no,no,no,False
103155630,METROPOLITAN NASHVILLE POLICE DEPT,20210610931,Davidson,Nashville,11/30/2021 6:53:00 AM,2,0,0,36.069630,-86.686760,I24 W EXT RAMP,,,,0.00,,,HAYWOOD LN,,,,0.00,Y,OTHER, ,Entrance/Exit Ramp Related,None,,,         ,Stanley,Collins,Clear,Front to Rear,no,no,no,no,no,False
103155634,METROPOLITAN NASHVILLE POLICE DEPT,20210610887,Davidson,Nashville,11/30/2021 6:35:00 AM,2,3,0,36.120590,-86.703290,MURFREESBORO PKE,,,,124.00,Feet,East,GLENGARRY DR,,,,0.00,N,Not at Intersection,N,Non-Junction,None,,,         ,Justin,Wells,Clear,Angle,no,no,no,no,no,False
103155643,METROPOLITAN NASHVILLE POLICE DEPT,20210611052,Davidson,Nashville,11/30/2021 12:00:00 AM,2,0,0,36.082640,-86.764770,HARDING PL,,,,100.00,Feet,East,I65 S ENT RAMP,,,,0.00,N,Not at Intersection,N,Non-Junction,None,,,         ,Earl,Davis,Clear,Front to Rear,no,no,no,no,yes,False
103155666,METROPOLITAN NASHVILLE POLICE DEPT,20210610913,Davidson,Not in City Limit,11/30/2021 6:54:00 AM,3,2,0,36.318360,-86.842800,I 24,,,,0.00,,,,,,,36.40,N,Not at Intersection,N,Non-Junction,None,,,         ,James,Wray,Clear,Front to Rear,no,no,no,no,no,False
103155673,METROPOLITAN NASHVILLE POLICE DEPT,20210611103,Davidson,Nashville,11/30/2021 9:10:00 AM,2,0,0,36.161540,-86.775970,3RD AVS,,,,0.00,,,BROADWAY,,,,0.00,Y,Four-Way, ,Intersection,None,,,         ,Wesley,Young,Clear,Front to Rear,no,no,no,no,no,False
103155675,METROPOLITAN NASHVILLE POLICE DEPT,20210611134,Davidson,Madison,11/30/2021 9:25:00 AM,2,1,0,36.264090,-86.723810,OLD HICKORY BLVDW,,,,112.00,Feet,East,HERITAGE DR,,,,0.00,N,Not at Intersection,N,Non-Junction,None,,,         ,Christopher,Littles,Clear,HeadOn,no,no,no,no,no,False
103155680,METROPOLITAN NASHVILLE POLICE DEPT,20210607849,Davidson,Nashville,11/28/2021 3:12:00 AM,2,1,1,36.062370,-86.682370,I 24,,,,0.00,,,,,,,57.65,N,Not at Intersection,N,Non-Junction,None,,,         ,Christopher,Valdez,Clear,Front to Rear,no,no,no,no,no,False
103155686,METROPOLITAN NASHVILLE POLICE DEPT,20210610914,Davidson,Nashville,11/30/2021 6:40:00 AM,2,0,0,36.193660,-86.831220,CLARKSVILLE PKE,,,,0.00,,,S HAMILTON RD,,,,0.00,Y,Four-Way,Y,Intersection-Related,None,,,         ,Nicholas,Hoffmann,Clear,Front to Rear,no,no,no,no,yes,False
103155703,METROPOLITAN NASHVILLE POLICE DEPT,2021-0611100,Davidson,Nashville,11/30/2021 9:05:00 AM,2,0,0,36.153370,-86.751090,HERMITAGE AV,,,,0.00,,East,KEITH ST,,,,0.00,N,Not at Intersection, ,,None,,,         ,Frank,Walker,,,no,no,no,no,no,False
103155710,METROPOLITAN NASHVILLE POLICE DEPT,20210610970,Davidson,Nashville,11/30/2021 7:26:00 AM,3,2,0,36.155270,-86.829250,I 40,,,,0.00,,,,,,,205.55,N,Not at Intersection,N,Non-Junction,None,,,         ,Andre,Williams,Clear,Front to Rear,no,no,no,no,yes,False
103155714,METROPOLITAN NASHVILLE POLICE DEPT,20210610997,Davidson,Nashville,11/30/2021 7:51:00 AM,2,1,0,36.154610,-86.779170,8TH AVS,,,,0.00,,,LAFAYETTE ST,,,,0.00,Y,Roundabout,N,Intersection,None,,,         ,Erik,Wagner,Clear,"Sideswipe, Same Direction",no,no,no,no,no,False
103155732,METROPOLITAN NASHVILLE POLICE DEPT,20210611194,Davidson,Nashville,11/30/2021 10:11:00 AM,2,2,0,36.045370,-86.713260,OLD HICKORY BLVD,,,,0.00,,,NOLENSVILLE PKE,,,,0.00,Y,Four-Way,N,Intersection,None,,,         ,Earl,Davis,Clear,"Sideswipe, Same Direction",no,no,no,no,no,False
103155735,METROPOLITAN NASHVILLE POLICE DEPT,20210611176,Davidson,Nashville,11/30/2021 9:56:00 AM,2,0,0,36.168150,-86.777420,JAMES ROBERTSON PKWY,,,,0.00,,,GAY ST,,,,0.00,Y,OTHER, ,,None,,,         ,Michael,Douglas,,,no,no,no,no,no,False
103155764,METROPOLITAN NASHVILLE POLICE DEPT,20210611183,Davidson,Nashville,11/30/2021 10:04:00 AM,3,2,0,36.139950,-86.666360,DONELSON PKE,,,,36.00,Feet,South,I40 E EXT RAMP,,,,0.00,N,Not at Intersection,N,Non-Junction,None,,,         ,Justin,Wells,Clear,Front to Rear,no,no,no,no,no,False
103155769,METROPOLITAN NASHVILLE POLICE DEPT,20210611245,Davidson,Nashville,11/30/2021 10:48:00 AM,2,0,0,36.118770,-86.775840,GALE LN,,,,160.00,Feet,North,GALE PARK LN,,,,0.00,N,Not at Intersection,N,Non-Junction,None,,,         ,Earl,Davis,Clear,Front to Rear,no,no,no,no,no,False
103155776,METROPOLITAN NASHVILLE POLICE DEPT,20210611095,Davidson,Nashville,11/29/2021 8:05:00 AM,2,0,0,36.161650,-86.795140,14TH AVN,,,,62.00,Feet,South,PEARL ST,,,,0.00,N,Not at Intersection,N,Non-Junction,None,,,         ,Pamela,Caulder,Clear,Rear to Rear,no,no,no,no,yes,False
103155777,METROPOLITAN NASHVILLE POLICE DEPT,20210611291,Davidson,Goodlettsville,11/30/2021 10:51:00 AM,2,0,0,36.296910,-86.699160,MYATT DR,,,,0.00,,,GALLATIN PKEN,,,,0.00,Y,Four-Way,N,Intersection,None,,,         ,Christopher,Littles,Clear,Front to Rear,no,no,no,no,yes,False
103155778,METROPOLITAN NASHVILLE POLICE DEPT,20210611328,Davidson,Not in City Limit,11/30/2021 11:49:00 AM,1,1,0,36.261070,-86.705350,4TH AV,,,,250.00,Feet,South,MAPLE ST,,,,0.00,N,Not at Intersection,N,Non-Junction,None,,,         ,Christopher,Littles,Clear,Not Collision with Motor Vehicle in Transport,yes,no,no,no,yes,False
103155868,METROPOLITAN NASHVILLE POLICE DEPT,20210611461,Davidson,Nashville,11/30/2021 1:30:00 PM,2,0,0,36.243460,-86.722900,GALLATIN PKES,,,,406.00,Feet,South,LAKEWOOD DR,,,,0.00,N,Not at Intersection, ,Non-Junction,None,,,         ,Brian,Otto,Clear,Angle,no,no,no,no,no,False
103155876,METROPOLITAN NASHVILLE POLICE DEPT,20210611385,Davidson,Nashville,11/30/2021 12:35:00 PM,2,0,0,36.103730,-86.815680,HILLSBORO PKE,,,,183.00,Feet,North,WARFIELD DR,,,,0.00,N,Not at Intersection, ,Non-Junction,None,,,         ,Douglas,Atwood,Clear,Angle,no,no,no,no,no,False
103155885,METROPOLITAN NASHVILLE POLICE DEPT,20210611337,Davidson,Nashville,11/30/2021 11:35:00 AM,2,0,0,36.177860,-86.800980,I 65,,,,0.00,,,,,,,86.00,N,Not at Intersection, ,Non-Junction,None,,,         ,Michael,Richardson,Clear,"Sideswipe, Same Direction",no,no,no,no,yes,False
103155890,METROPOLITAN NASHVILLE POLICE DEPT,20210611304,Davidson,Nashville,11/30/2021 10:59:00 AM,2,0,0,36.106230,-86.718550,I 24,,,,0.00,,,,,,,54.00,N,Not at Intersection,N,Non-Junction,None,,,         ,Steven,Williams,Clear,Angle,no,no,no,no,yes,False
103155891,METROPOLITAN NASHVILLE POLICE DEPT,20210611258,Davidson,Nashville,11/30/2021 10:59:00 AM,2,0,0,36.101460,-86.712650,I 24,,,,0.00,,,,,,,54.45,N,Not at Intersection, ,,None,,,         ,Steven,Williams,,,no,no,no,no,no,False
103155899,METROPOLITAN NASHVILLE POLICE DEPT,20210611181,Davidson,Nashville,11/30/2021 9:30:00 AM,2,0,0,36.147030,-86.693580,BRILEY PKWYN,,,,271.00,Feet,North,BRILEY PKWY S EXT RAMP,,,,0.00,N,Not at Intersection,N,Non-Junction,None,,,         ,Kyle,Kinsman,Clear,Angle,no,no,no,no,no,False
103155977,METROPOLITAN NASHVILLE POLICE DEPT,20210611200,Davidson,Nashville,11/30/2021 9:40:00 AM,2,0,0,36.067070,-86.689640,APACHE TRL,,,,161.00,Feet,West,HICKORY LAKE APTS PVTDR,,,,0.00,N,Not at Intersection,N,Non-Junction,None,,,         ,Kevin,Steiner,Clear,Angle,no,no,no,yes,yes,False
103155992,METROPOLITAN NASHVILLE POLICE DEPT,20210611308,Davidson,Nashville,11/30/2021 11:30:00 AM,2,1,0,36.080740,-86.696650,I 24,,,,0.00,,,,,,,56.15,N,Not at Intersection,N,Non-Junction,None,,,         ,Todd,Watson,Clear,Front to Rear,no,no,no,no,no,False
103156031,METROPOLITAN NASHVILLE POLICE DEPT,20210611573,Davidson,Nashville,11/30/2021 2:22:00 PM,2,0,0,36.114210,-86.810840,HILLSBORO PKE,,,,94.00,Feet,North,WOODMONT BLVD,,,,0.00,N,Not at Intersection, ,,None,,,         ,Steven,Powers,,,no,no,no,no,no,False
103156040,METROPOLITAN NASHVILLE POLICE DEPT,20210610971,Davidson,Nashville,11/30/2021 7:20:00 AM,1,0,0,36.224060,-86.746340,ELLINGTON PKWYS,,,,582.00,Feet,South,ELLINGTON PKWYN,,,,0.00,N,Not at Intersection,N,Non-Junction,None,,,         ,Nicholas,Cochran,Clear,Not Collision with Motor Vehicle in Transport,no,no,no,no,no,False
103156041,METROPOLITAN NASHVILLE POLICE DEPT,20210611101,Davidson,Nashville,11/30/2021 8:37:00 AM,3,2,0,36.177500,-86.764650,ELLINGTON PKWYS,,,,311.00,Feet,South,ELLINGTON PKWYN,,,,0.00,N,Not at Intersection,N,Non-Junction,None,,,         ,Nicholas,Cochran,Clear,Front to Rear,no,no,no,no,no,False
103156045,METROPOLITAN NASHVILLE POLICE DEPT,20210611632,Davidson,Nashville,11/30/2021 2:07:00 PM,2,0,0,36.249580,-86.686580,NEELYS BEND RD,,,,0.00,,,LARKIN SPRINGS RD,,,,0.00,Y,Four-Way,Y,Intersection,None,,,         ,Derek,Sibley,Clear,Angle,no,no,no,no,yes,False
103156049,METROPOLITAN NASHVILLE POLICE DEPT,20210611682,Davidson,Nashville,11/30/2021 3:53:00 PM,2,0,0,36.154480,-86.739580,OMOHUNDRO PL,,,,3.00,Feet,North,LEBANON PKE,,,,0.00,N,Not at Intersection, ,Non-Junction,None,,,         ,Evan,Grace,Clear,Front to Rear,no,no,no,no,no,False
103156053,METROPOLITAN NASHVILLE POLICE DEPT,20210611643,Davidson,Nashville,11/30/2021 3:20:00 PM,2,0,0,36.107680,-86.794010,GRANNY WHITE PKE,,,,0.00,,,GRANDVIEW DR,,,,0.00,Y,Four-Way, ,Intersection,None,,,         ,Steven,Powers,Clear,"Sideswipe, Opposite Direction",no,no,no,no,no,False
103156057,METROPOLITAN NASHVILLE POLICE DEPT,20210611653,Davidson,Not in City Limit,11/30/2021 1:40:00 PM,1,1,0,36.307290,-86.684840,NORTHSIDE MARKETPLACE PVTDR,,,,516.00,Feet,West,GALLATIN PKEN,,,,0.00,N,Not at Intersection,N,Non-Junction,None,,,         ,Michael,Reid,Clear,Not Collision with Motor Vehicle in Transport,yes,no,no,yes,yes,False
103156064,METROPOLITAN NASHVILLE POLICE DEPT,20210611607,Davidson,Nashville,11/30/2021 3:10:00 PM,2,1,0,36.143270,-86.704020,I 40,,,,0.00,,,,,,,214.50,N,Not at Intersection,N,Non-Junction,None,,,         ,Theodore,Flick,,Front to Rear,no,no,no,no,no,False
103156073,METROPOLITAN NASHVILLE POLICE DEPT,20210611690,Davidson,Nashville,11/30/2021 3:57:00 PM,2,0,0,36.243890,-86.756580,SKYLINE MEMORIAL CT,,,,0.00,,,DICKERSON PKE,,,,0.00,Y,Four-Way,N,Intersection,None,,,         ,Paul,Hughes II,Clear,"Sideswipe, Same Direction",no,no,no,no,yes,False
103156083,METROPOLITAN NASHVILLE POLICE DEPT,20210611593,Davidson,Nashville,11/30/2021 3:04:00 PM,2,0,0,36.153090,-86.764770,I 40,,,,0.00,,,,,,,210.70,N,Not at Intersection,N,Non-Junction,None,,,         ,Trevor,Taylor,Clear,Front to Rear,no,no,no,no,no,False
103156084,METROPOLITAN NASHVILLE POLICE DEPT,20210611538,Davidson,Nashville,11/30/2021 2:30:00 PM,2,1,0,36.051010,-86.816240,RICHLAND WOODS LN,,,,0.00,,,GRANNY WHITE PKE,,,,0.00,Y,T-Intersection,N,Intersection,None,,,         ,Tyler,Shanks,Clear,Angle,no,no,no,no,no,False
103156088,METROPOLITAN NASHVILLE POLICE DEPT,20210611646,Davidson,Nashville,11/30/2021 3:25:00 PM,2,0,0,36.236530,-86.758010,I65 N ENT RAMP,,,,0.00,Feet,,I 65,,,,0.00,Y,OTHER,N,Intersection-Related,None,,,         ,Flynn,Ireland,Clear,Angle,no,no,no,no,no,False
103156111,METROPOLITAN NASHVILLE POLICE DEPT,20210611616,Davidson,Nashville,11/30/2021 3:01:00 PM,2,0,0,36.045370,-86.713260,OLD HICKORY BLVD,,,,0.00,,,NOLENSVILLE PKE,,,,0.00,Y,Four-Way,N,Intersection,None,,,         ,Beri,Scott,Clear,Angle,no,no,no,no,no,False
103156120,METROPOLITAN NASHVILLE POLICE DEPT,20210611840,Davidson,Nashville,11/30/2021 5:27:00 PM,2,0,0,36.170560,-86.683910,THE CROSSINGS PVTDR,,,,0.00,Feet,East,REVERE PL,,,,0.00,N,Not at Intersection,N,Non-Junction,None,,,         ,Evan,Grace,Clear,Angle,no,no,no,yes,yes,False