master_record_number,agency,agency_tracking_number,county,city,collision_date,vehicles_involved,number_injured,number_dead,latitude,longitude,roadway_name,roadway_suffix,roadway_number,roadway_local_id,distance_from_reference,miles-feet_indicator,direction_from_reference,intersection_road_name,intersection_road_name_suffix,intersection_road_number,intersection_local_id,mile_marker,intersection_indicator,intersect_type,interchange_related_indicator,relation_to_junction,work_zone_type,construction_maintenance_zone,construction_maintenance_zone_location,fatal_case_number,officer_first_name,officer_last_name,weather_condition(s),manner_of_crash,pedestrian,bicycle,scooter,parking,hitrun,mou
103156981,METROPOLITAN NASHVILLE POLICE DEPT,20210613782,Davidson,Nashville,12/1/2021 5:35:00 PM,2,0,0,36.154030,-86.787570,I40 W EXT RAMP,,,,0.00,,,I 40,,,,0.00,Y,Four-Way,N,Intersection,None,,,         ,Michael,Moss,"Cloudy, Rain",Angle,no,no,no,no,no,False
103156984,METROPOLITAN NASHVILLE POLICE DEPT,20210613857,Davidson,Nashville,12/1/2021 4:47:00 PM,2,0,0,36.104210,-86.668350,MURFREESBORO PKE,,,,11.00,Feet,East,OLD MURFREESBORO PKE,,,,0.00,N,Not at Intersection,N,Non-Junction,None,,,         ,Austin,Binner,Rain,"Sideswipe, Same Direction",no,no,no,no,yes,False
103156985,METROPOLITAN NASHVILLE POLICE DEPT,20210613797,Davidson,Nashville,12/1/2021 4:54:00 PM,2,0,0,36.142490,-86.680810,I 40,,,,0.00,,,,,,,215.80,N,Not at Intersection,N,Non-Junction,None,,,         ,Evan,Grace,Cloudy,Front to Rear,no,no,no,no,yes,False
103156986,METROPOLITAN NASHVILLE POLICE DEPT,20210613874,Davidson,Nashville,12/1/2021 6:20:00 PM,2,1,0,36.115670,-86.780780,I65 ENT RAMP,,,,0.00,Feet,East,I 440,,,,0.00,N,Not at Intersection,N,Non-Junction,None,,,         ,Goran,Manojlovic,Rain,Front to Rear,no,no,no,no,no,False
103157000,METROPOLITAN NASHVILLE POLICE DEPT,20210613711,Davidson,Nashville,12/1/2021 4:45:00 PM,2,1,0,36.173800,-86.762820,MAIN ST,,,,0.00,,,N 6TH ST,,,,0.00,Y,T-Intersection,N,Intersection,None,,,         ,Zachary,Aldrich,Rain,Not Collision with Motor Vehicle in Transport,no,no,no,no,no,False
103157005,METROPOLITAN NASHVILLE POLICE DEPT,20210613886,Davidson,Nashville,12/1/2021 7:09:00 PM,2,1,0,36.047410,-86.639590,BABY RUTH LN,,,,497.00,Feet,East,WILD OAKS CT,,,,0.00,N,Not at Intersection,N,Non-Junction,None,,,         ,Beri,Scott,Cloudy,Angle,no,no,no,no,no,False
103157013,METROPOLITAN NASHVILLE POLICE DEPT,20210613770,Davidson,Nashville,12/1/2021 5:33:00 PM,2,1,0,36.115750,-86.923150,OLD HICKORY BLVD,,,,351.00,Feet,South,CHARLOTTE PKE,,,,0.00,N,Not at Intersection,N,Non-Junction,None,,,         ,Jeremy,Huffine,Rain,Angle,no,no,no,no,no,False
103157020,METROPOLITAN NASHVILLE POLICE DEPT,20210613845,Davidson,Nashville,12/1/2021 5:00:00 PM,2,0,0,36.135810,-86.725050,MURFREESBORO PKE,,,,3.00,Feet,West,SPENCE LN,,,,0.00,N,Not at Intersection, ,Non-Junction,None,,,         ,Timothy,Ward,Cloudy,Front to Rear,no,no,no,no,no,False
103157021,METROPOLITAN NASHVILLE POLICE DEPT,20210613901,Davidson,Nashville,12/1/2021 7:20:00 PM,2,3,0,36.171070,-86.749440,SHELBY AV,,,,0.00,,,S 12TH ST,,,,0.00,Y,T-Intersection,Y,Intersection,None,,,         ,Kelsey,Hemminger,Clear,Angle,no,no,no,no,no,False
103157022,METROPOLITAN NASHVILLE POLICE DEPT,20210613598,Davidson,Nashville,12/1/2021 3:33:00 PM,3,0,0,36.046670,-86.713420,NOLENSVILLE PKE,,,,476.00,Feet,North,OLD HICKORY BLVD,,,,0.00,N,Not at Intersection,N,Non-Junction,None,,,         ,Gregory,Rdzok,Clear,Angle,no,no,no,no,yes,False
103157025,METROPOLITAN NASHVILLE POLICE DEPT,20210613785,Davidson,Nashville,12/1/2021 5:38:00 PM,2,0,0,36.154070,-86.787480,DEMONBREUN ST,,,,0.00,,,I40 W EXT RAMP,,,,0.00,Y,Four-Way,N,Non-Junction,None,,,         ,James,Hill,Rain,Front to Rear,no,no,no,no,no,False
103157027,METROPOLITAN NASHVILLE POLICE DEPT,20210613729,Davidson,Nashville,12/1/2021 4:50:00 PM,2,2,0,36.134020,-86.722560,MURFREESBORO PKE,,,,0.00,Feet,,PLUS PARK BLVD,,,,0.00,Y,T-Intersection,N,Intersection,None,,,         ,Theodore,Flick,Rain,Angle,no,no,no,no,no,False
103157028,METROPOLITAN NASHVILLE POLICE DEPT,20210613883,Davidson,Nashville,12/1/2021 6:11:00 PM,2,0,0,36.165320,-86.818120,I 40,,,,0.00,,,,,,,206.55,N,Not at Intersection,N,Non-Junction,None,,,         ,Lucas,Thomas,"Cloudy, Rain",Angle,no,no,no,no,no,False
103157048,METROPOLITAN NASHVILLE POLICE DEPT,20210613932,Davidson,Nashville,12/1/2021 6:20:00 PM,2,0,0,36.076970,-86.725860,EDMONDSON PKE,,,,98.00,Feet,West,WALLACE RD,,,,0.00,N,Not at Intersection,N,Non-Junction,None,,,         ,Cory,Stratton,Cloudy,Other,no,no,no,no,yes,False
103157049,METROPOLITAN NASHVILLE POLICE DEPT,20210613914,Davidson,Nashville,12/1/2021 5:40:00 PM,1,1,0,36.152750,-86.779270,US HWY 31,,,,0.00,,,DREXEL ST,,,,0.00,Y,T-Intersection,N,Intersection,None,,,         ,Jonathan,Hadley,Unknown,Not Collision with Motor Vehicle in Transport,yes,no,no,no,no,False
103157052,METROPOLITAN NASHVILLE POLICE DEPT,20210613924,Davidson,Nashville,12/1/2021 6:50:00 PM,2,0,0,36.085630,-86.699950,I 24,,,,0.00,,,,,,,55.75,N,Not at Intersection,N,Non-Junction,None,,,         ,Michael,Raash,Clear,Front to Rear,no,no,no,no,no,False
103157061,METROPOLITAN NASHVILLE POLICE DEPT,20210613984,Davidson,Nashville,12/1/2021 8:03:00 PM,2,0,0,36.215120,-86.597670,LEBANON PKE,,,,0.00,,,ANDREW JACKSON PKWY,,,,0.00,Y,Four-Way, ,,None,,,         ,Zaire,Murray,,,no,no,no,no,no,False
103157085,METROPOLITAN NASHVILLE POLICE DEPT,20210613962,Davidson,Nashville,12/1/2021 7:56:00 PM,2,1,0,36.206360,-86.768440,DICKERSON PKE,,,,175.00,Feet,South,OLD TRINITY LN,,,,0.00,N,Not at Intersection,N,Non-Junction,None,,,         ,Cooper,HIll,Clear,Angle,no,no,no,no,no,False
103157122,METROPOLITAN NASHVILLE POLICE DEPT,20210613907,Davidson,Nashville,12/1/2021 7:15:00 PM,4,1,0,36.125860,-86.752590,GLENROSE AV,,,,0.00,Feet,,NOLENSVILLE PKE,,,,0.00,Y,T-Intersection,Y,Intersection-Related,None,,,         ,Timothy,Ward,Clear,Angle,no,no,no,no,no,False
103157131,METROPOLITAN NASHVILLE POLICE DEPT,20210614019,Davidson,Nashville,12/1/2021 6:23:00 PM,2,0,0,36.065740,-86.685560,I 24,,,,0.00,,,,,,,57.35,N,Not at Intersection,N,Non-Junction,None,,,         ,Beri,Scott,Cloudy,Front to Rear,no,no,no,no,no,False
103157141,METROPOLITAN NASHVILLE POLICE DEPT,20210613919,Davidson,Nashville,12/1/2021 7:30:00 PM,3,0,0,36.149900,-86.625450,BELL RD,,,,859.00,Feet,South,TRAILS CIR,,,,0.00,N,Not at Intersection,N,Non-Junction,None,,,         ,Rami,Rouhi,Rain,Front to Rear,no,no,no,no,yes,False
103157144,METROPOLITAN NASHVILLE POLICE DEPT,20210614002,Davidson,Nashville,12/1/2021 7:50:00 PM,2,0,0,36.092990,-86.632440,SMITH SPRINGS RD,,,,160.00,Feet,East,OLD SMITH SPRINGS RD,,,,0.00,N,Not at Intersection,N,Non-Junction,None,,,         ,Jeffrey,Palomino-Gonzalez,Rain,Angle,no,no,no,no,yes,False
103157153,METROPOLITAN NASHVILLE POLICE DEPT,20210614063,Davidson,Nashville,12/1/2021 9:06:00 PM,1,0,0,36.089570,-86.642690,LONGHUNTER CT,,,,3.00,Feet,North,NASHBORO BLVD,,,,0.00,N,Not at Intersection,N,Non-Junction,None,,,         ,Jeffrey,Palomino-Gonzalez,,Not Collision with Motor Vehicle in Transport,no,no,no,no,no,False
103157154,METROPOLITAN NASHVILLE POLICE DEPT,20210614104,Davidson,Not in City Limit,12/1/2021 9:45:00 PM,1,0,0,36.259760,-86.886670,EATONS CREEK RD,,,,1635.00,Feet,East,OLD HICKORY BLVD,,,,0.00,N,Not at Intersection,N,Non-Junction,None,,,         ,Michael,Intrieri,Clear,Not Collision with Motor Vehicle in Transport,no,no,no,no,no,False
103157157,METROPOLITAN NASHVILLE POLICE DEPT,20210613541,Davidson,Nashville,12/1/2021 4:00:00 PM,1,0,0,36.167250,-86.791350,10TH AVN,,,,0.00,Feet,,HARRISON ST,,,,0.00,Y,Four-Way, ,Intersection-Related,None,,,         ,Ricardo,Cruz,Clear,Not Collision with Motor Vehicle in Transport,no,no,no,no,no,False
103157160,GOODLETTSVILLE POLICE DEPT,21-33568,Davidson,Goodlettsville,12/1/2021 7:15:00 PM,2,1,0,36.338450,-86.717720,N MAIN ST,,,,0.00,,,OLD SPRINGFIELD PKE,,,,0.00,Y,T-Intersection,N,Intersection-Related,None,,,         ,Shane,Farrell,Clear,Front to Rear,no,no,no,no,no,False
103157165,METROPOLITAN NASHVILLE POLICE DEPT,20210614173,Davidson,Not in City Limit,12/1/2021 9:33:00 PM,2,0,0,36.022160,-86.656490,BLAIRFIELD DR,,,,0.00,Feet,East,KANLOW DR,,,,0.00,N,Not at Intersection,N,Non-Junction,None,,,         ,Eric,Laury,Clear,Angle,no,no,no,no,yes,False
103157176,METROPOLITAN NASHVILLE POLICE DEPT,20210614222,Davidson,Nashville,12/1/2021 10:20:00 PM,1,0,0,36.069450,-86.698860,EAST RIDGE DR,,,,210.00,Feet,South,HAYWOOD LN,,,,0.00,N,Not at Intersection,N,Non-Junction,None,,,         ,Garrett,Reingardt,Clear,Not Collision with Motor Vehicle in Transport,no,no,no,no,yes,False
103157178,METROPOLITAN NASHVILLE POLICE DEPT,20210614175,Davidson,Antioch,12/1/2021 9:30:00 PM,2,0,0,36.070130,-86.634260,MURFREESBORO PKE,,,,851.00,Feet,South,BELL RD,,,,0.00,N,Not at Intersection,N,Non-Junction,None,,,         ,Zachariah,Souza,Clear,"Sideswipe, Same Direction",no,no,no,no,yes,False
103157187,METROPOLITAN NASHVILLE POLICE DEPT,20210614258,Davidson,Nashville,12/1/2021 6:55:00 PM,2,0,0,36.098200,-86.656190,OLD MURFREESBORO PKE,,,,642.00,Feet,North,MURFREESBORO PKE,,,,0.00,N,Not at Intersection,N,Non-Junction,None,,,         ,Scott,Edwards,,"Sideswipe, Same Direction",no,no,no,no,yes,False
103157189,METROPOLITAN NASHVILLE POLICE DEPT,20210614259,Davidson,Not in City Limit,12/1/2021 11:30:00 PM,2,0,0,36.263070,-86.711920,STATE RT 45,,,,0.00,,,GALLATIN PKEN,,,,0.00,Y,Four-Way, ,,None,,,         ,Miles,Posey,,,no,no,no,no,no,False
103157193,METROPOLITAN NASHVILLE POLICE DEPT,20210614325,Davidson,Nashville,12/2/2021 12:45:00 AM,1,1,0,36.189100,-86.773110,DICKERSON PKE,,,,99.00,Feet,North,WHITES CREEK PKE,,,,0.00,N,Not at Intersection,N,Non-Junction,None,,,         ,Jarrett,Ipox,Clear,Not Collision with Motor Vehicle in Transport,no,no,no,no,no,False
103157195,METROPOLITAN NASHVILLE POLICE DEPT,20210614317,Davidson,Nashville,12/2/2021 12:38:00 AM,2,1,0,36.199930,-86.825350,BUENA VISTA PKE,,,,348.00,Feet,East,MATTIE ST,,,,0.00,N,Not at Intersection,N,Non-Junction,None,,,         ,Brian,DeMarce,Clear,Angle,no,no,no,no,no,False
103157202,METROPOLITAN NASHVILLE POLICE DEPT,2021-0609471,Davidson,Nashville,11/29/2021 12:00:00 AM,2,0,0,36.184820,-86.625390,CENTRAL PKE,,,,0.00,Feet,East,HERMITAGE INDUSTRIAL DR,,,,0.00,N,Not at Intersection,N,Non-Junction,None,,,         ,Frank,Walker,Clear,Not Collision with Motor Vehicle in Transport,no,no,no,no,no,False
103157231,METROPOLITAN NASHVILLE POLICE DEPT,20210614500,Davidson,Nashville,12/2/2021 12:00:00 AM,1,0,0,36.099450,-86.660690,MURFREESBORO PKE,,,,493.00,Feet,West,HARDING PL,,,,0.00,N,Not at Intersection,N,Non-Junction,None,,,         ,Samuel,Fredericks,Clear,Not Collision with Motor Vehicle in Transport,no,no,no,no,yes,False
103157232,METROPOLITAN NASHVILLE POLICE DEPT,20210614489,Davidson,Antioch,12/2/2021 1:00:00 AM,2,0,0,36.034590,-86.619750,PRESERVE BLVD,,,,110.00,Feet,South,SPRUCEDALE DR,,,,0.00,N,Not at Intersection, ,Non-Junction,None,,,         ,Eric,Laury,Clear,Front to Rear,no,no,no,no,no,False
103157239,METROPOLITAN NASHVILLE POLICE DEPT,20210614495,Davidson,Nashville,12/2/2021 3:50:00 AM,2,0,0,36.148710,-86.746290,I40 E EXT RAMP,,,,0.00,Feet,East,I 40,,,,0.00,N,Not at Intersection,N,Non-Junction,None,,,         ,Bryson,Wilkins,Clear,"Sideswipe, Same Direction",no,no,no,no,no,False
103157258,METROPOLITAN NASHVILLE POLICE DEPT,20210614568,Davidson,Nashville,12/2/2021 4:49:00 AM,1,0,0,36.160410,-86.644280,STEWARTS FERRY PKE,,,,119.00,Feet,East,CLOVER BOTTOM PVTDR,,,,0.00,N,Not at Intersection, ,Non-Junction,None,,,         ,Torry,Hill,,Not Collision with Motor Vehicle in Transport,no,no,no,no,no,False
103157306,VANDERBILT UNIVERSITY POLICE,20210612568,Davidson,Nashville,12/1/2021 2:50:00 AM,2,0,0,36.107950,-86.762230,POWELL AV,,,,0.00,,,,,,,0.00,,Not at Intersection,N,Non-Junction,None,,,         ,DeAngelo,Wilson,Clear,Front to Rear,no,no,no,yes,no,OHO
103157327,METROPOLITAN NASHVILLE POLICE DEPT,20210613415,Davidson,Nashville,12/1/2021 1:55:00 PM,2,1,0,36.158060,-86.799970,CHARLOTTE AV,,,,0.00,,,DR D B TODD JR BLVD,,,,0.00,Y,Y-Intersection,Y,Intersection,None,,,         ,Phillip,Lovell,Clear,Angle,no,no,no,no,yes,False
103157343,METROPOLITAN NASHVILLE POLICE DEPT,20210614697,Davidson,Nashville,12/2/2021 7:40:00 AM,2,0,0,36.165100,-86.853860,CENTENNIAL BLVD,,,,135.00,Feet,East,54TH AVN,,,,0.00,N,Not at Intersection, ,Non-Junction,None,,,         ,Devonte,Coleman,Clear,"Sideswipe, Same Direction",no,no,no,no,no,False
103157345,METROPOLITAN NASHVILLE POLICE DEPT,20210614759,Davidson,Nashville,12/2/2021 8:26:00 AM,1,0,0,36.050040,-86.775170,I 65,,,,0.00,,,,,,,75.55,N,Not at Intersection,N,Non-Junction,None,,,         ,Earl,Davis,Clear,Not Collision with Motor Vehicle in Transport,no,no,no,no,no,False
103157346,METROPOLITAN NASHVILLE POLICE DEPT,20210614613,Davidson,Nashville,12/2/2021 5:58:00 AM,2,0,0,36.283080,-86.730810,I 65,,,,0.00,,,,,,,93.60,N,Not at Intersection, ,Non-Junction,None,,,         ,Christopher,Littles,Clear,Front to Rear,no,no,no,no,no,False
103157367,METROPOLITAN NASHVILLE POLICE DEPT,20210614711,Davidson,Goodlettsville,12/2/2021 12:00:00 AM,2,1,0,36.322800,-86.704350,I 65,,,,0.00,,,,,,,96.90,N,Not at Intersection,N,Non-Junction,None,,,         ,Bianca,Crawford,Clear,Front to Rear,no,no,no,no,no,False
103157369,METROPOLITAN NASHVILLE POLICE DEPT,20210614670,Davidson,Nashville,12/2/2021 7:00:00 AM,2,0,0,36.130420,-86.899440,CHARLOTTE PKE,,,,0.00,,,I40 W ENT RAMP,,,,0.00,Y,OTHER, ,,None,,,         ,Corey,Stromatt,,,no,no,no,no,no,False
103157370,METROPOLITAN NASHVILLE POLICE DEPT,20210614758,Davidson,Nashville,12/1/2021 2:00:00 PM,2,0,0,36.108130,-86.766540,POWELL AV,,,,0.00,,,,,,,0.00,,,N,Non-Junction,None,,,         ,Kaitlyn,Qualls,Clear,Front to Rear,no,no,no,yes,yes,False
103157394,METROPOLITAN NASHVILLE POLICE DEPT,20210614679,Davidson,Nashville,12/2/2021 7:28:00 AM,3,0,0,36.116980,-86.698420,MURFREESBORO PKE,,,,286.00,Feet,East,MCGAVOCK PKE,,,,0.00,N,Not at Intersection,N,Non-Junction,None,,,         ,Terry,Denton,Clear,Front to Rear,no,no,no,no,yes,False
103157404,GOODLETTSVILLE POLICE DEPT,21-33634,Davidson,Goodlettsville,12/2/2021 8:49:00 AM,2,0,0,36.334910,-86.717190,N MAIN ST,,,,254.00,Feet,North,FANNIN DR,,,,0.00,N,Not at Intersection, ,Non-Junction,None,,,         ,Benny,Alexander,Clear,Front to Rear,no,no,no,no,no,False
103157412,METROPOLITAN NASHVILLE POLICE DEPT,20210614736,Davidson,Nashville,12/2/2021 8:14:00 AM,1,0,0,36.054980,-86.667490,HICKORY HOLLOW PKWY,,,,1439.00,Feet,East,MT VIEW RD,,,,0.00,N,Not at Intersection,N,Non-Junction,None,,,         ,Darrin,Hardin,Clear,Not Collision with Motor Vehicle in Transport,no,no,no,no,no,False
103157419,METROPOLITAN NASHVILLE POLICE DEPT,20210613283,Davidson,Nashville,12/1/2021 12:36:00 PM,2,0,0,36.159810,-86.772860,1ST AVS,,,,174.00,Feet,South,DEMONBREUN ST,,,,0.00,N,Not at Intersection, ,Non-Junction,None,,,         ,Wesley,Young,Clear,Angle,no,no,no,no,no,False
103157427,METROPOLITAN NASHVILLE POLICE DEPT,20210614803,Davidson,Nashville,12/2/2021 9:04:00 AM,3,2,0,36.045730,-86.855430,OLD HICKORY BLVD,,,,0.00,,,WILDWOOD VALLEY DR,,,,0.00,Y,T-Intersection,N,Intersection,None,,,         ,Earl,Davis,Clear,Front to Rear,no,no,no,no,no,False
103157443,METROPOLITAN NASHVILLE POLICE DEPT,20210614794,Davidson,Nashville,12/2/2021 8:54:00 AM,3,1,0,36.030670,-86.638490,I 24,,,,0.00,,,,,,,61.00,N,Not at Intersection,N,Non-Junction,None,,,         ,Darrin,Hardin,Clear,Front to Rear,no,no,no,no,no,False
103157465,THP District 9 - Administrative,321079541,Davidson,Nashville,11/29/2021 2:28:00 PM,2,0,0,36.170400,-86.768450,INTERSTATE DR,,,,0.00,Feet,,WOODLAND ST,,,,0.00,Y,Four-Way,N,Intersection,None,,,         ,Brian,Carmouche,Clear,Angle,no,no,no,no,no,False
103157498,METROPOLITAN NASHVILLE POLICE DEPT,20210614907,Davidson,Nashville,12/2/2021 8:43:00 AM,2,0,0,36.131450,-86.920680,RIVER RD,,,,1684.00,Feet,East,GOWER RD,,,,0.00,N,Not at Intersection,Y,"Driveway, Alley Access, etc",None,,,         ,Jack,Crouch,Clear,Front to Rear,no,no,no,no,no,False
103157509,METROPOLITAN NASHVILLE POLICE DEPT,20210615024,Davidson,Nashville,12/2/2021 11:08:00 AM,2,0,0,36.155090,-86.808010,LESLIE AV,,,,311.00,Feet,East,23RD AVN,,,,0.00,N,Not at Intersection,N,Non-Junction,None,,,         ,Cecelia,Brown,Clear,Angle,no,no,no,no,yes,False
103157524,METROPOLITAN NASHVILLE POLICE DEPT,20210614691,Davidson,Nashville,12/2/2021 7:41:00 AM,2,0,0,36.065980,-86.686120,I 24,,,,0.00,,,,,,,57.30,N,Not at Intersection,Y,Entrance/Exit Ramp Related,None,,,         ,Tyler,Heckaman,Clear,"Sideswipe, Same Direction",no,no,no,no,no,False
103157537,METROPOLITAN NASHVILLE POLICE DEPT,20210614865,Davidson,Nashville,12/2/2021 9:40:00 AM,4,0,0,36.141290,-86.716780,I 40,,,,0.00,,,,,,,213.20,N,Not at Intersection, ,Non-Junction,None,,,         ,Eric,Cunningham,Clear,Front to Rear,no,no,no,no,yes,False
103157546,METROPOLITAN NASHVILLE POLICE DEPT,20210615045,Davidson,Nashville,12/2/2021 8:09:00 AM,2,0,0,36.063430,-86.701460,PACKARD DR,,,,0.00,,,CREEKSIDE DR,,,,0.00,Y,Four-Way, ,Intersection,None,,,         ,Eric,Burford,Clear,Angle,no,no,no,no,no,False
103157568,METROPOLITAN NASHVILLE POLICE DEPT,20210614996,Davidson,Nashville,12/2/2021 11:05:00 AM,2,0,0,36.186930,-86.819790,CLARKSVILLE PKE,,,,363.00,Feet,West,26TH AVN,,,,0.00,N,Not at Intersection,N,Non-Junction,None,,,         ,Eric,Schaefer,Clear,Angle,no,no,no,no,yes,False
103157578,METROPOLITAN NASHVILLE POLICE DEPT,20210615068,Davidson,Nashville,12/2/2021 12:00:00 PM,2,0,0,36.172840,-86.765340,S 5TH ST,,,,0.00,,,SPRING ST,,,,0.00,Y,Four-Way,N,Intersection,None,,,         ,Brandon,Evans,Clear,Angle,no,no,no,no,no,False
103157581,METROPOLITAN NASHVILLE POLICE DEPT,20210615007,Davidson,Nashville,12/2/2021 11:06:00 AM,2,0,0,36.143660,-86.722560,SPENCE LN,,,,107.00,Feet,South,ELM HILL PKE,,,,0.00,N,Not at Intersection,N,Non-Junction,None,,,         ,Eric,Cunningham,Clear,"Sideswipe, Same Direction",no,no,no,yes,yes,False
103157642,METROPOLITAN NASHVILLE POLICE DEPT,20210615062,Davidson,Nashville,12/2/2021 12:00:00 AM,2,0,0,36.183140,-86.748660,GALLATIN AV,,,,82.00,Feet,South,W EASTLAND AV,,,,0.00,N,Not at Intersection, ,,None,,,         ,Matthew,Herod,,,no,no,no,no,no,False
103157648,METROPOLITAN NASHVILLE POLICE DEPT,2021-0614652,Davidson,Nashville,12/2/2021 7:00:00 AM,2,2,0,36.067080,-86.690880,APACHE TRL,,,,45.00,Feet,East,HICKORY LAKE APTS PVTDR,,,,0.00,N,Not at Intersection,N,Non-Junction,None,,,         ,Hunter,Levan,Clear,Angle,no,no,no,no,no,False
103157650,METROPOLITAN NASHVILLE POLICE DEPT,20210615005,Davidson,Nashville,12/2/2021 11:19:00 AM,2,1,0,36.116264,-86.798623,,,I440,,0.10,Miles,East,,,,,3.20,N,Not at Intersection,N,Non-Junction,None,,,         ,Earl,Davis,Clear,"Sideswipe, Same Direction",no,no,no,no,no,False
103157651,METROPOLITAN NASHVILLE POLICE DEPT,20210615170,Davidson,Nashville,12/2/2021 1:05:00 PM,3,1,0,36.117760,-86.748680,NOLENSVILLE PKE,,,,0.00,,,LUTIE ST,,,,0.00,Y,T-Intersection,N,Intersection,None,,,         ,Eric,Burford,Clear,Angle,no,no,no,no,yes,False
103157653,METROPOLITAN NASHVILLE POLICE DEPT,20210614836,Davidson,Nashville,12/2/2021 9:10:00 AM,3,0,0,36.078780,-86.745680,HARDING PL,,,,147.00,Feet,West,DANBY DR,,,,0.00,N,Not at Intersection,N,Non-Junction,None,,,         ,Kaitlyn,Qualls,Clear,"Sideswipe, Same Direction",no,no,no,no,no,False
103157680,METROPOLITAN NASHVILLE POLICE DEPT,20210615188,Davidson,Nashville,12/2/2021 11:17:00 AM,2,0,0,36.129020,-86.695300,BRILEY PKWY,,,,81.00,Feet,South,BRILEY PKWYS,,,,0.00,N,Not at Intersection, ,Non-Junction,Construction Zone,,,         ,Terry,Denton,Clear,Angle,no,no,no,no,no,False
103157682,METROPOLITAN NASHVILLE POLICE DEPT,20210615202,Davidson,Nashville,12/2/2021 12:40:00 PM,2,1,0,36.189090,-86.746040,GALLATIN AV,,,,64.00,Feet,South,SHARPE AV,,,,0.00,N,Not at Intersection,N,Non-Junction,None,,,         ,Jarret,Sonnenberg,Clear,"Sideswipe, Opposite Direction",no,no,no,no,no,False
103157684,METROPOLITAN NASHVILLE POLICE DEPT,20210615168,Davidson,Nashville,12/2/2021 12:54:00 PM,2,0,0,36.159180,-86.792100,I 40,,,,0.00,,,I40 E EXT RAMP,,,,0.00,Y,OTHER,Y,Entrance/Exit Ramp Related,None,,,         ,Earl,Davis,Clear,Angle,no,no,no,no,no,False
103157688,METROPOLITAN NASHVILLE POLICE DEPT,20210614703,Davidson,Nashville,12/2/2021 6:50:00 AM,2,0,0,36.160330,-86.824060,32ND AVN,,,,66.00,Feet,South,BATAVIA ST,,,,0.00,N,Not at Intersection, ,Non-Junction,None,,,         ,Phillip,Lovell,Clear,"Sideswipe, Opposite Direction",no,no,no,no,yes,False
103157720,METROPOLITAN NASHVILLE POLICE DEPT,20210615127,Davidson,Nashville,12/2/2021 12:25:00 PM,2,1,0,36.184930,-86.773680,DICKERSON PKE,,,,189.00,Feet,North,HANCOCK ST,,,,0.00,N,Not at Intersection,Y,Non-Junction,None,,,         ,Daniel,Carney,Clear,"Sideswipe, Same Direction",no,no,no,no,no,False
103157758,THP District 3 - Nashville,321080073,Davidson,Not in City Limit,12/2/2021 7:10:00 AM,3,1,0,36.323580,-86.865360,I 24,,,,0.00,,,,,,,35.10,N,Not at Intersection,N,Non-Junction,None,,,         ,Randall retired,Cole retired,Clear,Front to Rear,no,no,no,no,no,False
103157816,METROPOLITAN NASHVILLE POLICE DEPT,20210613388,Davidson,Nashville,12/1/2021 1:37:00 PM,3,4,0,36.044540,-86.686990,BELL RD,,,,196.00,Feet,West,HARRIS HILLS LN,,,,0.00,N,Not at Intersection,N,Non-Junction,None,,,         ,Kevin,Steiner,Clear,Angle,no,no,no,no,no,False
103157823,METROPOLITAN NASHVILLE POLICE DEPT,20210615431,Davidson,Nashville,12/2/2021 3:14:00 PM,2,0,0,36.161330,-86.798660,HENRY HALE BLVD,,,,180.00,Feet,South,JO JOHNSTON AV,,,,0.00,N,Not at Intersection,N,Non-Junction,None,,,         ,Mary,Hall,Clear,Front to Rear,no,no,no,yes,yes,False
103157832,METROPOLITAN NASHVILLE POLICE DEPT,20210615366,Davidson,Nashville,12/2/2021 12:15:00 PM,2,0,0,36.101050,-86.819780,HOBBS RD,,,,0.00,,,HILLSBORO CIR,,,,0.00,Y,T-Intersection, ,Intersection-Related,None,,,         ,Kyle,Lund,Clear,"Sideswipe, Same Direction",no,no,no,no,no,False
103157833,METROPOLITAN NASHVILLE POLICE DEPT,20210615462,Davidson,Nashville,12/2/2021 4:00:00 PM,2,0,0,36.140020,-86.735880,MURFREESBORO PKE,,,,845.00,Feet,West,ARLINGTON AV,,,,0.00,N,Not at Intersection,N,Non-Junction,None,,,         ,Reagan,Heath,Clear,Front to Rear,no,no,no,no,yes,False
103157835,METROPOLITAN NASHVILLE POLICE DEPT,20210615445,Davidson,Nashville,12/2/2021 3:12:00 PM,2,0,0,36.045850,-86.690110,BENZING RD,,,,670.00,Feet,East,BROOK DR,,,,0.00,N,Not at Intersection,N,Non-Junction,None,,,         ,Beri,Scott,Clear,HeadOn,no,no,no,no,yes,False
103157836,METROPOLITAN NASHVILLE POLICE DEPT,20210615376,Davidson,Nashville,12/2/2021 3:20:00 PM,3,0,0,36.047600,-86.626570,MT VIEW RD,,,,604.00,Feet,South,SANTI LN,,,,0.00,N,Not at Intersection,N,Non-Junction,None,,,         ,Brandon,Simpkins,Clear,Front to Rear,no,no,no,no,yes,False