master_record_number,agency,agency_tracking_number,county,city,collision_date,vehicles_involved,number_injured,number_dead,latitude,longitude,roadway_name,roadway_suffix,roadway_number,roadway_local_id,distance_from_reference,miles-feet_indicator,direction_from_reference,intersection_road_name,intersection_road_name_suffix,intersection_road_number,intersection_local_id,mile_marker,intersection_indicator,intersect_type,interchange_related_indicator,relation_to_junction,work_zone_type,construction_maintenance_zone,construction_maintenance_zone_location,fatal_case_number,officer_first_name,officer_last_name,weather_condition(s),manner_of_crash,pedestrian,bicycle,scooter,parking,hitrun,mou
103158816,METROPOLITAN NASHVILLE POLICE DEPT,20210616941,Davidson,Nashville,12/3/2021 1:29:00 PM,2,0,0,36.065880,-86.738230,EDMONDSON PKE,,,,73.00,Feet,South,WHITFIELD PARK PVTDR,,,,0.00,N,Not at Intersection, ,"Driveway, Alley Access, etc",None,,,         ,Rico,Hunt,Clear,Angle,no,no,no,yes,no,False
103158841,METROPOLITAN NASHVILLE POLICE DEPT,20210616820,Davidson,Nashville,12/3/2021 10:10:00 AM,2,0,0,36.167010,-86.763730,SHELBY AV,,,,0.00,Feet,East,S 4TH ST,,,,0.00,N,Not at Intersection,N,Entrance/Exit Ramp Related,None,,,         ,Bryan,Malone,Clear,Front to Rear,no,no,no,no,no,False
103158936,METROPOLITAN NASHVILLE POLICE DEPT,20210616896,Davidson,Nashville,12/3/2021 12:29:00 PM,3,0,0,36.055530,-86.674960,I 24,,,,0.00,,,,,,,58.25,N,Not at Intersection,N,Non-Junction,None,,,         ,Tyler,Heckaman,Clear,Front to Rear,no,no,no,no,yes,False
103158963,METROPOLITAN NASHVILLE POLICE DEPT,20210616597,Davidson,Nashville,12/3/2021 1:22:00 PM,2,0,0,36.154630,-86.779160,8TH AVS,,,,0.00,,,LAFAYETTE ST,,,,0.00,Y,Roundabout, ,OtherLocation,None,,,         ,Michael,Douglas,Clear,Angle,no,no,no,no,no,False
103158981,VANDERBILT UNIVERSITY POLICE,20210617100,Davidson,Nashville,12/3/2021 12:00:00 AM,2,0,0,36.110080,-86.760150,THOMPSON LN,,,,0.00,,,,,,,0.00,,, ,,None,,,         ,Garrett,Bennett,,,no,no,no,yes,no,False
103159001,METROPOLITAN NASHVILLE POLICE DEPT,20210616882,Davidson,Not in City Limit,12/3/2021 12:28:00 PM,2,2,0,36.034460,-86.981740,HIGHWAY 100,,,,211.00,Feet,East,OLD HARDING PKE,,,,0.00,N,Not at Intersection,N,Non-Junction,None,,,         ,Jack,Crouch,Clear,"Sideswipe, Opposite Direction",no,no,no,no,no,False
103159002,METROPOLITAN NASHVILLE POLICE DEPT,20210616997,Davidson,Nashville,12/3/2021 2:30:00 PM,2,0,0,36.122340,-86.845190,WOODMONT BLVD,,,,136.00,Feet,North,NICHOLS CT,,,,0.00,N,Not at Intersection, ,Non-Junction,None,,,         ,Samuel,Corkins,Clear,Front to Rear,no,no,no,no,no,False
103159022,METROPOLITAN NASHVILLE POLICE DEPT,20210616999,Davidson,Nashville,12/3/2021 2:24:00 PM,2,1,0,36.045740,-86.674350,BELL RD,,,,0.00,,,BLUE HOLE RD,,,,0.00,Y,Four-Way,N,Intersection,None,,,         ,Tyler,Heckaman,Clear,"Sideswipe, Opposite Direction",no,no,no,no,yes,False
103159023,METROPOLITAN NASHVILLE POLICE DEPT,20210617001,Davidson,Nashville,12/3/2021 2:20:00 PM,1,1,0,36.152740,-86.779320,8TH AVS,,,,10.00,Feet,South,DREXEL ST,,,,0.00,N,Not at Intersection,N,Non-Junction,None,,,         ,Courtney,Kirtley,Cloudy,Not Collision with Motor Vehicle in Transport,yes,no,no,no,no,False
103159036,METROPOLITAN NASHVILLE POLICE DEPT,20210617046,Davidson,Nashville,12/3/2021 12:00:00 AM,1,1,0,36.215130,-86.764000,DICKERSON PKE,,,,12.00,Feet,North,DELLWAY DR,,,,0.00,N,Not at Intersection,N,Non-Junction,None,,,         ,Esther,Poysti,Clear,Not Collision with Motor Vehicle in Transport,yes,no,no,no,yes,False
103159062,BERRY HILL POLICE DEPT,21-3521,Davidson,Berry Hill,12/3/2021 2:30:00 PM,2,0,0,36.112980,-86.766210,HEATHER PL,,,,75.00,Feet,West,COLUMBINE PL,,,,0.00,N,Not at Intersection,N,Non-Junction,None,,,         ,Dawn,Thornsberry,Clear,Unknown,no,no,no,no,no,False
103159070,METROPOLITAN NASHVILLE POLICE DEPT,20210617064,Davidson,Nashville,12/3/2021 1:10:00 PM,2,0,0,36.077530,-86.724820,WALLACE RD,,,,269.00,Feet,East,NOLENSVILLE PKE,,,,0.00,N,Not at Intersection, ,,None,,,         ,Beri,Scott,,,no,no,no,no,no,False
103159072,METROPOLITAN NASHVILLE POLICE DEPT,20210617221,Davidson,Nashville,12/3/2021 4:49:00 PM,2,0,0,36.137200,-86.699670,BRILEY PKWY,,,,0.00,,,GLASTONBURY RD,,,,0.00,Y,T-Intersection,N,Intersection-Related,None,,,         ,Douglas,Mann,Clear,Front to Rear,no,no,no,no,yes,False
103159075,METROPOLITAN NASHVILLE POLICE DEPT,20210617110,Davidson,Nashville,12/3/2021 3:35:00 PM,2,0,0,36.240890,-86.780650,BRICK CHURCH PKE,,,,0.00,Feet,East,BRILEY PARK BLVDS,,,,0.00,N,Not at Intersection, ,Non-Junction,None,,,         ,Wesley,Carver,Clear,Angle,no,no,no,no,no,False
103159076,VANDERBILT UNIVERSITY POLICE,20210617150,Davidson,Nashville,12/3/2021 12:00:00 AM,2,0,0,36.142570,-86.799700,21ST AVS,,,,0.00,,,,,,,0.00,,, ,Non-Junction,None,,,         ,Cheryl,Bradley,Unknown,Unknown,no,no,no,yes,no,Campus
103159077,METROPOLITAN NASHVILLE POLICE DEPT,20210617200,Davidson,Nashville,12/3/2021 1:20:00 PM,2,1,0,36.117460,-86.826630,HAMPTON AV,,,,0.00,,,BOWLING AV,,,,0.00,Y,Four-Way,N,Intersection,None,,,         ,Heather,Fox,Clear,Angle,no,no,no,no,no,False
103159084,METROPOLITAN NASHVILLE POLICE DEPT,20210617191,Davidson,Nashville,12/3/2021 4:26:00 PM,2,0,0,36.161580,-86.783890,ROSA L PARKS BLVD,,,,0.00,,,ROSA L PARKS AV,,,,0.00,Y,Four-Way,N,Intersection,Construction Zone,Work On Shoulder Or Median,Unknown,         ,Roy,Sain Jr.,Clear,"Sideswipe, Same Direction",no,no,no,no,yes,False
103159086,METROPOLITAN NASHVILLE POLICE DEPT,20210617201,Davidson,Nashville,12/3/2021 4:30:00 PM,2,0,0,36.149560,-86.773600,I 40,,,,0.00,,,,,,,210.15,N,Not at Intersection,N,Non-Junction,None,,,         ,Courtney,Kirtley,Clear,"Sideswipe, Same Direction",no,no,no,no,yes,False
103159087,METROPOLITAN NASHVILLE POLICE DEPT,20210617202,Davidson,Not in City Limit,12/3/2021 4:36:00 PM,2,1,0,36.262210,-86.712210,GALLATIN PKES,,,,0.00,,,E OLD HICKORY BLVD,,,,0.00,Y,OTHER,N,Non-Junction,None,,,         ,Austin,Bowles,Clear,Front to Rear,no,no,no,yes,no,False
103159094,METROPOLITAN NASHVILLE POLICE DEPT,20210617172,Davidson,Nashville,12/3/2021 3:30:00 PM,2,0,0,36.123390,-86.789500,MONTROSE AV,,,,0.00,,,,,,,0.00,,,N,Non-Junction,None,,,         ,Cory,Stratton,Clear,"Sideswipe, Opposite Direction",no,no,no,yes,yes,False
103159099,METROPOLITAN NASHVILLE POLICE DEPT,20210617212,Davidson,Not in City Limit,12/3/2021 12:00:00 AM,1,0,0,36.267090,-86.731010,N GRAYCROFT AV,,,,217.00,Feet,South,N MARTHONA RD,,,,0.00,N,Not at Intersection,N,Non-Junction,None,,,         ,Thomas,Denenea,Clear,Not Collision with Motor Vehicle in Transport,no,no,no,no,no,False
103159100,METROPOLITAN NASHVILLE POLICE DEPT,20210617244,Davidson,Nashville,12/3/2021 5:03:00 PM,2,0,0,36.115560,-86.725080,I 24,,,,0.00,,,,,,,53.20,N,Not at Intersection, ,,None,,,         ,Beri,Scott,,,no,no,no,no,no,False
103159101,METROPOLITAN NASHVILLE POLICE DEPT,20210617144,Davidson,Nashville,12/3/2021 2:15:00 PM,2,0,0,36.077820,-86.948390,HIGHWAY 70S,,,,212.00,Feet,East,BELLEVUE CTR PVTDR,,,,0.00,N,Not at Intersection, ,Non-Junction,None,,,         ,Peyton,Wheatley,Clear,Front to Rear,no,no,no,no,no,False
103159102,METROPOLITAN NASHVILLE POLICE DEPT,20210617291,Davidson,Nashville,12/3/2021 5:38:00 PM,2,0,0,36.144040,-86.738440,I 40,,,,0.00,,,,,,,212.40,N,Not at Intersection, ,Non-Junction,None,,,         ,Brandon,Chapman,Clear,"Sideswipe, Same Direction",no,no,no,no,no,False
103159104,METROPOLITAN NASHVILLE POLICE DEPT,20210617286,Davidson,Nashville,12/3/2021 5:15:00 PM,3,0,0,36.108750,-86.769430,I 65,,,,0.00,,,,,,,79.65,N,Not at Intersection,N,Non-Junction,None,,,         ,Cory,Stratton,Clear,Front to Rear,no,no,no,no,no,False
103159108,METROPOLITAN NASHVILLE POLICE DEPT,20210617108,Davidson,Not in City Limit,12/3/2021 3:30:00 PM,2,0,0,36.257430,-86.713910,GALLATIN PKES,,,,65.00,Feet,North,HARRINGTON AV,,,,0.00,N,Not at Intersection, ,Non-Junction,None,,,         ,David,Harms,Cloudy,"Sideswipe, Same Direction",no,no,no,no,no,False
103159110,METROPOLITAN NASHVILLE POLICE DEPT,20210617214,Davidson,Antioch,12/3/2021 3:24:00 PM,2,0,0,36.050620,-86.606180,GROVEDALE TRC,,,,201.00,Feet,North,PIN HOOK RD,,,,0.00,N,Not at Intersection, ,,None,,,         ,Nathaniel,Myers,,,no,no,no,no,no,False
103159111,METROPOLITAN NASHVILLE POLICE DEPT,20210617317,Davidson,Nashville,12/3/2021 5:29:00 PM,2,1,0,36.058610,-86.621710,MURFREESBORO PKE,,,,1794.00,Feet,North,MT VIEW RD,,,,0.00,N,Not at Intersection,N,Non-Junction,None,,,         ,Nathaniel,Myers,Clear,Front to Rear,no,no,no,no,no,False
103159123,METROPOLITAN NASHVILLE POLICE DEPT,20210617275,Davidson,Nashville,12/3/2021 5:30:00 PM,2,2,0,36.217940,-86.746470,ELLINGTON PKWY N ENT RAMP,,,,0.00,,,HART LN,,,,0.00,Y,Four-Way,N,Entrance/Exit Ramp Related,None,,,         ,Cooper,HIll,Clear,Angle,no,no,no,no,no,False
103159128,METROPOLITAN NASHVILLE POLICE DEPT,20210617252,Davidson,Nashville,12/3/2021 5:10:00 PM,5,1,0,36.181960,-86.799500,I65 N EXT RAMP,,,,0.00,Feet,East,I 65,,,,0.00,N,Not at Intersection,N,Non-Junction,None,,,         ,Michael,Suagua,Clear,Angle,no,no,no,no,no,False
103159132,METROPOLITAN NASHVILLE POLICE DEPT,20210617384,Davidson,Nashville,12/3/2021 6:00:00 PM,2,0,0,36.126880,-86.753140,VIVELLE AV,,,,0.00,Feet,,NOLENSVILLE PKE,,,,0.00,Y,Four-Way,N,Intersection,None,,,         ,Dalton,Crum,Clear,Angle,no,no,no,no,yes,False
103159137,METROPOLITAN NASHVILLE POLICE DEPT,20210617359,Davidson,Not in City Limit,12/3/2021 6:49:00 PM,2,1,0,36.264150,-86.735680,I65 N EXT RAMP,,,,0.00,,,OLD HICKORY BLVDW,,,,0.00,Y,T-Intersection,Y,Entrance/Exit Ramp Related,None,,,         ,Benjamin,Williams,Clear,Front to Rear,no,no,no,no,no,False
103159138,METROPOLITAN NASHVILLE POLICE DEPT,20210617322,Davidson,Nashville,12/3/2021 6:07:00 PM,3,0,0,36.246680,-86.721170,BERKLEY DR,,,,0.00,,,GALLATIN PKES,,,,0.00,Y,T-Intersection, ,Intersection-Related,None,,,         ,Forrest,Punke,Clear,Front to Rear,no,no,no,no,no,False
103159140,METROPOLITAN NASHVILLE POLICE DEPT,20210617341,Davidson,Nashville,12/3/2021 6:35:00 PM,2,1,0,36.250010,-86.741530,DUE WEST AVN,,,,17.00,Feet,South,DUE WEST AVW,,,,0.00,N,Not at Intersection,N,Non-Junction,None,,,         ,Austin,Bowles,Clear,Front to Rear,no,no,no,no,no,False
103159145,METROPOLITAN NASHVILLE POLICE DEPT,20210617374,Davidson,Not in City Limit,12/3/2021 7:00:00 PM,2,2,0,36.282210,-86.707510,WELWORTH ST,,,,0.00,,,GALLATIN PKEN,,,,0.00,Y,T-Intersection,N,Intersection,None,,,         ,Dylan,Bradley,Clear,Angle,no,no,no,no,yes,False
103159147,METROPOLITAN NASHVILLE POLICE DEPT,20210617331,Davidson,Nashville,12/3/2021 6:22:00 PM,1,0,0,36.197630,-86.629490,JACKSONIAN DR,,,,153.00,Feet,North,BONNAMEADE DR,,,,0.00,N,Not at Intersection,N,Non-Junction,None,,,         ,Jeffrey,Palomino-Gonzalez,Clear,Not Collision with Motor Vehicle in Transport,yes,no,no,no,no,False
103159148,METROPOLITAN NASHVILLE POLICE DEPT,20210617304,Davidson,Nashville,12/3/2021 12:00:00 AM,2,0,0,36.199740,-86.592040,TULIP GROVE RD,,,,0.00,,,CHANDLER RD,,,,0.00,Y,Four-Way,N,Intersection,None,,,         ,Keenan,McCann,Clear,Angle,no,no,no,no,yes,False
103159153,METROPOLITAN NASHVILLE POLICE DEPT,20210617375,Davidson,Nashville,12/3/2021 12:00:00 AM,2,0,0,36.197700,-86.713250,BERKSHIRE DR,,,,221.00,Feet,East,VALLEY PARK DR,,,,0.00,N,Not at Intersection,N,Non-Junction,None,,,         ,Ralph,Gault,Clear,Rear to Side,no,no,no,no,yes,False
103159166,METROPOLITAN NASHVILLE POLICE DEPT,20210608013,Davidson,Nashville,11/28/2021 3:12:00 AM,1,0,0,36.064390,-86.684460,I 24,,,,0.00,,,,,,,57.45,N,Not at Intersection, ,Non-Junction,None,,,         ,Christopher,Valdez,Clear,Not Collision with Motor Vehicle in Transport,no,no,no,no,no,False
103159180,METROPOLITAN NASHVILLE POLICE DEPT,20210617439,Davidson,Nashville,12/3/2021 7:45:00 PM,2,0,0,36.154030,-86.787570,I40 W EXT RAMP,,,,0.00,,,I 40,,,,0.00,Y,Four-Way, ,Intersection-Related,None,,,         ,Courtney,Kirtley,Cloudy,Angle,no,no,no,no,no,False
103159195,METROPOLITAN NASHVILLE POLICE DEPT,20210617432,Davidson,Nashville,12/3/2021 6:03:00 PM,2,0,0,36.045980,-86.675340,BELL RD,,,,305.00,Feet,West,BLUE HOLE RD,,,,0.00,N,Not at Intersection,N,Non-Junction,None,,,         ,Beri,Scott,Clear,"Sideswipe, Opposite Direction",no,no,no,no,yes,False
103159217,METROPOLITAN NASHVILLE POLICE DEPT,20210616994,Davidson,Nashville,12/3/2021 2:17:00 PM,3,2,1,36.061270,-86.910940,HIGHWAY 100,,,,0.00,,,WARNER NATURE CTR PVTDR,,,,0.00,Y,T-Intersection,N,Intersection,None,,,         ,Christopher,Valdez,Clear,Front to Rear,no,no,no,no,no,False
103159228,METROPOLITAN NASHVILLE POLICE DEPT,20210617167,Davidson,Not in City Limit,12/3/2021 4:05:00 PM,3,0,0,36.076890,-86.945220,HIGHWAY 70S,,,,0.00,Feet,,SAWYER BROWN RD,,,,0.00,Y,Four-Way, ,Intersection-Related,None,,,         ,Michael,Sipos,Clear,Front to Rear,no,no,no,no,no,False
103159235,METROPOLITAN NASHVILLE POLICE DEPT,20210617298,Davidson,Nashville,12/3/2021 5:51:00 PM,3,1,0,36.142020,-86.675410,I 40,,,,0.00,,,,,,,216.10,N,Not at Intersection,N,Non-Junction,None,,,         ,Rami,Rouhi,Clear,Front to Rear,no,no,no,no,no,False
103159270,METROPOLITAN NASHVILLE POLICE DEPT,20210617543,Davidson,Nashville,12/3/2021 9:20:00 PM,2,0,0,36.182720,-86.797950,I65 N EXT RAMP,,,,0.00,,,I 65,,,,0.00,Y,Y-Intersection,Y,Entrance/Exit Ramp Related,None,,,         ,Michael,Suagua,Clear,Front to Rear,no,no,no,no,yes,False
103159289,METROPOLITAN NASHVILLE POLICE DEPT,20210617325,Davidson,Not in City Limit,12/3/2021 6:10:00 PM,2,0,0,36.279430,-86.873460,CLARKSVILLE PKE,,,,0.00,,,OLD HICKORY BLVD,,,,0.00,Y,Four-Way,Y,Intersection,None,,,         ,Jarrett,Messick,Clear,HeadOn,no,no,no,no,yes,False
103159314,METROPOLITAN NASHVILLE POLICE DEPT,20210617550,Davidson,Nashville,12/3/2021 9:30:00 PM,2,0,0,36.120700,-86.807970,LOMBARDY AV,,,,0.00,,,HILLSBORO PKE,,,,0.00,Y,Four-Way,N,Intersection,None,,,         ,Steven,Powers,Clear,Angle,no,no,no,no,no,False
103159315,METROPOLITAN NASHVILLE POLICE DEPT,20210616318,Davidson,Nashville,12/3/2021 4:40:00 AM,1,0,0,36.204240,-86.748060,E TRINITY LN,,,,0.00,,,,,,,0.00,,,N,Non-Junction,None,,,         ,David,Rehm,Clear,Not Collision with Motor Vehicle in Transport,no,no,no,yes,no,False
103159355,METROPOLITAN NASHVILLE POLICE DEPT,20210617605,Davidson,Nashville,12/3/2021 10:21:00 PM,1,1,0,36.156450,-86.631310,STEWARTS FERRY PKE,,,,0.00,,,I40 W EXT RAMP,,,,0.00,Y,OTHER,N,Entrance/Exit Ramp Related,None,,,         ,Douglas,Mann,Clear,Not Collision with Motor Vehicle in Transport,no,no,no,no,no,False
103159362,METROPOLITAN NASHVILLE POLICE DEPT,20210617638,Davidson,Nashville,12/3/2021 12:00:00 AM,2,1,0,36.152390,-86.836680,CHARLOTTE AV,,,,110.00,Feet,East,42ND AVN,,,,0.00,N,Not at Intersection,N,Non-Junction,None,,,         ,Theodore,Meskers,Clear,"Sideswipe, Same Direction",no,no,no,no,yes,False
103159375,METROPOLITAN NASHVILLE POLICE DEPT,20210617713,Davidson,Nashville,12/3/2021 10:00:00 PM,2,0,0,36.168800,-86.607090,I 40,,,,0.00,,,,,,,220.50,N,Not at Intersection, ,Non-Junction,None,,,         ,Torry,Hill,Clear,"Sideswipe, Same Direction",no,no,no,no,yes,False
103159376,METROPOLITAN NASHVILLE POLICE DEPT,20210617494,Davidson,Nashville,12/3/2021 8:39:00 PM,2,0,0,36.082610,-86.727250,NOLENSVILLE PKE,,,,0.00,,,WELSHWOOD DR,,,,0.00,Y,T-Intersection,N,Intersection,None,,,         ,Beri,Scott,Clear,Angle,no,no,no,no,no,False
103159377,METROPOLITAN NASHVILLE POLICE DEPT,20210617606,Davidson,Antioch,12/3/2021 10:21:00 PM,2,3,0,36.047840,-86.612050,MURFREESBORO PKE,,,,1284.00,Feet,North,MOUNTAIN SPRINGS RD,,,,0.00,N,Not at Intersection,N,Non-Junction,None,,,         ,Beri,Scott,Clear,HeadOn,no,no,no,no,no,False
103159414,METROPOLITAN NASHVILLE POLICE DEPT,20210617684,Davidson,Nashville,12/3/2021 11:24:00 PM,1,2,0,36.152820,-86.779330,8TH AVS,,,,16.00,Feet,West,DREXEL ST,,,,0.00,N,Not at Intersection,N,Non-Junction,None,,,         ,Tim,Le,Clear,Not Collision with Motor Vehicle in Transport,yes,no,no,no,yes,False
103159416,METROPOLITAN NASHVILLE POLICE DEPT,20210617751,Davidson,Nashville,12/4/2021 12:00:00 AM,3,2,0,36.060750,-86.680680,I 24,,,,0.00,,,,,,,57.80,N,Not at Intersection,N,Non-Junction,None,,,         ,Dylan,Ramos,Clear,Front to Rear,no,no,no,no,no,False
103159427,METROPOLITAN NASHVILLE POLICE DEPT,20210617985,Davidson,Nashville,12/4/2021 2:52:00 AM,2,0,0,36.164560,-86.763590,I24 E ENT RAMP,,,,0.00,Feet,East,I 24,,,,0.00,N,Not at Intersection,N,Non-Junction,None,,,         ,Dallas,Johnson,Clear,Front to Rear,no,no,no,no,yes,False
103159430,METROPOLITAN NASHVILLE POLICE DEPT,20210617904,Davidson,Nashville,12/4/2021 2:10:00 AM,1,0,0,36.219100,-86.694250,MUSIC VALLEY DR,,,,375.00,Feet,South,BRILEY PKWYS,,,,0.00,N,Not at Intersection,N,Non-Junction,None,,,         ,Jacob,Snyder,,Not Collision with Motor Vehicle in Transport,no,no,no,yes,yes,False
103159434,METROPOLITAN NASHVILLE POLICE DEPT,20210617972,Davidson,Not in City Limit,12/4/2021 3:20:00 AM,1,0,0,36.280650,-86.708220,ODETTE ST,,,,0.00,,,GALLATIN PKEN,,,,0.00,Y,T-Intersection,N,Intersection,None,,,         ,Sean,McConnell,Clear,Not Collision with Motor Vehicle in Transport,no,no,no,no,no,False
103159441,METROPOLITAN NASHVILLE POLICE DEPT,20210617819,Davidson,Not in City Limit,12/3/2021 11:42:00 PM,2,0,0,36.010220,-86.682600,CALDERWOOD DR,,,,176.00,Feet,South,STECOAH ST,,,,0.00,N,Not at Intersection,N,Non-Junction,None,,,         ,Mitchell,Cook,Cloudy,"Sideswipe, Opposite Direction",no,no,no,no,no,False
103159454,METROPOLITAN NASHVILLE POLICE DEPT,20210617919,Davidson,Nashville,12/4/2021 1:12:00 AM,3,0,0,36.077260,-86.638550,RURAL HILL CT,,,,720.00,Feet,West,RURAL HILL RD,,,,0.00,N,Not at Intersection,N,Non-Junction,None,,,         ,Scott,Edwards,,Angle,no,no,no,yes,yes,False
103159459,METROPOLITAN NASHVILLE POLICE DEPT,20210611915,Davidson,Nashville,11/30/2021 12:00:00 AM,1,0,0,36.152940,-86.852230,MORROW RD,,,,0.00,,,ALABAMA AV,,,,0.00,Y,T-Intersection,N,Intersection-Related,None,,,         ,Kristopher,Sharpe,Unknown,Not Collision with Motor Vehicle in Transport,no,yes,no,no,yes,False
103159462,METROPOLITAN NASHVILLE POLICE DEPT,20210617938,Davidson,Nashville,12/4/2021 2:30:00 AM,1,1,0,36.144750,-86.694610,I40 W ENT RAMP,,,,0.00,Feet,East,I 40,,,,0.00,N,Not at Intersection,N,Entrance/Exit Ramp Related,None,,,         ,Jacob,Snyder,,Not Collision with Motor Vehicle in Transport,no,no,no,no,no,False
103159532,METROPOLITAN NASHVILLE POLICE DEPT,20210618187,Davidson,Nashville,12/4/2021 8:06:00 AM,1,1,0,36.045220,-86.716630,OLD HICKORY BLVD,,,,121.00,Feet,East,HICKORY PLZ,,,,0.00,N,Not at Intersection,N,Non-Junction,None,,,         ,Dillon,Deleacaes,Cloudy,Not Collision with Motor Vehicle in Transport,yes,no,no,no,yes,False
103159536,METROPOLITAN NASHVILLE POLICE DEPT,20210618205,Davidson,Nashville,12/4/2021 5:20:00 AM,2,0,0,36.073830,-86.638040,MURFREESBORO PKE,,,,295.00,Feet,South,RURAL HILL RD,,,,0.00,N,Not at Intersection, ,Non-Junction,None,,,         ,Sean,Herman,Cloudy,"Sideswipe, Same Direction",no,no,no,no,yes,False
103159540,METROPOLITAN NASHVILLE POLICE DEPT,20210618124,Davidson,Nashville,12/4/2021 12:00:00 AM,1,0,0,36.204390,-86.817660,W TRINITY LN,,,,54.00,Feet,East,YOUNGS LN,,,,0.00,N,Not at Intersection, ,Non-Junction,None,,,         ,James,Wray,Unknown,Not Collision with Motor Vehicle in Transport,no,no,no,no,yes,False
103159551,METROPOLITAN NASHVILLE POLICE DEPT,20210618175,Davidson,Nashville,12/4/2021 12:00:00 AM,1,0,0,36.164920,-86.764620,I24 E ENT RAMP,,,,0.00,,,I 24,,,,0.00,Y,OTHER,N,Entrance/Exit Ramp Related,None,,,         ,Brian,Ritz,Unknown,Unknown,no,no,no,no,yes,False
103159557,METROPOLITAN NASHVILLE POLICE DEPT,20210618240,Davidson,Nashville,12/4/2021 12:00:00 AM,2,0,0,36.087670,-86.714900,TAMPA DR,,,,0.00,,,PARAGON MILLS RD,,,,0.00,Y,Four-Way,Y,Intersection,None,,,         ,Neil,Wolfe,Clear,Angle,no,no,no,no,yes,False
103159581,METROPOLITAN NASHVILLE POLICE DEPT,20210618283,Davidson,Nashville,12/4/2021 9:23:00 AM,2,0,0,36.158760,-86.782420,BROADWAY,,,,105.00,Feet,West,ROSA L PARKS BLVD,,,,0.00,N,Not at Intersection,N,Non-Junction,None,,,         ,Benny,Pittman,Cloudy,Not Collision with Motor Vehicle in Transport,no,no,no,no,yes,False
103159597,METROPOLITAN NASHVILLE POLICE DEPT,20210618239,Davidson,Nashville,12/4/2021 1:51:00 AM,2,0,0,36.181540,-86.799460,BUCHANAN ST,,,,35.00,Feet,West,JENKINS ST,,,,0.00,N,Not at Intersection,N,Non-Junction,None,,,         ,Jordan,Vrbas,Clear,"Sideswipe, Same Direction",no,no,no,no,yes,False
103159638,METROPOLITAN NASHVILLE POLICE DEPT,20210618308,Davidson,Nashville,12/4/2021 8:52:00 AM,2,0,0,36.152400,-86.768920,LINDSLEY AV,,,,0.00,,,2ND AVS,,,,0.00,Y,Four-Way,N,Non-Junction,None,,,         ,Jerrod,Kalinsky,Cloudy,Angle,no,no,no,no,no,False
103159662,METROPOLITAN NASHVILLE POLICE DEPT,20210618360,Davidson,Nashville,12/4/2021 12:05:00 PM,2,0,0,36.150780,-86.873010,WEST BEND DR,,,,179.00,Feet,South,CROLEY DR,,,,0.00,N,Not at Intersection, ,Non-Junction,None,,,         ,Ricardo,Cruz,Clear,Angle,no,no,no,no,no,False
103159705,METROPOLITAN NASHVILLE POLICE DEPT,20210618370,Davidson,Nashville,12/4/2021 10:49:00 AM,2,0,0,36.046040,-86.657910,BELL RD,,,,8.00,Feet,East,COLLINS PARK DR,,,,0.00,N,Not at Intersection, ,Non-Junction,None,,,         ,Darrin,Hardin,Clear,Front to Rear,no,no,no,no,no,False
103159720,VANDERBILT UNIVERSITY POLICE,21-0618358,Davidson,Nashville,12/4/2021 11:48:00 AM,2,0,0,36.107690,-86.763050,POWELL AV,,,,0.00,,,,,,,0.00,,, ,OtherLocation,None,,,         ,Austin,Worrell,Cloudy,Angle,no,no,no,yes,no,OHO
103159763,METROPOLITAN NASHVILLE POLICE DEPT,20210618390,Davidson,Antioch,12/4/2021 12:45:00 PM,2,3,0,36.045250,-86.609100,MURFREESBORO PKE,,,,0.00,,,MOUNTAIN SPRINGS RD,,,,0.00,Y,Four-Way,N,Intersection,None,,,         ,Matthew,Jorgensen,Clear,Angle,no,no,no,no,no,False
103159766,METROPOLITAN NASHVILLE POLICE DEPT,20210618230,Davidson,Nashville,12/4/2021 9:00:00 AM,1,0,0,36.085420,-86.713120,TAMPA DR,,,,118.00,Feet,East,DOLPHIN DR,,,,0.00,N,Not at Intersection,N,Non-Junction,None,,,         ,Robert,Higgins,Rain,Not Collision with Motor Vehicle in Transport,no,no,no,no,yes,False
103159775,METROPOLITAN NASHVILLE POLICE DEPT,20210618402,Davidson,Nashville,12/4/2021 3:00:00 AM,2,0,0,36.043540,-86.766740,ASHINGTON LN,,,,181.00,Feet,West,HEARTHSTONE LN,,,,0.00,N,Not at Intersection,N,Non-Junction,None,,,         ,Dillon,Deleacaes,Clear,Rear to Side,no,no,no,yes,yes,False
103159777,METROPOLITAN NASHVILLE POLICE DEPT,20210618367,Davidson,Nashville,12/4/2021 12:10:00 PM,2,1,0,36.169900,-86.670800,OLD LEBANON PKE,,,,383.00,Feet,West,KNOBVIEW DR,,,,0.00,N,Not at Intersection,N,Non-Junction,None,,,         ,William,Sutherland,Cloudy,Angle,no,no,no,no,no,False
103159778,METROPOLITAN NASHVILLE POLICE DEPT,20210618428,Davidson,Not in City Limit,12/4/2021 1:50:00 PM,2,0,0,36.269260,-86.755740,OLD HICKORY BLVDW,,,,0.00,,,DICKERSON PKE,,,,0.00,Y,Four-Way, ,,None,,,         ,James,Gilliam,,,no,no,no,no,no,False
103159821,METROPOLITAN NASHVILLE POLICE DEPT,20210618447,Davidson,Nashville,12/4/2021 2:28:00 PM,2,1,0,36.132630,-86.726750,I 24,,,,0.00,,,,,,,52.10,N,Not at Intersection,N,Non-Junction,None,,,         ,Marcus,Darden,Clear,Front to Rear,no,no,no,no,yes,False