master_record_number,agency,agency_tracking_number,county,city,collision_date,vehicles_involved,number_injured,number_dead,latitude,longitude,roadway_name,roadway_suffix,roadway_number,roadway_local_id,distance_from_reference,miles-feet_indicator,direction_from_reference,intersection_road_name,intersection_road_name_suffix,intersection_road_number,intersection_local_id,mile_marker,intersection_indicator,intersect_type,interchange_related_indicator,relation_to_junction,work_zone_type,construction_maintenance_zone,construction_maintenance_zone_location,fatal_case_number,officer_first_name,officer_last_name,weather_condition(s),manner_of_crash,pedestrian,bicycle,scooter,parking,hitrun,mou
103161539,METROPOLITAN NASHVILLE POLICE DEPT,20210621538,Davidson,Nashville,12/6/2021 5:39:00 PM,1,1,0,36.174410,-86.761240,MAIN ST,,,,98.00,Feet,West,N 7TH ST,,,,0.00,N,Not at Intersection,N,Non-Junction,None,,,         ,Jason,Milyaro Lucas,Clear,Not Collision with Motor Vehicle in Transport,yes,no,no,no,yes,False
103161545,METROPOLITAN NASHVILLE POLICE DEPT,20210621443,Davidson,Nashville,12/6/2021 4:35:00 PM,2,0,0,36.244380,-86.747700,I65 S EXT RAMP,,,,0.00,,East,I 65,,,,0.00,N,Not at Intersection,N,Non-Junction,None,,,         ,Austin,Bowles,Clear,"Sideswipe, Same Direction",no,no,no,no,no,False
103161553,METROPOLITAN NASHVILLE POLICE DEPT,20210621589,Davidson,Nashville,12/6/2021 3:45:00 PM,2,0,0,36.124980,-86.847640,HARDING PKE,,,,0.00,,,WHITE BRIDGE PKE,,,,0.00,Y,Four-Way, ,,None,,,         ,Heather,Fox,,,no,no,no,no,no,False
103161564,BERRY HILL POLICE DEPT,21-3544,Davidson,Nashville,12/6/2021 5:40:00 PM,2,0,0,36.112290,-86.766570,THOMPSON LN,,,,132.00,Feet,East,BRANSFORD AV,,,,0.00,N,Not at Intersection, ,,None,,,         ,Mark,Sydenstricker,,,no,no,no,no,no,False
103161566,METROPOLITAN NASHVILLE POLICE DEPT,20210621388,Davidson,Nashville,12/6/2021 12:00:00 PM,2,1,0,36.194990,-86.619870,OLD HICKORY BLVD,,,,304.00,Feet,South,OLD HICKORY BLVD PVTDR,,,,0.00,N,Not at Intersection,N,Non-Junction,None,,,         ,Christian,Vanders,Cloudy,Angle,no,no,no,yes,yes,False
103161569,METROPOLITAN NASHVILLE POLICE DEPT,20210621565,Davidson,Nashville,12/6/2021 5:35:00 PM,2,0,0,36.084190,-86.705800,HARDING PL,,,,27.00,Feet,East,LINBAR DR,,,,0.00,N,Not at Intersection, ,Non-Junction,None,,,         ,Beri,Scott,Clear,Front to Rear,no,no,no,no,no,False
103161576,METROPOLITAN NASHVILLE POLICE DEPT,20210621569,Davidson,Nashville,12/6/2021 5:43:00 PM,2,0,0,36.177550,-86.801000,I40 E ENT RAMP,,,,0.00,Feet,East,I 65,,,,0.00,N,Not at Intersection, ,Non-Junction,None,,,         ,Sefer,Kerim,Clear,Front to Rear,no,no,no,no,no,False
103161582,METROPOLITAN NASHVILLE POLICE DEPT,20210621578,Davidson,Nashville,12/6/2021 3:50:00 PM,2,0,0,36.087960,-86.614730,CASTLEGATE DR,,,,0.00,,,LAKE TERRACE DR,,,,0.00,Y,T-Intersection,N,Intersection,None,,,         ,Joseph,Hurst,Clear,Angle,no,no,no,no,yes,False
103161588,METROPOLITAN NASHVILLE POLICE DEPT,20210621660,Davidson,Nashville,12/6/2021 5:55:00 PM,2,0,0,36.039470,-86.649120,HICKORY HOLLOW PKWY,,,,13.00,Feet,North,I24 W EXT RAMP,,,,0.00,N,Not at Intersection, ,Non-Junction,None,,,         ,Nadine,Klemenz,Clear,"Sideswipe, Same Direction",no,no,no,no,no,False
103161592,METROPOLITAN NASHVILLE POLICE DEPT,20210621247,Davidson,Madison,12/6/2021 12:00:00 AM,2,2,0,36.287190,-86.744450,DICKERSON PKES,,,,141.00,Feet,South,OLD DICKERSON PKE,,,,0.00,N,Not at Intersection,N,Non-Junction,None,,,         ,Vincent,McCrary,Clear,Front to Rear,no,no,no,no,no,False
103161603,METROPOLITAN NASHVILLE POLICE DEPT,20210621493,Davidson,Nashville,12/6/2021 4:58:00 PM,3,0,0,36.165590,-86.764310,I 24,,,,0.00,,,,,,,49.00,N,Not at Intersection,N,Non-Junction,None,,,         ,Michael,Moss,Clear,Front to Rear,no,no,no,no,no,False
103161604,METROPOLITAN NASHVILLE POLICE DEPT,20210621687,Davidson,Nashville,12/6/2021 7:30:00 PM,2,0,0,36.199170,-86.838540,CLARKSVILLE PKE,,,,62.00,Feet,South,NORTH GATE SHOPPING CTR PVTDR,,,,0.00,N,Not at Intersection,N,Non-Junction,Work Zone,Laneclosure,Unknown,         ,Scarlett,Collins,Clear,Angle,no,no,no,no,yes,False
103161605,METROPOLITAN NASHVILLE POLICE DEPT,20210621584,Davidson,Nashville,12/6/2021 5:33:00 PM,2,1,0,36.170810,-86.812450,23RD AVN,,,,26.00,Feet,North,HEIMAN ST,,,,0.00,N,Not at Intersection,N,Non-Junction,None,,,         ,Tristen,Mayfield,Clear,"Sideswipe, Same Direction",no,no,no,no,no,False
103161612,METROPOLITAN NASHVILLE POLICE DEPT,20210621702,Davidson,Nashville,12/6/2021 7:25:00 PM,2,0,0,36.050420,-86.651350,MT VIEW RD,,,,0.00,,,,,,,0.00,,,N,Non-Junction,None,,,         ,Joseph,Hurst,Clear,Angle,no,no,no,no,yes,False
103161649,METROPOLITAN NASHVILLE POLICE DEPT,20210621386,Davidson,Not in City Limit,12/6/2021 3:15:00 PM,2,0,0,36.082350,-86.954300,I 40,,,,0.00,,,,,,,196.50,N,Not at Intersection, ,Non-Junction,None,,,         ,Peyton,Wheatley,Clear,Front to Rear,no,no,no,no,no,False
103161660,METROPOLITAN NASHVILLE POLICE DEPT,20210621655,Davidson,Nashville,12/6/2021 6:15:00 PM,3,1,0,36.143540,-86.702270,I 40,,,,0.00,,,,,,,214.60,N,Not at Intersection,N,Non-Junction,None,,,         ,Theodore,Flick,,Front to Rear,no,no,no,no,yes,False
103161663,METROPOLITAN NASHVILLE POLICE DEPT,20210621771,Davidson,Nashville,12/6/2021 8:39:00 PM,2,0,0,36.116400,-86.748000,NOLENSVILLE PKE,,,,39.00,Feet,South,JOYNER AV,,,,0.00,N,Not at Intersection, ,Non-Junction,None,,,         ,Steven,Powers,Clear,Rear to Side,no,no,no,no,yes,False
103161691,METROPOLITAN NASHVILLE POLICE DEPT,20210621770,Davidson,Nashville,12/6/2021 5:31:00 PM,2,0,0,36.128870,-86.777980,8TH AVS,,,,104.00,Feet,North,BRADFORD AV,,,,0.00,N,Not at Intersection, ,Non-Junction,None,,,         ,Travis,Pemberton,Clear,Angle,no,no,no,no,no,False
103161710,METROPOLITAN NASHVILLE POLICE DEPT,20210621795,Davidson,Not in City Limit,12/6/2021 9:09:00 PM,3,0,0,36.277000,-86.795950,OLD HICKORY BLVD,,,,72.00,Feet,East,HICKORY HILLS BLVD,,,,0.00,N,Not at Intersection,N,Non-Junction,None,,,         ,Thomas,Denenea,Clear,Other,no,no,no,no,yes,False
103161724,METROPOLITAN NASHVILLE POLICE DEPT,20210621846,Davidson,Nashville,12/6/2021 10:12:00 PM,1,1,0,36.253980,-86.716210,GALLATIN PKES,,,,325.00,Feet,North,MADISON SQ,,,,0.00,N,Not at Intersection,N,Non-Junction,None,,,         ,Bradley,Campbell,Clear,Not Collision with Motor Vehicle in Transport,yes,no,no,no,no,False
103161737,METROPOLITAN NASHVILLE POLICE DEPT,20210621990,Davidson,Nashville,12/7/2021 12:15:00 AM,2,0,0,36.110940,-86.745220,THOMPSON LN,,,,0.00,,,NOLENSVILLE PKE,,,,0.00,Y,Four-Way,Y,Intersection,None,,,         ,Ricardo,Cruz,Clear,Angle,no,no,no,no,no,False
103161755,METROPOLITAN NASHVILLE POLICE DEPT,20210622081,Davidson,Nashville,12/7/2021 12:00:00 AM,1,0,0,36.290710,-86.809840,I 24,,,,0.00,,,,,,,39.40,N,Not at Intersection,N,Non-Junction,None,,,         ,Timothy,Lehnert,Clear,Not Collision with Motor Vehicle in Transport,no,no,no,no,no,False
103161772,METROPOLITAN NASHVILLE POLICE DEPT,20210622062,Davidson,Nashville,12/7/2021 1:25:00 AM,1,0,0,36.065620,-86.621920,OWENDALE DR,,,,109.00,Feet,North,ROUNDWOOD FOREST DR,,,,0.00,N,Not at Intersection,N,Non-Junction,None,,,         ,Zachariah,Souza,Clear,Not Collision with Motor Vehicle in Transport,no,no,no,no,yes,False
103161775,METROPOLITAN NASHVILLE POLICE DEPT,20210622152,Davidson,Nashville,12/7/2021 3:30:00 AM,2,0,0,36.137990,-86.727380,I24E,,,,282.00,Feet,North,I24 E ENT RAMP,,,,0.00,N,Not at Intersection,N,Non-Junction,None,,,         ,Tavin,Emlund,Clear,Angle,no,no,no,no,yes,False
103161781,METROPOLITAN NASHVILLE POLICE DEPT,20210622144,Davidson,Nashville,12/7/2021 3:15:00 AM,1,0,0,36.189440,-86.736820,GREENWOOD AV,,,,154.00,Feet,West,MATTHEWS PL,,,,0.00,N,Not at Intersection,N,Non-Junction,None,,,         ,Devyn,Hollinsworth,Clear,Not Collision with Motor Vehicle in Transport,no,no,no,no,no,False
103161797,METROPOLITAN NASHVILLE POLICE DEPT,20210620604,Davidson,Nashville,12/6/2021 5:30:00 AM,1,0,0,36.151180,-86.862310,I 40,,,,0.00,,,,,,,203.70,N,Not at Intersection,N,Non-Junction,None,,,         ,Cameron,Schmid,Rain,Not Collision with Motor Vehicle in Transport,no,no,no,no,no,False
103161809,METROPOLITAN NASHVILLE POLICE DEPT,20210622139,Davidson,Nashville,12/7/2021 3:19:00 AM,1,1,0,36.178660,-86.594990,TULIP GROVE RD,,,,287.00,Feet,East,ELEGANCE WAY,,,,0.00,N,Not at Intersection,N,Non-Junction,None,,,         ,Andrew,Richey,,Not Collision with Motor Vehicle in Transport,no,no,no,no,no,False
103161867,METROPOLITAN NASHVILLE POLICE DEPT,20210622343,Davidson,Nashville,12/7/2021 7:18:00 AM,2,0,0,36.170480,-86.679700,MCGAVOCK PKE,,,,409.00,Feet,South,PARK DR,,,,0.00,N,Not at Intersection,N,Non-Junction,None,,,         ,Patrick,Lancaster,Clear,Angle,no,no,no,no,no,False
103161907,METROPOLITAN NASHVILLE POLICE DEPT,20210622332,Davidson,Nashville,12/7/2021 7:00:00 AM,2,1,0,36.141380,-86.716240,I 40,,,,0.00,,,,,,,213.15,N,Not at Intersection,N,Non-Junction,None,,,         ,Dylan,Chambers,Clear,Front to Rear,no,no,no,no,no,False
103161911,METROPOLITAN NASHVILLE POLICE DEPT,20210622397,Davidson,Nashville,12/7/2021 7:55:00 AM,2,0,0,36.203550,-86.738530,GALLATIN PKE,,,,0.00,Feet,West,E TRINITY LN,,,,0.00,N,Not at Intersection, ,Non-Junction,None,,,         ,Nicholas,Cochran,Clear,Front to Rear,no,no,no,no,no,False
103161913,METROPOLITAN NASHVILLE POLICE DEPT,20210622318,Davidson,Nashville,12/7/2021 7:00:00 AM,2,1,0,36.013440,-86.620690,I24 E ENT RAMP,,,,0.00,Feet,,I 24,,,,0.00,Y,Four-Way,N,Intersection-Related,None,,,         ,Seth,Wilson,Clear,"Sideswipe, Same Direction",no,no,no,no,no,False
103161917,METROPOLITAN NASHVILLE POLICE DEPT,20210622364,Davidson,Not in City Limit,12/7/2021 7:39:00 AM,2,0,0,36.332540,-86.802370,UNION HILL RD,,,,485.00,Feet,East,GALLOP LN,,,,0.00,N,Not at Intersection, ,Non-Junction,None,,,         ,Christopher,Littles,Clear,"Sideswipe, Opposite Direction",no,no,no,no,no,False
103161918,METROPOLITAN NASHVILLE POLICE DEPT,2021622420,Davidson,Nashville,12/7/2021 8:15:00 AM,2,1,0,36.246680,-86.721170,BERKLEY DR,,,,0.00,,,GALLATIN PKES,,,,0.00,Y,T-Intersection,N,Intersection,None,,,         ,Christopher,Littles,Clear,Front to Rear,no,no,no,no,no,False
103161919,METROPOLITAN NASHVILLE POLICE DEPT,20210622457,Davidson,Nashville,12/7/2021 8:33:00 AM,2,1,0,36.066060,-86.738120,BREWER DR,,,,0.00,Feet,,EDMONDSON PKE,,,,0.00,Y,Four-Way,N,Intersection-Related,None,,,         ,Dillon,Deleacaes,Clear,Front to Rear,no,no,no,no,no,False
103161925,METROPOLITAN NASHVILLE POLICE DEPT,20210622466,Davidson,Nashville,12/7/2021 8:20:00 AM,2,0,0,36.096770,-86.654560,OLD MURFREESBORO PKE,,,,0.00,,,SMITH SPRINGS RD,,,,0.00,Y,Four-Way, ,Intersection-Related,None,,,         ,Kyle,Kinsman,Clear,Angle,no,no,no,no,no,False
103161930,METROPOLITAN NASHVILLE POLICE DEPT,20210622400,Davidson,Nashville,12/7/2021 8:00:00 AM,2,0,0,36.074320,-86.788030,OVERTON LEA RD,,,,365.00,Feet,West,CLONMEL RD,,,,0.00,N,Not at Intersection,N,Non-Junction,None,,,         ,Earl,Davis,Clear,"Sideswipe, Opposite Direction",no,no,no,no,yes,False
103161933,METROPOLITAN NASHVILLE POLICE DEPT,20210622455,Davidson,Nashville,12/7/2021 8:33:00 AM,2,1,0,36.132470,-86.719310,MURFREESBORO PKE,,,,0.00,,,WILHAGAN RD,,,,0.00,Y,Four-Way,N,Intersection,None,,,         ,Patrick,Martin,Clear,HeadOn,no,no,no,no,no,False
103161937,METROPOLITAN NASHVILLE POLICE DEPT,20210622526,Davidson,Nashville,12/7/2021 9:17:00 AM,2,0,0,36.076610,-86.694110,I 24,,,,0.00,,,,,,,56.45,N,Not at Intersection, ,Non-Junction,None,,,         ,Stanley,Collins,Clear,Front to Rear,no,no,no,no,no,False
103161940,METROPOLITAN NASHVILLE POLICE DEPT,20210622428,Davidson,Nashville,12/7/2021 8:19:00 AM,4,2,0,36.134600,-86.726910,I24E,,,,686.00,Feet,South,I24 E ENT RAMP,,,,0.00,N,Not at Intersection,N,Non-Junction,None,,,         ,Todd,Watson,Clear,Front to Rear,no,no,no,no,no,False
103161945,METROPOLITAN NASHVILLE POLICE DEPT,20210621462,Davidson,Nashville,12/6/2021 5:15:00 PM,2,0,0,36.184390,-86.815710,24TH AVN,,,,127.00,Feet,South,CLARKSVILLE PKE,,,,0.00,N,Not at Intersection, ,Non-Junction,None,,,         ,Isaac,Wood,Clear,"Sideswipe, Same Direction",no,no,no,no,yes,False
103161950,METROPOLITAN NASHVILLE POLICE DEPT,20210622406,Davidson,Nashville,12/7/2021 8:05:00 AM,2,1,0,36.150150,-86.857950,CHARLOTTE PKE,,,,0.00,Feet,,WHITE BRIDGE PKE,,,,0.00,Y,Four-Way,Y,Intersection,None,,,         ,Adam,Kauffman,Clear,Angle,no,no,no,no,no,False
103161964,METROPOLITAN NASHVILLE POLICE DEPT,20210622647,Davidson,Nashville,12/7/2021 10:40:00 AM,2,0,0,36.121350,-86.910900,I 40,,,,0.00,,,,,,,200.15,N,Not at Intersection,N,Non-Junction,None,,,         ,Jared,Dick,Clear,Front to Rear,no,no,no,no,no,False
103162005,METROPOLITAN NASHVILLE POLICE DEPT,20210622591,Davidson,Nashville,12/7/2021 9:16:00 AM,2,2,0,36.161640,-86.646320,STEWARTS FERRY PKE,,,,48.00,Feet,East,CREEKSTONE CIR,,,,0.00,N,Not at Intersection,N,Non-Junction,None,,,         ,Dylan,Chambers,Clear,Angle,no,no,no,no,no,False
103162021,METROPOLITAN NASHVILLE POLICE DEPT,20210622806,Davidson,Nashville,12/7/2021 11:41:00 AM,2,0,0,36.133460,-86.896240,I 40,,,,0.00,,,,,,,201.30,N,Not at Intersection, ,Entrance/Exit Ramp Related,Construction Zone,,,         ,Jared,Dick,Clear,Angle,no,no,no,no,yes,False
103162026,METROPOLITAN NASHVILLE POLICE DEPT,20210622790,Davidson,Nashville,12/7/2021 12:14:00 PM,3,0,0,36.110210,-86.770440,I 65,,,,0.00,,,,,,,79.80,N,Not at Intersection,N,Non-Junction,None,,,         ,Earl,Davis,Clear,Front to Rear,no,no,no,no,yes,False
103162051,THP District 9 - Administrative,321081091,Davidson,Nashville,12/6/2021 7:10:00 AM,2,0,0,36.151520,-86.768400,I 40,,,,0.00,,,,,,,210.50,N,Not at Intersection, ,Non-Junction,None,,,         ,Andrew,Simunic,Rain,"Sideswipe, Same Direction",no,no,no,no,yes,False
103162070,METROPOLITAN NASHVILLE POLICE DEPT,20210622718,Davidson,Not in City Limit,12/7/2021 11:13:00 AM,2,0,0,36.281430,-86.691750,MYATT DR,,,,173.00,Feet,South,MYATT BLVD,,,,0.00,N,Not at Intersection, ,Non-Junction,Work Zone,,,         ,Christopher,Littles,Clear,Front to Rear,no,no,no,no,no,False
103162075,METROPOLITAN NASHVILLE POLICE DEPT,20210622808,Davidson,Not in City Limit,12/7/2021 12:28:00 PM,3,4,0,36.259320,-86.757780,DICKERSON PKE,,,,0.00,,,VILLAGE HILLS PVTDR,,,,0.00,Y,Four-Way,N,Intersection,None,,,         ,Christopher,Littles,Clear,Angle,no,no,no,no,no,False
103162115,METROPOLITAN NASHVILLE POLICE DEPT,20210622864,Davidson,Nashville,12/7/2021 12:51:00 PM,2,0,0,36.110290,-86.800350,BELMONT BLVD,,,,0.00,,,GRAYBAR LN,,,,0.00,Y,Four-Way, ,Intersection,None,,,         ,Earl,Davis,Clear,"Sideswipe, Opposite Direction",no,no,no,no,no,False
103162143,METROPOLITAN NASHVILLE POLICE DEPT,20210622746,Davidson,Nashville,12/7/2021 11:45:00 AM,4,1,0,36.119160,-86.912740,I 40,,,,0.00,,,,,,,200.00,N,Not at Intersection,N,Non-Junction,None,,,         ,Terence,Mitchell,Clear,"Sideswipe, Same Direction",no,no,no,no,no,False
103162179,METROPOLITAN NASHVILLE POLICE DEPT,20210622781,Davidson,Nashville,12/7/2021 11:58:00 AM,2,0,0,36.064580,-86.628240,MURFREESBORO PKE,,,,104.00,Feet,South,HAMILTON CHURCH RD,,,,0.00,N,Not at Intersection,N,Non-Junction,None,,,         ,Seth,Wilson,Clear,Front to Rear,no,no,no,no,no,False
103162180,METROPOLITAN NASHVILLE POLICE DEPT,20210622950,Davidson,Nashville,12/3/2021 6:20:00 PM,2,0,0,36.086560,-86.691550,ANTIOCH PKE,,,,371.00,Feet,South,HARDING PL,,,,0.00,N,Not at Intersection, ,Non-Junction,None,,,         ,Jerre,Fly,Unknown,Angle,no,no,no,no,no,False
103162193,METROPOLITAN NASHVILLE POLICE DEPT,20210622690,Davidson,Nashville,12/7/2021 10:55:00 AM,2,2,0,36.214170,-86.700870,OPRY MILLS DR,,,,940.00,Feet,North,OPRYLAND DR,,,,0.00,N,Not at Intersection,N,"Driveway, Alley Access, etc",None,,,         ,Patrick,Lancaster,Clear,HeadOn,no,no,no,no,no,False
103162194,METROPOLITAN NASHVILLE POLICE DEPT,20210622832,Davidson,Nashville,12/7/2021 8:30:00 AM,2,0,0,36.171390,-86.869260,CENTENNIAL BLVD,,,,0.00,,,BRILEY PKWYS,,,,0.00,Y,OTHER, ,OtherLocation,None,,,         ,George,Spencer,Clear,"Sideswipe, Same Direction",no,no,no,no,yes,False
103162211,GOODLETTSVILLE POLICE DEPT,21-34191,Davidson,Goodlettsville,12/7/2021 2:17:00 PM,2,0,0,36.309480,-86.695660,VIETNAM VETERANS BLVD SB EXT R,,,,0.00,,,CONFERENCE DR,,,,0.00,Y,T-Intersection, ,Entrance/Exit Ramp Related,None,,,         ,Benny,Alexander,Cloudy,Front to Rear,no,no,no,no,no,False
103162213,METROPOLITAN NASHVILLE POLICE DEPT,20210622877,Davidson,Nashville,12/7/2021 1:14:00 PM,2,1,0,36.087180,-86.692830,HARDING PL,,,,202.00,Feet,West,ANTIOCH PKE,,,,0.00,N,Not at Intersection,N,Non-Junction,None,,,         ,Steven,Bowler,Clear,Angle,no,no,no,no,no,False
103162260,METROPOLITAN NASHVILLE POLICE DEPT,20210622995,Davidson,Nashville,12/7/2021 2:30:00 PM,3,0,0,36.204700,-86.750640,E TRINITY LN,,,,81.00,Feet,West,ELLINGTON PKWYS,,,,0.00,N,Not at Intersection,N,Non-Junction,None,,,         ,Justen,Ogle,Cloudy,Front to Rear,no,no,no,no,yes,False
103162274,METROPOLITAN NASHVILLE POLICE DEPT,20210623031,Davidson,Nashville,12/7/2021 1:17:00 PM,2,0,0,36.081410,-86.687110,ANTIOCH PKE,,,,0.00,,,,,,,0.00,,,N,Non-Junction,None,,,         ,Joseph,Hurst,Clear,Angle,no,no,no,no,no,False
103162321,METROPOLITAN NASHVILLE POLICE DEPT,20210623112,Davidson,Nashville,12/7/2021 3:46:00 PM,2,1,0,36.087780,-86.691380,HARDING PL,,,,278.00,Feet,East,ANTIOCH PKE,,,,0.00,N,Not at Intersection,N,Non-Junction,None,,,         ,Beri,Scott,Clear,Angle,no,no,no,no,yes,False
103162332,METROPOLITAN NASHVILLE POLICE DEPT,20210623115,Davidson,Nashville,12/7/2021 3:49:00 PM,2,0,0,36.106720,-86.768060,I 65,,,,0.00,,,,,,,79.50,N,Not at Intersection,N,Entrance/Exit Ramp Related,None,,,         ,Steven,Powers,Clear,"Sideswipe, Same Direction",no,no,no,no,no,False
103162333,METROPOLITAN NASHVILLE POLICE DEPT,20210623172,Davidson,Nashville,12/7/2021 4:24:00 PM,2,0,0,36.121430,-86.757210,I 440,,,,0.00,,,I 440,,,,0.00,Y,OTHER, ,,None,,,         ,Steven,Powers,,,no,no,no,no,no,False
103162335,METROPOLITAN NASHVILLE POLICE DEPT,20210618828,Davidson,Nashville,12/4/2021 7:33:00 PM,2,2,1,36.091230,-86.625480,BELL RD,,,,443.00,Feet,North,SMITH SPRINGS RD,,,,0.00,N,Not at Intersection,N,Non-Junction,None,,,         ,Cressie,Prill,Clear,HeadOn,no,no,no,no,no,False
103162340,METROPOLITAN NASHVILLE POLICE DEPT,20210623021,Davidson,Nashville,12/7/2021 2:52:00 PM,2,0,0,36.169260,-86.749680,S 12TH ST,,,,564.00,Feet,North,SEVIER ST,,,,0.00,N,Not at Intersection,N,Non-Junction,None,,,         ,Kevin,Clausius,Clear,Angle,no,no,no,no,no,False
103162344,METROPOLITAN NASHVILLE POLICE DEPT,20210623122,Davidson,Nashville,12/7/2021 3:50:00 PM,2,0,0,36.192240,-86.828910,CLARKSVILLE PKE,,,,53.00,Feet,East,CLIFF DR,,,,0.00,N,Not at Intersection,N,Non-Junction,None,,,         ,Sefer,Kerim,Clear,Front to Rear,no,no,no,no,no,False
103162346,METROPOLITAN NASHVILLE POLICE DEPT,20210623082,Davidson,Nashville,12/7/2021 3:35:00 PM,3,1,0,36.187300,-86.822150,ED TEMPLE BLVD,,,,305.00,Feet,South,ROSA L PARKS BLVD,,,,0.00,N,Not at Intersection,N,Non-Junction,None,,,         ,Tristen,Mayfield,Cloudy,Front to Rear,no,no,no,no,no,False
103162351,METROPOLITAN NASHVILLE POLICE DEPT,20210623174,Davidson,Nashville,12/7/2021 4:20:00 PM,2,0,0,36.154480,-86.841010,I40 W EXT RAMP,,,,0.00,Feet,East,I 40,,,,0.00,N,Not at Intersection,Y,Entrance/Exit Ramp Related,None,,,         ,Matthew,Mrowiec,Clear,Front to Rear,no,no,no,no,no,False
103162352,VANDERBILT UNIVERSITY POLICE,2021062326,Davidson,Nashville,12/7/2021 12:00:00 AM,2,0,0,36.109260,-86.760380,KRAFT DR,,,,0.00,,,,,,,0.00,,, ,Non-Junction,None,,,         ,Garrett,Bennett,Clear,Unknown,no,no,no,yes,yes,False
103162354,METROPOLITAN NASHVILLE POLICE DEPT,20210623190,Davidson,Nashville,12/7/2021 4:22:00 PM,2,0,0,36.129960,-86.773150,I 65,,,,0.00,,,,,,,81.10,N,Not at Intersection, ,Non-Junction,None,,,         ,Travis,Pemberton,Clear,Front to Rear,no,no,no,no,no,False
103162365,METROPOLITAN NASHVILLE POLICE DEPT,20210623271,Davidson,Nashville,12/7/2021 5:04:00 PM,2,0,0,36.236540,-86.758080,I65 N ENT RAMP,,,,0.00,,,I 65,,,,0.00,Y,T-Intersection,N,Intersection,None,,,         ,Adam,Warren,Clear,Angle,no,no,no,no,yes,False
103162370,METROPOLITAN NASHVILLE POLICE DEPT,20210623223,Davidson,Nashville,12/7/2021 4:50:00 PM,2,0,0,36.176740,-86.765220,ELLINGTON PKWYN,,,,314.00,Feet,West,ELLINGTON PKWY N ENT RAMP,,,,0.00,N,Not at Intersection, ,,None,,,         ,Flynn,Ireland,,,no,no,no,no,no,False
103162371,METROPOLITAN NASHVILLE POLICE DEPT,20210623153,Davidson,Nashville,12/7/2021 4:10:00 PM,2,0,0,36.128130,-86.728330,I 24,,,,0.00,,,,,,,51.45,N,Not at Intersection, ,,None,,,         ,Joseph,Hurst,,,no,no,no,no,no,False
103162373,METROPOLITAN NASHVILLE POLICE DEPT,20210623145,Davidson,Nashville,12/7/2021 4:09:00 PM,2,0,0,36.167540,-86.662890,LEBANON PKE,,,,135.00,Feet,East,DONELSON PKE,,,,0.00,N,Not at Intersection,Y,Non-Junction,None,,,         ,Douglas,Mann,Clear,Angle,no,no,no,no,no,False
103162374,METROPOLITAN NASHVILLE POLICE DEPT,20210623270,Davidson,Nashville,12/7/2021 12:00:00 AM,2,1,0,36.201230,-86.617760,TYLER DR,,,,0.00,,,LEBANON PKE,,,,0.00,Y,T-Intersection,N,Intersection,None,,,         ,Keenan,McCann,Clear,Angle,no,no,no,no,no,False
103162383,METROPOLITAN NASHVILLE POLICE DEPT,20210623284,Davidson,Nashville,12/7/2021 5:38:00 PM,2,0,0,36.141010,-86.717670,I 40,,,,0.00,,,,,,,213.25,N,Not at Intersection, ,Non-Junction,None,,,         ,Reagan,Heath,Clear,"Sideswipe, Same Direction",no,no,no,no,no,False
103162393,METROPOLITAN NASHVILLE POLICE DEPT,20210623222,Davidson,Nashville,12/7/2021 5:05:00 PM,3,2,0,36.132660,-86.818190,LANCASTER AV,,,,205.00,Feet,North,CHESTERFIELD WAY,,,,0.00,N,Not at Intersection,N,Non-Junction,None,,,         ,Robert,Laboy,Clear,Front to Rear,no,no,no,no,no,False
103162405,METROPOLITAN NASHVILLE POLICE DEPT,20210623259,Davidson,Nashville,12/7/2021 5:29:00 PM,3,1,0,36.075930,-86.660000,TREETOP DR,,,,0.00,,,UNA ANTIOCH PKE,,,,0.00,Y,T-Intersection,N,Intersection-Related,None,,,         ,Joseph,Hurst,Clear,HeadOn,no,no,no,no,no,False
103162406,METROPOLITAN NASHVILLE POLICE DEPT,20210623023,Davidson,Nashville,12/7/2021 2:25:00 PM,2,0,0,36.193300,-86.623450,LEBANON PKE,,,,150.00,Feet,North,JUAREZ DR,,,,0.00,N,Not at Intersection, ,Non-Junction,None,,,         ,Christian,Vanders,Cloudy,Angle,no,no,no,no,no,False
103162429,METROPOLITAN NASHVILLE POLICE DEPT,20210623359,Davidson,Nashville,12/7/2021 5:37:00 PM,2,0,0,36.144000,-86.747990,MURFREESBORO PKE,,,,121.00,Feet,West,PARRIS AV,,,,0.00,N,Not at Intersection, ,,None,,,         ,Douglas,Mann,,,no,no,no,no,no,False
103162431,METROPOLITAN NASHVILLE POLICE DEPT,20210623317,Davidson,Nashville,12/7/2021 6:06:00 PM,2,2,0,36.121820,-86.704830,MURFREESBORO PKE,,,,0.00,,,KERMIT DR,,,,0.00,Y,Four-Way,N,Intersection,None,,,         ,Joshua,Zambrano-Vera,Clear,Angle,no,no,no,no,no,False
103162436,METROPOLITAN NASHVILLE POLICE DEPT,20210623307,Davidson,Nashville,12/7/2021 5:42:00 PM,2,0,0,36.118813,-86.801219,,,I440 W,,1.00,Miles,West,,,,,4.00,N,Not at Intersection, ,Non-Junction,None,,,         ,Travis,Pemberton,Clear,Front to Rear,no,no,no,no,yes,False