master_record_number,agency,agency_tracking_number,county,city,collision_date,vehicles_involved,number_injured,number_dead,latitude,longitude,roadway_name,roadway_suffix,roadway_number,roadway_local_id,distance_from_reference,miles-feet_indicator,direction_from_reference,intersection_road_name,intersection_road_name_suffix,intersection_road_number,intersection_local_id,mile_marker,intersection_indicator,intersect_type,interchange_related_indicator,relation_to_junction,work_zone_type,construction_maintenance_zone,construction_maintenance_zone_location,fatal_case_number,officer_first_name,officer_last_name,weather_condition(s),manner_of_crash,pedestrian,bicycle,scooter,parking,hitrun,mou
103164175,METROPOLITAN NASHVILLE POLICE DEPT,20210626890,Davidson,Nashville,12/9/2021 4:30:00 PM,2,0,0,36.039980,-86.743020,OLD HICKORY BLVD,,,,135.00,Feet,East,EDMONDSON PKE,,,,0.00,N,Not at Intersection, ,,None,,,         ,Steven,Powers,,,no,no,no,no,no,False
103164176,METROPOLITAN NASHVILLE POLICE DEPT,20210626709,Davidson,Nashville,12/9/2021 3:56:00 PM,3,0,0,36.158100,-86.791750,14TH AVN,,,,75.00,Feet,North,CHURCH ST,,,,0.00,N,Not at Intersection,N,Non-Junction,None,,,         ,Nicholas,Carroll,Clear,Front to Rear,no,no,no,no,yes,False
103164184,METROPOLITAN NASHVILLE POLICE DEPT,20210626844,Davidson,OTHER,12/9/2021 5:52:00 PM,3,0,0,36.023450,-86.616180,OLD HICKORY BLVD,,,,2136.00,Feet,North,OWEN DR,,,,0.00,N,Not at Intersection,N,Non-Junction,None,,,         ,Joseph,Hurst,Clear,Front to Rear,no,no,no,no,no,False
103164189,METROPOLITAN NASHVILLE POLICE DEPT,20210626938,Davidson,Nashville,12/9/2021 6:28:00 PM,2,0,0,36.133630,-86.775360,I 65,,,,0.00,,,,,,,81.35,N,Not at Intersection, ,Non-Junction,None,,,         ,Douglas,Sykes,Clear,Front to Rear,no,no,no,no,no,False
103164191,METROPOLITAN NASHVILLE POLICE DEPT,20210626934,Davidson,Nashville,12/9/2021 5:05:00 PM,3,0,0,36.151590,-86.852100,CHARLOTTE AV,,,,0.00,,,MORROW RD,,,,0.00,Y,T-Intersection,N,Intersection-Related,None,,,         ,Eric,Westbrook,Clear,Angle,no,no,no,no,no,False
103164192,METROPOLITAN NASHVILLE POLICE DEPT,20210626843,Davidson,Nashville,12/9/2021 5:54:00 PM,2,1,0,36.206680,-86.778700,W TRINITY LN,,,,80.00,Feet,West,HAMPTON ST,,,,0.00,N,Not at Intersection,N,Non-Junction,None,,,         ,Gabriel,Centeno,Clear,"Sideswipe, Same Direction",no,no,no,no,no,False
103164205,METROPOLITAN NASHVILLE POLICE DEPT,20210626813,Davidson,Nashville,12/9/2021 4:54:00 PM,2,0,0,36.039260,-86.736130,OLD HICKORY BLVD,,,,82.00,Feet,West,THRIBLE SPRINGS DR,,,,0.00,N,Not at Intersection,N,Non-Junction,None,,,         ,Brady,Reynolds,Clear,Front to Rear,no,no,no,no,no,False
103164211,METROPOLITAN NASHVILLE POLICE DEPT,20210626952,Davidson,Goodlettsville,12/9/2021 5:47:00 PM,2,0,0,36.298020,-86.698260,GALLATIN PKEN,,,,470.00,Feet,East,RIVERGATE PKWY,,,,0.00,N,Not at Intersection,N,Non-Junction,None,,,         ,Connor,Hosey,Clear,Angle,no,no,no,no,no,False
103164215,METROPOLITAN NASHVILLE POLICE DEPT,20210626901,Davidson,Nashville,12/9/2021 6:32:00 PM,2,0,0,36.131240,-86.706400,HAROLD DR,,,,0.00,Feet,,PATRICIA DR,,,,0.00,Y,Four-Way,N,Intersection,None,,,         ,Jeffrey,Palomino-Gonzalez,Clear,Angle,no,no,no,no,yes,False
103164218,METROPOLITAN NASHVILLE POLICE DEPT,20210626948,Davidson,Antioch,12/9/2021 6:26:00 PM,2,0,0,36.066130,-86.599250,TRU LONG DR,,,,150.00,Feet,North,TRU LONG CT,,,,0.00,N,Not at Intersection,N,Non-Junction,None,,,         ,Nathaniel,Myers,Clear,Angle,no,no,no,yes,no,False
103164243,METROPOLITAN NASHVILLE POLICE DEPT,20210626973,Davidson,Nashville,12/9/2021 7:21:00 PM,2,0,0,36.109920,-86.723710,I24 E EXT RAMP,,,,0.00,Feet,East,I 24,,,,0.00,N,Not at Intersection, ,,None,,,         ,John,Walden,,,no,no,no,no,no,False
103164263,METROPOLITAN NASHVILLE POLICE DEPT,20210627063,Davidson,Nashville,12/9/2021 12:00:00 AM,2,0,0,36.175790,-86.603230,OLD HICKORY BLVD,,,,510.00,Feet,North,BURNING TREE DR,,,,0.00,N,Not at Intersection,N,Non-Junction,None,,,         ,Keenan,McCann,Clear,Angle,no,no,no,no,yes,False
103164264,METROPOLITAN NASHVILLE POLICE DEPT,20210626898,Davidson,Nashville,12/9/2021 6:30:00 PM,3,2,0,36.099380,-86.710880,I 24,,,,0.00,,,,,,,54.60,N,Not at Intersection,N,Non-Junction,None,,,         ,Beri,Scott,Clear,Front to Rear,no,no,no,no,no,False
103164267,METROPOLITAN NASHVILLE POLICE DEPT,20210626998,Davidson,Nashville,12/9/2021 7:20:00 PM,2,0,0,36.190790,-86.745290,GREENWOOD AV,,,,0.00,,,GALLATIN AV,,,,0.00,Y,T-Intersection,N,Intersection,None,,,         ,Zachary,Aldrich,Clear,Angle,no,no,no,no,no,False
103164269,METROPOLITAN NASHVILLE POLICE DEPT,20210626927,Davidson,Nashville,12/9/2021 6:30:00 PM,2,0,0,36.087650,-86.731030,NOLENSVILLE PKE,,,,368.00,Feet,North,ELYSIAN FIELDS CT,,,,0.00,N,Not at Intersection,N,Non-Junction,None,,,         ,Cory,Stratton,Clear,Front to Rear,no,no,no,no,yes,False
103164337,METROPOLITAN NASHVILLE POLICE DEPT,20210626845,Davidson,Nashville,12/9/2021 5:55:00 PM,2,0,0,36.168190,-86.816330,JEFFERSON ST,,,,18.00,Feet,East,I40 W ENT RAMP,,,,0.00,N,Not at Intersection,N,Non-Junction,None,,,         ,Michael,Intrieri,Clear,HeadOn,no,no,no,no,no,False
103164355,METROPOLITAN NASHVILLE POLICE DEPT,20210627153,Davidson,Nashville,12/9/2021 9:40:00 PM,2,0,0,36.037670,-86.713150,NOLENSVILLE PKE,,,,272.00,Feet,South,SHADOW GLEN DR,,,,0.00,N,Not at Intersection, ,,None,,,         ,Joseph,Hurst,,,no,no,no,no,no,False
103164371,METROPOLITAN NASHVILLE POLICE DEPT,20210627022,Davidson,Nashville,12/9/2021 7:45:00 PM,5,0,0,36.160110,-86.781350,7TH AVN,,,,283.00,Feet,North,BROADWAY,,,,0.00,N,Not at Intersection,N,Non-Junction,None,,,         ,Alexander,Perry,Clear,Angle,no,no,no,yes,no,False
103164394,METROPOLITAN NASHVILLE POLICE DEPT,20210625294,Davidson,Nashville,12/8/2021 8:09:00 PM,2,0,0,36.150580,-86.694460,ELM HILL PKE,,,,556.00,Feet,West,SANBORN DR,,,,0.00,N,Not at Intersection,N,Non-Junction,None,,,         ,John,Timm,Clear,Other,no,no,no,yes,yes,False
103164396,GOODLETTSVILLE POLICE DEPT,21-34426,Davidson,Goodlettsville,12/9/2021 7:56:00 PM,2,2,0,36.331250,-86.708520,I 65,,,,0.00,,,,,,,97.50,N,Not at Intersection,N,Non-Junction,None,,,         ,Benjamin,Steck,Cloudy,"Sideswipe, Same Direction",no,no,no,no,no,False
103164418,METROPOLITAN NASHVILLE POLICE DEPT,20210627167,Davidson,Nashville,12/9/2021 9:54:00 PM,2,2,0,36.051450,-86.702710,OCALA DR,,,,0.00,Feet,,EULALA DR,,,,0.00,Y,Four-Way,N,Intersection,None,,,         ,Beri,Scott,Clear,Angle,no,no,no,no,no,False
103164420,METROPOLITAN NASHVILLE POLICE DEPT,20210626819,Davidson,Nashville,12/9/2021 5:30:00 PM,2,0,0,36.118290,-86.920900,CHARLOTTE PKE,,,,506.00,Feet,West,CEDAR CREST DR,,,,0.00,N,Not at Intersection, ,Non-Junction,None,,,         ,Michael,Sipos,Clear,Front to Rear,no,no,no,no,no,False
103164427,METROPOLITAN NASHVILLE POLICE DEPT,20210627203,Davidson,Nashville,12/9/2021 10:42:00 PM,2,2,0,36.064790,-86.628480,HAMILTON CHURCH RD,,,,0.00,,,MURFREESBORO PKE,,,,0.00,Y,Four-Way,N,Intersection,None,,,         ,Nathaniel,Myers,Cloudy,Angle,no,no,no,no,no,False
103164428,METROPOLITAN NASHVILLE POLICE DEPT,20210627260,Davidson,Nashville,12/9/2021 11:14:00 PM,2,3,0,36.186360,-86.818780,CLARKSVILLE PKE,,,,0.00,Feet,,26TH AVN,,,,0.00,Y,Four-Way,N,Intersection,None,,,         ,Burton,Beeson,Clear,Angle,no,no,no,no,no,False
103164429,METROPOLITAN NASHVILLE POLICE DEPT,20210627279,Davidson,Nashville,12/9/2021 11:20:00 PM,1,0,0,36.238820,-86.723860,GALLATIN PKE,,,,3.00,Feet,North,WALTON LN,,,,0.00,N,Not at Intersection,N,Non-Junction,None,,,         ,Brandon,Lopez,Clear,Not Collision with Motor Vehicle in Transport,no,no,no,no,no,False
103164437,METROPOLITAN NASHVILLE POLICE DEPT,20210627251,Davidson,Nashville,12/9/2021 11:00:00 PM,2,0,0,36.151610,-86.770700,LAFAYETTE ST,,,,15.00,Feet,East,4TH AVS,,,,0.00,N,Not at Intersection,N,Non-Junction,None,,,         ,Clayton,Lewis,Clear,Front to Rear,no,no,no,no,no,False
103164439,METROPOLITAN NASHVILLE POLICE DEPT,20210627243,Davidson,Nashville,12/9/2021 10:55:00 PM,2,0,0,36.079490,-86.644600,MURFREESBORO PKE,,,,0.00,,,EDGE O LAKE DR,,,,0.00,Y,Four-Way,N,Intersection-Related,None,,,         ,Eric,Laury,Clear,Angle,no,no,no,no,no,False
103164441,METROPOLITAN NASHVILLE POLICE DEPT,20210627286,Davidson,Nashville,12/9/2021 11:25:00 PM,1,1,0,36.082610,-86.884980,PERCY WARNER BLVD,,,,153.00,Feet,East,VAUGHNS GAP RD,,,,0.00,N,Not at Intersection,N,Non-Junction,None,,,         ,Lynsey,Fish,Clear,Not Collision with Motor Vehicle in Transport,no,no,no,no,no,False
103164447,METROPOLITAN NASHVILLE POLICE DEPT,20210627324,Davidson,Nashville,12/9/2021 11:57:00 PM,2,2,0,36.073310,-86.692360,I 24,,,,0.00,,,,,,,56.70,N,Not at Intersection,N,Non-Junction,None,,,         ,Jose,Oliveros,Clear,"Sideswipe, Same Direction",no,no,no,no,no,False
103164467,METROPOLITAN NASHVILLE POLICE DEPT,20210627494,Davidson,Nashville,12/10/2021 2:50:00 AM,1,1,0,36.120100,-86.773910,I440 ENT RAMP,,,,0.00,Feet,East,I 65,,,,0.00,N,Not at Intersection,Y,Entrance/Exit Ramp Related,None,,,         ,Taylor,Hurley,Clear,Not Collision with Motor Vehicle in Transport,no,no,no,no,no,False
103164473,METROPOLITAN NASHVILLE POLICE DEPT,20210627513,Davidson,Nashville,12/10/2021 3:15:00 AM,2,2,0,36.082100,-86.761700,HARDING PL,,,,0.00,,,SIDCO DR,,,,0.00,Y,Four-Way,Y,Intersection,None,,,         ,Ricardo,Cruz,Clear,Angle,no,no,no,no,no,False
103164477,BELLE MEADE POLICE DEPT,2021-0522,Davidson,Belle Meade,12/9/2021 6:00:00 PM,2,0,0,36.106960,-86.866960,HARDING PKE,,,,642.00,Feet,North,LEAKE AV,,,,0.00,N,Not at Intersection,N,Non-Junction,None,,,         ,Hayley,Doty,Clear,Other,no,no,no,no,no,False
103164479,METROPOLITAN NASHVILLE POLICE DEPT,20210627454,Davidson,Nashville,12/10/2021 1:49:00 AM,3,0,0,36.218340,-86.774810,I 65,,,,0.00,,,,,,,88.15,N,Not at Intersection,N,Non-Junction,None,,,         ,Zachary,Cooper,Cloudy,Not Collision with Motor Vehicle in Transport,no,no,no,no,no,False
103164481,METROPOLITAN NASHVILLE POLICE DEPT,20210627470,Davidson,Nashville,12/10/2021 2:16:00 AM,2,0,0,36.086210,-86.729490,NOLENSVILLE PKE,,,,39.00,Feet,North,ELYSIAN FIELDS RD,,,,0.00,N,Not at Intersection,N,Non-Junction,None,,,         ,Sierra,Walker,Clear,Angle,no,no,no,no,yes,False
103164491,METROPOLITAN NASHVILLE POLICE DEPT,20210627515,Davidson,Nashville,12/10/2021 3:21:00 AM,1,0,0,36.093010,-86.676220,BUSH RD,,,,0.00,Feet,East,EZELL PKE,,,,0.00,N,Not at Intersection,N,Non-Junction,None,,,         ,Autumn,Manning,Clear,Not Collision with Motor Vehicle in Transport,no,no,no,no,yes,False
103164530,METROPOLITAN NASHVILLE POLICE DEPT,20210627437,Davidson,Nashville,12/10/2021 1:25:00 AM,1,1,0,36.145580,-86.706180,ELM HILL PKE,,,,40.00,Feet,West,AIR LANE DR,,,,0.00,,Not at Intersection,N,Non-Junction,None,,,         ,Zacarias,Brito Jr.,Clear,Not Collision with Motor Vehicle in Transport,no,no,no,no,no,False
103164550,METROPOLITAN NASHVILLE POLICE DEPT,20210627656,Davidson,Not in City Limit,12/10/2021 6:20:00 AM,1,1,0,36.287590,-86.843200,WHITES CREEK PKE,,,,0.00,Feet,East,LAWS RD,,,,0.00,N,Not at Intersection,N,Non-Junction,None,,,         ,Gregory,Scott,Rain,Not Collision with Motor Vehicle in Transport,no,no,no,no,no,False
103164562,METROPOLITAN NASHVILLE POLICE DEPT,20210627678,Davidson,Nashville,12/10/2021 6:45:00 AM,2,3,0,36.046360,-86.600880,HOBSON PKE,,,,1105.00,Feet,South,PIN HOOK RD,,,,0.00,N,Not at Intersection,N,"Driveway, Alley Access, etc",None,,,         ,Lee,Davis,"Cloudy, Rain",Angle,no,no,no,no,no,False
103164598,METROPOLITAN NASHVILLE POLICE DEPT,20210627795,Davidson,Nashville,12/10/2021 8:18:00 AM,3,0,0,36.247350,-86.743870,I65 S EXT RAMP,,,,0.00,,,I 65,,,,0.00,Y,Y-Intersection,N,Non-Junction,None,,,         ,Christopher,Littles,"Cloudy, Rain",Front to Rear,no,no,no,no,no,False
103164607,METROPOLITAN NASHVILLE POLICE DEPT,20210627720,Davidson,Nashville,12/10/2021 7:10:00 AM,2,0,0,36.049980,-86.649500,BELL RD,,,,0.00,,,MT VIEW RD,,,,0.00,Y,Four-Way,N,Intersection,None,,,         ,Darrin,Hardin,Rain,Front to Rear,no,no,no,no,yes,False
103164611,METROPOLITAN NASHVILLE POLICE DEPT,20210627782,Davidson,Nashville,12/10/2021 8:06:00 AM,2,1,0,36.143850,-86.768980,CHESTNUT ST,,,,185.00,Feet,East,MARTIN ST,,,,0.00,N,Not at Intersection,N,Non-Junction,None,,,         ,Todd,Watson,Rain,"Sideswipe, Same Direction",no,no,no,no,no,False
103164615,METROPOLITAN NASHVILLE POLICE DEPT,20210627802,Davidson,Nashville,12/10/2021 8:34:00 AM,2,1,0,36.158810,-86.798160,CHARLOTTE AV,,,,0.00,,,17TH AVN,,,,0.00,Y,Four-Way,N,Intersection,None,,,         ,Earl,Davis,Rain,Angle,no,no,no,no,no,False
103164640,METROPOLITAN NASHVILLE POLICE DEPT,20210627829,Davidson,Nashville,12/10/2021 8:52:00 AM,1,0,0,36.148940,-86.816570,31ST AVN,,,,190.00,Feet,North,PARTHENON AV,,,,0.00,N,Not at Intersection,N,Non-Junction,None,,,         ,Earl,Davis,Rain,Not Collision with Motor Vehicle in Transport,no,no,no,no,no,False
103164647,METROPOLITAN NASHVILLE POLICE DEPT,20210627826,Davidson,Nashville,12/10/2021 7:50:00 AM,1,0,0,36.158810,-86.798160,17TH AVN,,,,0.00,,,CHARLOTTE AV,,,,0.00,Y,Four-Way,N,Intersection,None,,,         ,Eric,Schaefer,"Cloudy, Rain",Not Collision with Motor Vehicle in Transport,no,no,no,no,no,False
103164649,METROPOLITAN NASHVILLE POLICE DEPT,20210627776,Davidson,Nashville,12/10/2021 8:01:00 AM,2,0,0,36.089420,-86.702820,I 24,,,,0.00,,,,,,,55.40,N,Not at Intersection, ,Non-Junction,None,,,         ,Eric,Burford,"Cloudy, Rain","Sideswipe, Same Direction",no,no,no,no,no,False
103164654,Nashville Airport Police,21-04817,Davidson,Nashville,12/10/2021 7:38:00 AM,2,0,0,36.135960,-86.663620,DONELSON PKES,,,,0.00,,,DONELSON PKE,,,,0.00,Y,OTHER, ,Non-Junction,None,,,         ,George,Youssef,Rain,Angle,no,no,no,no,no,False
103164666,METROPOLITAN NASHVILLE POLICE DEPT,20210627805,Davidson,Nashville,12/10/2021 8:35:00 AM,1,1,0,36.192110,-86.780460,I 65,,,,0.00,,,,,,,86.30,N,Not at Intersection,N,Non-Junction,None,,,         ,Michael,Richardson,"Cloudy, Rain",Not Collision with Motor Vehicle in Transport,no,no,no,no,no,False
103164684,METROPOLITAN NASHVILLE POLICE DEPT,20210627822,Davidson,Antioch,12/10/2021 8:52:00 AM,3,1,0,36.049310,-86.600000,PIN HOOK RD,,,,0.00,,,HOBSON PKE,,,,0.00,Y,Four-Way,N,Intersection,None,,,         ,Darrin,Hardin,Rain,Front to Rear,no,no,no,no,no,False
103164688,METROPOLITAN NASHVILLE POLICE DEPT,20210627798,Davidson,Nashville,12/10/2021 8:27:00 AM,2,0,0,36.150590,-86.801000,WEST END AV,,,,75.00,Feet,East,21ST AVN,,,,0.00,N,Not at Intersection, ,,None,,,         ,Earl,Davis,,,no,no,no,no,no,Campus
103164692,METROPOLITAN NASHVILLE POLICE DEPT,20210627836,Davidson,Nashville,12/10/2021 8:46:00 AM,1,0,0,36.231800,-86.827270,BRILEY PKWYW,,,,671.00,Feet,West,BRILEY PKWYE,,,,0.00,N,Not at Intersection,N,Non-Junction,None,,,         ,James,Wray,"Cloudy, Rain",Not Collision with Motor Vehicle in Transport,no,no,no,no,no,False
103164698,METROPOLITAN NASHVILLE POLICE DEPT,20210627905,Davidson,Nashville,12/10/2021 9:39:00 AM,2,0,0,36.113840,-86.809490,WOODMONT BLVD,,,,25.00,Feet,West,GOLF CLUB LN,,,,0.00,N,Not at Intersection,N,Non-Junction,None,,,         ,Earl,Davis,Cloudy,Front to Rear,no,no,no,no,no,False
103164705,METROPOLITAN NASHVILLE POLICE DEPT,20210627963,Davidson,Nashville,12/10/2021 10:26:00 AM,1,0,0,36.191830,-86.781760,I 65,,,,0.00,,,,,,,86.20,N,Not at Intersection,N,Non-Junction,None,,,         ,Bianca,Crawford,Clear,Not Collision with Motor Vehicle in Transport,no,no,no,no,no,False
103164707,GOODLETTSVILLE POLICE DEPT,21-34475,Davidson,Goodlettsville,12/10/2021 9:35:00 AM,2,2,0,36.325110,-86.701760,LONG HOLLOW PKE,,,,0.00,,,CONFERENCE DR,,,,0.00,Y,Four-Way,N,Intersection,None,,,         ,Benny,Alexander,Rain,Angle,no,no,no,no,no,False
103164708,METROPOLITAN NASHVILLE POLICE DEPT,20210621703,Davidson,Nashville,12/6/2021 7:45:00 PM,2,0,1,36.206690,-86.779060,W TRINITY LN,,,,186.00,Feet,West,HAMPTON ST,,,,0.00,N,Not at Intersection,N,Non-Junction,None,,,         ,Ryan,Allen,Clear,Not Collision with Motor Vehicle in Transport,yes,no,no,no,yes,False
103164709,METROPOLITAN NASHVILLE POLICE DEPT,20210627966,Davidson,Nashville,12/10/2021 10:30:00 AM,2,0,0,36.226700,-86.603140,SHUTE LN,,,,141.00,Feet,North,SAUNDERSVILLE RD,,,,0.00,N,Not at Intersection,N,Non-Junction,None,,,         ,Ryan,Sherry,Rain,"Sideswipe, Same Direction",no,no,no,no,no,False
103164725,METROPOLITAN NASHVILLE POLICE DEPT,20210628044,Davidson,Nashville,12/10/2021 11:07:00 AM,2,0,0,36.076800,-86.725470,NOLENSVILLE PKE,,,,100.00,Feet,South,WALLACE RD,,,,0.00,N,Not at Intersection,N,Non-Junction,None,,,         ,Earl,Davis,Cloudy,"Sideswipe, Same Direction",no,no,no,no,yes,False
103164740,METROPOLITAN NASHVILLE POLICE DEPT,20210627837,Davidson,Nashville,12/10/2021 6:30:00 AM,2,0,0,36.066590,-86.650730,BRIDGECREST DR,,,,327.00,Feet,West,BRIDGECREST WAY,,,,0.00,N,Not at Intersection,N,Non-Junction,None,,,         ,Gerald,Gomes,Cloudy,"Sideswipe, Opposite Direction",no,no,no,no,no,False
103164745,METROPOLITAN NASHVILLE POLICE DEPT,20210627882,Davidson,Nashville,12/10/2021 12:00:00 AM,2,0,0,36.122090,-86.704690,MURFREESBORO PKE,,,,0.00,,,,,,,0.00,,,N,OtherLocation,None,,,         ,Terry,Denton,Cloudy,Angle,no,no,no,yes,yes,False
103164768,METROPOLITAN NASHVILLE POLICE DEPT,20210628109,Davidson,Nashville,12/9/2021 12:00:00 AM,2,0,0,36.039280,-86.743420,EDMONDSON PKE,,,,350.00,Feet,South,OLD HICKORY BLVD,,,,0.00,N,Not at Intersection,N,OtherLocation,None,,,         ,Earl,Davis,Unknown,Unknown,no,no,no,yes,yes,False
103164769,METROPOLITAN NASHVILLE POLICE DEPT,20210627995,Davidson,Nashville,12/10/2021 10:50:00 AM,2,0,0,36.106880,-86.922290,OLD HICKORY BLVD,,,,172.00,Feet,North,TOLBERT RD,,,,0.00,N,Not at Intersection,N,Non-Junction,None,,,         ,Charles,Agius,"Cloudy, Rain",Front to Rear,no,no,no,no,no,False
103164773,METROPOLITAN NASHVILLE POLICE DEPT,20210628119,Davidson,Nashville,12/10/2021 12:17:00 PM,2,1,0,36.255060,-86.777230,BRICK CHURCH PKE,,,,741.00,Feet,North,WESTCHESTER DR,,,,0.00,N,Not at Intersection,N,Non-Junction,None,,,         ,Christopher,Littles,Cloudy,Angle,no,no,no,no,no,False
103164787,METROPOLITAN NASHVILLE POLICE DEPT,20210627982,Davidson,Nashville,12/10/2021 12:00:00 AM,2,0,0,36.123840,-86.826560,WOODLAWN DR,,,,0.00,,,BOWLING AV,,,,0.00,Y,Four-Way,N,Intersection,None,,,         ,laina,herod,"Cloudy, Rain",Angle,no,no,no,no,no,False
103164789,METROPOLITAN NASHVILLE POLICE DEPT,20210627852,Davidson,Nashville,12/10/2021 9:14:00 AM,2,1,0,36.133600,-86.726350,I24 W EXT RAMP,,,,0.00,Feet,East,I 24,,,,0.00,N,Not at Intersection,N,Entrance/Exit Ramp Related,None,,,         ,Eric,Burford,"Cloudy, Rain",Other,no,no,no,no,no,False
103164827,METROPOLITAN NASHVILLE POLICE DEPT,20210628062,Davidson,Nashville,12/10/2021 11:29:00 AM,2,0,0,36.135900,-86.725200,MURFREESBORO PKE,,,,58.00,Feet,West,SPENCE LN,,,,0.00,N,Not at Intersection, ,Non-Junction,None,,,         ,Justin,Wells,Cloudy,Front to Rear,no,no,no,no,no,False
103164828,METROPOLITAN NASHVILLE POLICE DEPT,20210628146,Davidson,Nashville,12/10/2021 12:35:00 PM,2,0,0,36.180070,-86.811040,DR D B TODD JR BLVD,,,,0.00,,,BUCHANAN ST,,,,0.00,Y,Four-Way, ,Intersection,None,,,         ,Eric,Schaefer,Cloudy,Angle,no,no,no,no,no,False
103164831,METROPOLITAN NASHVILLE POLICE DEPT,20210628144,Davidson,Nashville,12/10/2021 12:37:00 PM,1,1,0,36.241420,-86.785360,I 24,,,,0.00,,,,,,,42.80,N,Not at Intersection,N,Non-Junction,None,,,         ,James,Gilliam,Cloudy,Not Collision with Motor Vehicle in Transport,no,no,no,no,no,False
103164850,METROPOLITAN NASHVILLE POLICE DEPT,20210628095,Davidson,Nashville,12/10/2021 11:50:00 AM,2,1,0,36.141500,-86.640650,TIMBER VALLEY DR,,,,148.00,Feet,South,ELM HILL PKE,,,,0.00,N,Not at Intersection,N,Non-Junction,None,,,         ,William,Sutherland,"Cloudy, Rain",Front to Rear,no,no,no,no,no,False
103164880,METROPOLITAN NASHVILLE POLICE DEPT,20210628115,Davidson,Nashville,12/10/2021 11:50:00 AM,2,1,0,36.180930,-86.773900,DICKERSON PKE ENT RAMP,,,,0.00,,,I 24,,,,0.00,Y,OTHER,N,Intersection,None,,,         ,Matthew,Cammarn,Cloudy,Angle,no,no,no,no,no,False
103164881,METROPOLITAN NASHVILLE POLICE DEPT,20210628204,Davidson,Nashville,12/10/2021 1:17:00 PM,2,0,0,36.111580,-86.745560,NOLENSVILLE PKE,,,,250.00,Feet,North,THOMPSON LN,,,,0.00,N,Not at Intersection, ,Non-Junction,None,,,         ,Earl,Davis,Cloudy,Angle,no,no,no,no,no,False
103164884,METROPOLITAN NASHVILLE POLICE DEPT,20210628110,Davidson,Nashville,12/10/2021 12:00:00 PM,1,0,0,36.171300,-86.867450,BRILEY PKWY N ENT RAMP,,,,0.00,,,BRILEY PKWY N EXT RAMP,,,,0.00,Y,OTHER,N,Entrance/Exit Ramp Related,None,,,         ,George,Spencer,Cloudy,Not Collision with Motor Vehicle in Transport,no,no,no,no,no,False
103164895,METROPOLITAN NASHVILLE POLICE DEPT,20210628148,Davidson,Nashville,12/10/2021 12:40:00 PM,2,0,0,36.060790,-86.674320,ANTIOCH PKE,,,,215.00,Feet,West,GOODWIN RD,,,,0.00,N,Not at Intersection,N,Non-Junction,None,,,         ,Kevin,Steiner,Cloudy,HeadOn,no,no,no,no,yes,False
103164900,METROPOLITAN NASHVILLE POLICE DEPT,20210627883,Davidson,Nashville,12/10/2021 9:30:00 AM,2,1,0,36.229240,-86.772200,I 65,,,,0.00,,,,,,,88.90,N,Not at Intersection,N,Non-Junction,None,,,         ,Nicholas,Hoffmann,Cloudy,Front to Rear,no,no,no,no,no,False
103164906,METROPOLITAN NASHVILLE POLICE DEPT,20210628090,Davidson,Nashville,12/10/2021 11:56:00 AM,2,0,0,36.195220,-86.628910,BONNACREEK DR,,,,12.00,Feet,East,BONNABROOK DR,,,,0.00,N,Not at Intersection,N,Non-Junction,None,,,         ,Ryan,Sherry,Cloudy,Angle,no,no,no,no,yes,False
103164919,METROPOLITAN NASHVILLE POLICE DEPT,20210628039,Davidson,Nashville,12/10/2021 11:00:00 AM,2,0,0,36.169570,-86.678160,LEBANON PKE,,,,515.00,Feet,East,MCGAVOCK PKE,,,,0.00,N,Not at Intersection,N,Non-Junction,None,,,         ,Dylan,Chambers,Cloudy,Angle,no,no,no,no,no,False
103164957,METROPOLITAN NASHVILLE POLICE DEPT,20210628069,Davidson,Not in City Limit,12/10/2021 11:27:00 AM,2,0,0,36.007310,-86.667350,PETTUS RD,,,,470.00,Feet,West,OLD HICKORY BLVD,,,,0.00,N,Not at Intersection, ,Non-Junction,None,,,         ,Robert,Higgins,Rain,Front to Rear,no,no,no,no,no,False
103164988,METROPOLITAN NASHVILLE POLICE DEPT,20210628076,Davidson,Nashville,12/10/2021 11:48:00 AM,2,1,0,36.164510,-86.781060,5TH AVN,,,,0.00,,,UNION ST,,,,0.00,Y,Four-Way,N,Intersection-Related,None,,,         ,Erik,Wagner,Cloudy,Angle,no,no,no,no,no,False
103165073,METROPOLITAN NASHVILLE POLICE DEPT,20210628278,Davidson,Nashville,12/10/2021 2:37:00 PM,2,0,0,36.141210,-86.731620,I 40,,,,0.00,,,,,,,212.80,N,Not at Intersection, ,Non-Junction,None,,,         ,Brandon,Chapman,Clear,"Sideswipe, Same Direction",no,no,no,no,no,False
103165114,METROPOLITAN NASHVILLE POLICE DEPT,20210628140,Davidson,Nashville,12/10/2021 12:30:00 PM,2,2,0,36.121710,-86.727380,I 24,,,,0.00,,,,,,,52.80,N,Not at Intersection,Y,Entrance/Exit Ramp Related,None,,,         ,Jonathan,Sharp,Cloudy,Angle,no,no,no,no,no,False
103165121,METROPOLITAN NASHVILLE POLICE DEPT,20210628307,Davidson,Nashville,12/10/2021 3:00:00 PM,2,2,0,36.238390,-86.671410,MARLIN PASS,,,,0.00,,,JOE PYRON DR,,,,0.00,Y,Four-Way,Y,Intersection,None,,,         ,Derek,Sibley,Rain,Angle,no,no,no,no,no,False