master_record_number,agency,agency_tracking_number,county,city,collision_date,vehicles_involved,number_injured,number_dead,latitude,longitude,roadway_name,roadway_suffix,roadway_number,roadway_local_id,distance_from_reference,miles-feet_indicator,direction_from_reference,intersection_road_name,intersection_road_name_suffix,intersection_road_number,intersection_local_id,mile_marker,intersection_indicator,intersect_type,interchange_related_indicator,relation_to_junction,work_zone_type,construction_maintenance_zone,construction_maintenance_zone_location,fatal_case_number,officer_first_name,officer_last_name,weather_condition(s),manner_of_crash,pedestrian,bicycle,scooter,parking,hitrun,mou
103165128,METROPOLITAN NASHVILLE POLICE DEPT,20210621500,Davidson,Nashville,12/6/2021 5:12:00 PM,4,1,0,36.155160,-86.788960,I 40,,,,0.00,,,,,,,209.15,N,Not at Intersection,N,Non-Junction,None,,,         ,Dakota,Davis,Clear,Angle,no,no,no,no,no,False
103165164,METROPOLITAN NASHVILLE POLICE DEPT,20210628391,Davidson,Nashville,12/10/2021 3:34:00 PM,2,0,0,36.209960,-86.776040,I 65,,,,0.00,,,,,,,87.55,N,Not at Intersection,N,Non-Junction,None,,,         ,Forrest,Punke,Cloudy,"Sideswipe, Same Direction",no,no,no,no,yes,False
103165177,METROPOLITAN NASHVILLE POLICE DEPT,20210628309,Davidson,Nashville,12/10/2021 1:51:00 PM,2,0,0,36.088830,-86.702070,I 24,,,,0.00,,,,,,,55.50,N,Not at Intersection,N,Non-Junction,None,,,         ,Michael,Raash,Cloudy,Front to Rear,no,no,no,no,no,False
103165187,METROPOLITAN NASHVILLE POLICE DEPT,20210628372,Davidson,Nashville,12/10/2021 8:19:00 AM,2,0,0,36.161210,-86.810650,BATAVIA ST,,,,126.00,Feet,East,22ND CTN,,,,0.00,N,Not at Intersection,N,Non-Junction,None,,,         ,Lucas,Thomas,Cloudy,Angle,no,no,no,no,yes,False
103165201,METROPOLITAN NASHVILLE POLICE DEPT,20210628426,Davidson,Nashville,12/10/2021 3:58:00 PM,1,0,0,36.093140,-86.773830,N CURTISWOOD LN,,,,717.00,Feet,West,FRANKLIN PKE,,,,0.00,N,Not at Intersection, ,Non-Junction,None,,,         ,Steven,Powers,Cloudy,Not Collision with Motor Vehicle in Transport,no,no,no,no,no,False
103165204,METROPOLITAN NASHVILLE POLICE DEPT,20210628462,Davidson,Nashville,12/10/2021 4:38:00 PM,2,0,0,36.039660,-86.759820,TOWNHOMES OF FREDERICKSBURG PV,,,,12.00,Feet,South,OLD HICKORY BLVD,,,,0.00,N,Not at Intersection,N,Non-Junction,None,,,         ,Dylan,Motes,Cloudy,Front to Rear,no,no,no,no,no,False
103165206,METROPOLITAN NASHVILLE POLICE DEPT,20210628499,Davidson,Nashville,12/10/2021 5:08:00 PM,2,0,0,36.215930,-86.689210,MCGAVOCK PKE,,,,3.00,Feet,West,PENNINGTON BEND RD,,,,0.00,N,Not at Intersection,N,Non-Junction,None,,,         ,Evan,Grace,Cloudy,Angle,no,no,no,no,no,False
103165207,METROPOLITAN NASHVILLE POLICE DEPT,20210628488,Davidson,Not in City Limit,12/10/2021 4:50:00 PM,2,0,0,36.269260,-86.755740,OLD HICKORY BLVDW,,,,0.00,,,DICKERSON PKE,,,,0.00,Y,Four-Way,N,Intersection-Related,None,,,         ,Paul,Hughes II,Clear,"Sideswipe, Same Direction",no,no,no,no,yes,False
103165229,METROPOLITAN NASHVILLE POLICE DEPT,20210628416,Davidson,Nashville,12/10/2021 3:20:00 PM,2,0,0,36.184780,-86.729550,TILLMAN LN,,,,100.00,Feet,East,POWERS AV,,,,0.00,N,Not at Intersection,N,Non-Junction,None,,,         ,Ciara,Doherty,Cloudy,"Sideswipe, Same Direction",no,no,no,no,yes,False
103165236,METROPOLITAN NASHVILLE POLICE DEPT,20210628568,Davidson,Nashville,12/10/2021 5:33:00 PM,2,0,0,36.109880,-86.770200,I 65,,,,0.00,,,,,,,79.75,N,Not at Intersection, ,Non-Junction,None,,,         ,Cory,Stratton,Cloudy,Front to Rear,no,no,no,no,no,False
103165240,METROPOLITAN NASHVILLE POLICE DEPT,20210628483,Davidson,Nashville,12/10/2021 12:00:00 AM,2,0,0,36.181090,-86.606680,OLD HICKORY BLVD,,,,571.00,Feet,East,FRIST BLVD,,,,0.00,N,Not at Intersection,N,OtherLocation,None,,,         ,Keenan,McCann,Cloudy,Rear to Side,no,no,no,yes,yes,False
103165241,METROPOLITAN NASHVILLE POLICE DEPT,20210618812,Davidson,Nashville,12/4/2021 7:16:00 PM,1,2,0,36.248940,-86.713620,E PALESTINE AV,,,,97.00,Feet,South,E WEBSTER ST,,,,0.00,N,Not at Intersection,N,Non-Junction,None,,,         ,Forrest,Punke,Cloudy,Not Collision with Motor Vehicle in Transport,no,no,no,no,no,False
103165261,METROPOLITAN NASHVILLE POLICE DEPT,20210628542,Davidson,Nashville,12/10/2021 5:32:00 PM,2,0,0,36.082100,-86.761700,HARDING PL,,,,0.00,,,SIDCO DR,,,,0.00,Y,Four-Way, ,Intersection,None,,,         ,Steven,Powers,Cloudy,Front to Rear,no,no,no,no,no,False
103165262,METROPOLITAN NASHVILLE POLICE DEPT,20210628482,Davidson,Nashville,12/10/2021 4:52:00 PM,3,1,0,36.044820,-86.668700,BELL RD,,,,97.00,Feet,West,BEECHWOOD TER,,,,0.00,N,Not at Intersection,N,Non-Junction,None,,,         ,Brandon,Simpkins,Cloudy,Angle,no,no,no,no,no,False
103165269,METROPOLITAN NASHVILLE POLICE DEPT,20210628431,Davidson,Nashville,12/10/2021 4:12:00 PM,2,0,0,36.153400,-86.763900,I 40,,,,0.00,,,,,,,210.70,N,Not at Intersection, ,Non-Junction,None,,,         ,Dakota,Davis,Clear,Angle,no,no,no,no,no,False
103165277,METROPOLITAN NASHVILLE POLICE DEPT,20210628511,Davidson,Nashville,12/10/2021 4:32:00 PM,2,0,0,36.071150,-86.635380,MURFREESBORO PKE,,,,352.00,Feet,South,BELL RD,,,,0.00,N,Not at Intersection, ,Non-Junction,None,,,         ,Nadine,Klemenz,Rain,Front to Rear,no,no,no,no,no,False
103165285,METROPOLITAN NASHVILLE POLICE DEPT,20210628596,Davidson,Nashville,12/10/2021 5:33:00 PM,2,0,0,36.228080,-86.759530,DICKERSON PKE,,,,478.00,Feet,South,BROADMOOR DR,,,,0.00,N,Not at Intersection, ,Non-Junction,None,,,         ,Zachary,Carter,Cloudy,Angle,no,no,no,no,no,False
103165303,METROPOLITAN NASHVILLE POLICE DEPT,20210628449,Davidson,Nashville,12/10/2021 4:17:00 PM,3,2,0,36.141980,-86.711840,I 40,,,,0.00,,,,,,,214.10,N,Not at Intersection,N,Non-Junction,None,,,         ,Jeffrey,Palomino-Gonzalez,Clear,Front to Rear,no,no,no,no,no,False
103165304,METROPOLITAN NASHVILLE POLICE DEPT,20210628335,Davidson,Nashville,12/10/2021 3:12:00 PM,1,0,0,36.090760,-86.734420,NOLENSVILLE PKE,,,,283.00,Feet,South,ZOO RD,,,,0.00,N,Not at Intersection,N,Non-Junction,None,,,         ,Beri,Scott,Cloudy,Not Collision with Motor Vehicle in Transport,no,no,no,no,no,False
103165305,METROPOLITAN NASHVILLE POLICE DEPT,20210628514,Davidson,Nashville,12/10/2021 5:21:00 PM,2,0,0,36.063450,-86.690830,PACKARD DR,,,,0.00,,,BRENDA LN,,,,0.00,Y,T-Intersection,N,Intersection,None,,,         ,Beri,Scott,Clear,Angle,no,no,no,no,no,False
103165306,METROPOLITAN NASHVILLE POLICE DEPT,20210628506,Davidson,Nashville,12/10/2021 5:01:00 PM,2,0,0,36.223230,-86.805890,WHITES CREEK PKE,,,,0.00,,,LANE DR,,,,0.00,Y,T-Intersection,N,Intersection,None,,,         ,Gabriel,Centeno,Cloudy,Angle,no,no,no,no,no,False
103165316,METROPOLITAN NASHVILLE POLICE DEPT,20210628655,Davidson,Nashville,12/10/2021 7:00:00 PM,1,2,0,36.121950,-86.805880,I440 E EXT RAMP,,,,0.00,Feet,East,I 440,,,,0.00,N,Not at Intersection,Y,Entrance/Exit Ramp Related,None,,,         ,Heather,Fox,Clear,Not Collision with Motor Vehicle in Transport,no,no,no,no,no,False
103165325,METROPOLITAN NASHVILLE POLICE DEPT,20210628430,Davidson,Nashville,12/10/2021 3:22:00 PM,2,0,0,36.142190,-86.666570,I40 W EXT RAMP,,,,0.00,,,I 40,,,,0.00,Y,T-Intersection, ,Intersection,None,,,         ,Robert,Marquez,Clear,Front to Rear,no,no,no,no,no,False
103165326,METROPOLITAN NASHVILLE POLICE DEPT,20210628628,Davidson,Nashville,12/10/2021 4:30:00 PM,2,0,0,36.190490,-86.775420,I 24,,,,0.00,,,,,,,47.15,N,Not at Intersection,N,Non-Junction,None,,,         ,Flynn,Ireland,"Cloudy, Rain","Sideswipe, Same Direction",no,no,no,no,yes,False
103165329,THP District 3 - Nashville,321081417,Davidson,Nashville,12/7/2021 6:45:00 PM,3,0,0,36.118830,-86.726420,I 24,,,,0.00,,,,,,,53.00,N,Not at Intersection, ,Non-Junction,None,,,         ,Trevor,Case,Clear,Front to Rear,no,no,no,no,no,False
103165334,METROPOLITAN NASHVILLE POLICE DEPT,20210628687,Davidson,Nashville,12/10/2021 5:36:00 PM,2,0,0,36.140590,-86.721930,I 40,,,,0.00,,,,,,,213.50,N,Not at Intersection,N,Non-Junction,None,,,         ,Evan,Grace,Cloudy,"Sideswipe, Same Direction",no,no,no,no,no,False
103165339,METROPOLITAN NASHVILLE POLICE DEPT,20210628509,Davidson,Nashville,12/10/2021 5:16:00 PM,3,0,0,36.244380,-86.747700,I65 S EXT RAMP,,,,0.00,Feet,East,I 65,,,,0.00,N,Not at Intersection,N,Non-Junction,None,,,         ,Austin,Bowles,Clear,"Sideswipe, Same Direction",no,no,no,no,no,False
103165343,METROPOLITAN NASHVILLE POLICE DEPT,20210628625,Davidson,Nashville,12/10/2021 5:55:00 PM,4,1,0,36.084290,-86.763910,I65 S EXT RAMP,,,,0.00,Feet,East,I 65,,,,0.00,N,Not at Intersection,N,Entrance/Exit Ramp Related,None,,,         ,Steven,Powers,Cloudy,Front to Rear,no,no,no,no,no,False
103165344,METROPOLITAN NASHVILLE POLICE DEPT,20210628568,Davidson,Nashville,12/10/2021 5:33:00 PM,2,0,0,36.124960,-86.772600,I 65,,,,0.00,,,,,,,80.70,N,Not at Intersection, ,Non-Junction,None,,,         ,Brady,Reynolds,Clear,"Sideswipe, Same Direction",no,no,no,no,no,False
103165346,METROPOLITAN NASHVILLE POLICE DEPT,20210628703,Davidson,Nashville,12/10/2021 5:46:00 PM,2,0,0,36.182320,-86.745040,STRATTON AV,,,,0.00,,,N 14TH ST,,,,0.00,Y,Four-Way, ,Intersection,None,,,         ,Trevor,Jones,Cloudy,Angle,no,no,no,no,no,False
103165349,METROPOLITAN NASHVILLE POLICE DEPT,20210628594,Davidson,Nashville,12/10/2021 5:45:00 PM,1,0,0,36.148370,-86.664650,ELM HILL PKE,,,,255.00,Feet,West,PATRIOT WAY,,,,0.00,N,Not at Intersection, ,Non-Junction,None,,,         ,Phillip,Burke,Clear,Not Collision with Motor Vehicle in Transport,no,no,no,no,no,False
103165351,METROPOLITAN NASHVILLE POLICE DEPT,20210628728,Davidson,Nashville,12/10/2021 6:07:00 PM,2,1,0,36.090330,-86.626500,SMITH SPRINGS RD,,,,0.00,Feet,,BELL RD,,,,0.00,Y,Four-Way,N,Intersection-Related,None,,,         ,Robert,Marquez,Cloudy,Front to Rear,no,no,no,no,no,False
103165352,METROPOLITAN NASHVILLE POLICE DEPT,20210628632,Davidson,Nashville,12/10/2021 4:36:00 PM,2,0,0,36.128880,-86.786000,LAWRENCE AV,,,,0.00,,,10TH AVS,,,,0.00,Y,Four-Way,Y,Intersection,None,,,         ,Nicholas,Carroll,Clear,"Sideswipe, Same Direction",no,no,no,no,yes,False
103165355,METROPOLITAN NASHVILLE POLICE DEPT,20210628742,Davidson,Nashville,12/10/2021 4:24:00 PM,2,0,0,36.115170,-86.743610,FOSTER AV,,,,0.00,Feet,East,WHITSETT RD,,,,0.00,N,Not at Intersection,N,Non-Junction,None,,,         ,Garrett,Latham,Clear,Angle,no,no,no,no,no,False
103165381,METROPOLITAN NASHVILLE POLICE DEPT,20210628766,Davidson,Nashville,12/10/2021 6:45:00 PM,1,0,0,36.050000,-86.874040,MIDDLETON PARK LN,,,,70.00,Feet,South,OLD HICKORY BLVD,,,,0.00,N,Not at Intersection,N,Non-Junction,None,,,         ,Heather,Fox,Clear,Not Collision with Motor Vehicle in Transport,no,no,no,no,no,False
103165382,METROPOLITAN NASHVILLE POLICE DEPT,20210628785,Davidson,Nashville,12/10/2021 12:00:00 AM,2,0,0,36.125730,-86.803590,SWEETBRIAR AV,,,,176.00,Feet,West,BONNIE BRIAR LN,,,,0.00,N,Not at Intersection,N,Non-Junction,None,,,         ,Cory,Stratton,Cloudy,"Sideswipe, Same Direction",no,no,no,no,yes,False
103165383,METROPOLITAN NASHVILLE POLICE DEPT,20210628680,Davidson,Nashville,12/10/2021 5:27:00 PM,2,0,0,36.072350,-86.636640,MURFREESBORO PKE,,,,219.00,Feet,North,BELL RD,,,,0.00,N,Not at Intersection,N,Non-Junction,None,,,         ,Taylor,Blackwelder,Clear,Angle,no,no,no,no,no,False
103165384,METROPOLITAN NASHVILLE POLICE DEPT,20210628674,Davidson,Nashville,12/10/2021 6:00:00 PM,2,0,0,36.076620,-86.726670,EDMONDSON PKE,,,,370.00,Feet,West,WALLACE RD,,,,0.00,N,Not at Intersection,N,Non-Junction,None,,,         ,Eric,Modransky,Rain,Angle,no,no,no,no,no,False
103165385,METROPOLITAN NASHVILLE POLICE DEPT,20210628819,Davidson,Nashville,12/10/2021 5:05:00 PM,2,0,0,36.089140,-86.627450,BELL RD,,,,0.00,,,NASHBORO BLVD,,,,0.00,Y,T-Intersection,N,Intersection-Related,None,,,         ,Robert,Marquez,Cloudy,"Sideswipe, Same Direction",no,no,no,no,yes,False
103165395,METROPOLITAN NASHVILLE POLICE DEPT,20210628750,Davidson,Nashville,12/10/2021 7:47:00 PM,2,1,0,36.086670,-86.724880,PARAGON MILLS RD,,,,338.00,Feet,West,CANTERBURY HALL CONDOS PVTDR,,,,0.00,N,Not at Intersection,N,Non-Junction,None,,,         ,Beri,Scott,Cloudy,Angle,no,no,no,no,no,False
103165399,METROPOLITAN NASHVILLE POLICE DEPT,20210628775,Davidson,Nashville,12/10/2021 12:00:00 AM,2,1,0,36.081430,-86.699830,LINBAR DR,,,,628.00,Feet,East,WALLACE RD,,,,0.00,N,Not at Intersection,N,Non-Junction,None,,,         ,Steven,Bowler,Rain,Angle,no,no,no,no,yes,False
103165430,METROPOLITAN NASHVILLE POLICE DEPT,20210628793,Davidson,Nashville,12/10/2021 6:32:00 PM,2,0,0,36.081720,-86.760620,HARDING PL,,,,349.00,Feet,East,SIDCO DR,,,,0.00,N,Not at Intersection, ,Non-Junction,None,,,         ,Steven,Powers,Cloudy,Front to Rear,no,no,no,no,no,False
103165448,METROPOLITAN NASHVILLE POLICE DEPT,20210628823,Davidson,Joelton,12/10/2021 8:51:00 PM,1,0,0,36.291080,-86.906400,GRAYS POINT RD,,,,2595.00,Feet,West,CRAFT RD,,,,0.00,N,Not at Intersection,N,Non-Junction,None,,,         ,Gabriel,Centeno,Cloudy,Not Collision with Motor Vehicle in Transport,no,no,no,no,yes,False
103165449,METROPOLITAN NASHVILLE POLICE DEPT,20210628572,Davidson,Nashville,12/10/2021 4:32:00 PM,2,0,0,36.071150,-86.635380,MURFREESBORO PKE,,,,352.00,Feet,South,BELL RD,,,,0.00,N,Not at Intersection, ,Non-Junction,None,,,         ,Nadine,Klemenz,Rain,"Sideswipe, Same Direction",no,no,no,no,no,False
103165476,METROPOLITAN NASHVILLE POLICE DEPT,20210628846,Davidson,Nashville,12/10/2021 9:07:00 PM,3,0,0,36.088320,-86.790960,BATTERY LN,,,,10.00,Feet,East,LEALAND LN,,,,0.00,N,Not at Intersection,N,Non-Junction,None,,,         ,Gregory,Rdzok,Rain,Angle,no,no,no,no,no,False
103165477,METROPOLITAN NASHVILLE POLICE DEPT,20210628682,Davidson,Nashville,12/10/2021 12:00:00 AM,3,1,0,36.055970,-86.715660,NOLENSVILLE PKE,,,,0.00,,,APRIL LN,,,,0.00,Y,T-Intersection,N,Intersection-Related,None,,,         ,Ashley,Kappenmacher,Clear,Unknown,no,no,no,no,yes,False
103165489,METROPOLITAN NASHVILLE POLICE DEPT,20210628498,Davidson,Nashville,12/10/2021 5:09:00 PM,6,5,0,36.231760,-86.724870,GALLATIN PKE,,,,187.00,Feet,North,HAYSBORO AV,,,,0.00,N,Not at Intersection,N,Non-Junction,None,,,         ,Zachary,Aldrich,Cloudy,Front to Rear,no,no,no,no,no,False
103165494,METROPOLITAN NASHVILLE POLICE DEPT,20210628610,Davidson,Nashville,12/10/2021 6:20:00 PM,1,1,0,36.180960,-86.796590,ROSA L PARKS BLVD,,,,151.00,Feet,North,GARFIELD ST,,,,0.00,N,Not at Intersection,N,Non-Junction,None,,,         ,Sefer,Kerim,Clear,Not Collision with Motor Vehicle in Transport,no,no,no,no,no,False
103165518,METROPOLITAN NASHVILLE POLICE DEPT,20210628951,Davidson,Nashville,12/10/2021 8:50:00 PM,2,0,0,36.193630,-86.764590,STAINBACK AV,,,,34.00,Feet,South,DOUGLAS AV,,,,0.00,N,Not at Intersection,N,Non-Junction,None,,,         ,Jarrett,Ipox,Cloudy,"Sideswipe, Same Direction",no,no,no,no,yes,False
103165521,METROPOLITAN NASHVILLE POLICE DEPT,20210628830,Davidson,Nashville,12/10/2021 8:51:00 PM,2,0,0,36.082690,-86.765330,I65 S ENT RAMP,,,,0.00,Feet,East,I 65,,,,0.00,N,Not at Intersection,N,Entrance/Exit Ramp Related,None,,,         ,Steven,Powers,Cloudy,Angle,no,no,no,no,no,False
103165528,METROPOLITAN NASHVILLE POLICE DEPT,20210629035,Davidson,Nashville,12/10/2021 11:54:00 PM,1,0,0,36.170200,-86.606750,I40 W ENT RAMP,,,,0.00,Feet,East,I 40,,,,0.00,N,Not at Intersection,N,Non-Junction,None,,,         ,Ryan,Malone,Clear,Not Collision with Motor Vehicle in Transport,no,no,no,no,no,False
103165536,METROPOLITAN NASHVILLE POLICE DEPT,20210628946,Davidson,Nashville,12/10/2021 10:35:00 PM,2,1,0,36.089070,-86.649990,RANSOM PL,,,,0.00,Feet,,MURFREESBORO PKE,,,,0.00,Y,Four-Way,N,Intersection,None,,,         ,Kaleigh,Pearce,Rain,Angle,no,no,no,no,yes,False
103165537,BELLE MEADE POLICE DEPT,21-0256,Davidson,Belle Meade,12/10/2021 5:55:00 PM,1,0,0,36.114720,-86.861520,HARDING PKE,,,,126.00,Feet,South,DAVIDSON RD,,,,0.00,N,Not at Intersection, ,Non-Junction,None,,,         ,Dale,Corter,Clear,Not Collision with Motor Vehicle in Transport,no,no,no,no,no,False
103165544,METROPOLITAN NASHVILLE POLICE DEPT,20210629141,Davidson,Nashville,12/11/2021 1:15:00 AM,1,0,0,36.024910,-86.742370,EDMONDSON PKE,,,,222.00,Feet,North,MT PISGAH RD,,,,0.00,N,Not at Intersection,N,Non-Junction,None,,,         ,Ricardo,Cruz,Rain,Not Collision with Motor Vehicle in Transport,no,no,no,no,no,False
103165546,METROPOLITAN NASHVILLE POLICE DEPT,20210628949,Davidson,Nashville,12/10/2021 10:54:00 PM,1,0,0,36.116750,-86.699720,GLENPARK DR,,,,287.00,Feet,South,WINTHORNE DR,,,,0.00,N,Not at Intersection,N,Non-Junction,None,,,         ,Robert,Leverick,Clear,Not Collision with Motor Vehicle in Transport,no,no,no,no,no,False
103165550,METROPOLITAN NASHVILLE POLICE DEPT,20210628938,Davidson,Madison,12/10/2021 10:40:00 PM,2,1,0,36.262430,-86.681960,E OLD HICKORY BLVD,,,,136.00,Feet,West,QUEEN ANNE DR,,,,0.00,N,Not at Intersection,N,Non-Junction,None,,,         ,Zachary,Lang,Cloudy,HeadOn,no,no,no,no,yes,False
103165552,METROPOLITAN NASHVILLE POLICE DEPT,20210629051,Davidson,Nashville,12/10/2021 11:25:00 PM,2,0,0,36.145240,-86.624050,LINCOYA BAY DR,,,,0.00,,,LINCOYA CREEK DR,,,,0.00,Y,Four-Way,Y,Intersection,None,,,         ,Jacob,Snyder,Cloudy,"Sideswipe, Same Direction",no,no,no,no,yes,False
103165555,METROPOLITAN NASHVILLE POLICE DEPT,20210629129,Davidson,Nashville,12/10/2021 11:06:00 PM,2,0,0,36.162900,-86.776860,COMMERCE ST,,,,0.00,Feet,,3RD AVN,,,,0.00,Y,Four-Way,N,Intersection,None,,,         ,Jack,Crouch,Unknown,Angle,no,no,no,no,yes,False
103165565,METROPOLITAN NASHVILLE POLICE DEPT,20210629203,Davidson,Nashville,12/11/2021 2:00:00 AM,2,0,0,36.208160,-86.778830,HAMPTON ST,,,,271.00,Feet,South,AVONDALE CIR,,,,0.00,N,Not at Intersection,N,Non-Junction,None,,,         ,David,Crisman,Clear,HeadOn,no,no,no,no,yes,False
103165569,METROPOLITAN NASHVILLE POLICE DEPT,20210629168,Davidson,Nashville,12/11/2021 1:28:00 AM,2,2,0,36.168380,-86.688330,LEBANON PKE,,,,109.00,Feet,West,BRILEY PKWYN,,,,0.00,N,Not at Intersection,N,Non-Junction,None,,,         ,Ryan,Malone,Clear,HeadOn,no,no,no,no,no,False
103165588,METROPOLITAN NASHVILLE POLICE DEPT,20210629183,Davidson,Nashville,12/11/2021 1:36:00 AM,2,0,0,36.170250,-86.767230,I 24,,,,0.00,,,,,,,48.65,N,Not at Intersection,N,Non-Junction,None,,,         ,Tim,Le,Clear,Front to Rear,no,no,no,no,no,False
103165590,METROPOLITAN NASHVILLE POLICE DEPT,20210629316,Davidson,Old Hickory,12/11/2021 4:00:00 AM,1,0,0,36.262880,-86.661770,ROBINSON RD,,,,116.00,Feet,North,ROBINSON RD EXT RAMP,,,,0.00,N,Not at Intersection,N,Non-Junction,None,,,         ,Nelson,Hemingway,,Not Collision with Motor Vehicle in Transport,no,no,no,no,no,False
103165594,METROPOLITAN NASHVILLE POLICE DEPT,20210629254,Davidson,Not in City Limit,12/11/2021 3:15:00 AM,2,0,0,36.263070,-86.711920,STATE RT 45,,,,0.00,,,GALLATIN PKEN,,,,0.00,Y,Four-Way,N,Intersection,None,,,         ,Zachary,Lang,Rain,Front to Rear,no,no,no,no,no,False
103165595,METROPOLITAN NASHVILLE POLICE DEPT,20210629248,Davidson,Nashville,12/11/2021 3:13:00 AM,2,1,0,36.046030,-86.684340,BELL RD,,,,275.00,Feet,East,BRENTRIDGE DR,,,,0.00,N,Not at Intersection,N,Non-Junction,None,,,         ,Kaleigh,Pearce,Rain,HeadOn,no,no,no,no,no,False
103165599,METROPOLITAN NASHVILLE POLICE DEPT,20210629297,Davidson,Nashville,12/11/2021 4:04:00 AM,1,0,0,36.109050,-86.721140,I 24,,,,0.00,,,,,,,53.75,N,Not at Intersection,N,Non-Junction,None,,,         ,Robert,Leverick,Rain,Not Collision with Motor Vehicle in Transport,no,no,no,no,no,False
103165603,METROPOLITAN NASHVILLE POLICE DEPT,20210629234,Davidson,Nashville,12/11/2021 2:52:00 AM,2,2,0,36.141110,-86.662030,I 40,,,,0.00,,,,,,,269.90,N,Not at Intersection,N,Non-Junction,None,,,         ,Richard,Luellen,,Front to Rear,no,no,no,no,no,False
103165604,METROPOLITAN NASHVILLE POLICE DEPT,20210629060,Davidson,Nashville,12/10/2021 10:22:00 PM,2,0,0,36.176910,-86.774580,SPRING ST,,,,0.00,,,N 1ST ST,,,,0.00,Y,Four-Way,N,Intersection,None,,,         ,John,Jones,Clear,HeadOn,no,no,no,no,yes,False
103165605,METROPOLITAN NASHVILLE POLICE DEPT,20210629285,Davidson,Nashville,12/11/2021 3:40:00 AM,1,0,0,36.165590,-86.610100,BELL RD,,,,734.00,Feet,West,ALTA LAKE GRNWY,,,,0.00,N,Not at Intersection, ,Non-Junction,None,,,         ,Jacob,Snyder,,Not Collision with Motor Vehicle in Transport,no,no,no,no,no,False
103165660,METROPOLITAN NASHVILLE POLICE DEPT,20210629416,Davidson,Nashville,12/11/2021 6:00:00 AM,1,0,0,36.061310,-86.717730,MCMURRAY DR,,,,311.00,Feet,West,NOLENSVILLE PKE,,,,0.00,N,Not at Intersection, ,Non-Junction,None,,,         ,Thomas,Vasquez,Rain,Not Collision with Motor Vehicle in Transport,no,no,no,no,no,False
103165661,METROPOLITAN NASHVILLE POLICE DEPT,20210629534,Davidson,Nashville,12/11/2021 7:24:00 AM,1,0,0,36.157720,-86.861510,BRILEY PKWY N ENT RAMP,,,,0.00,Feet,East,BRILEY PKWYN,,,,0.00,N,Not at Intersection,N,Non-Junction,None,,,         ,Douglas,Atwood,Cloudy,Not Collision with Motor Vehicle in Transport,no,no,no,no,no,False
103165663,METROPOLITAN NASHVILLE POLICE DEPT,20210629566,Davidson,Nashville,12/11/2021 7:44:00 AM,1,0,0,36.239770,-86.772570,BRILEY PKWYW,,,,139.00,Feet,East,BRILEY PKWYE,,,,0.00,N,Not at Intersection,N,Non-Junction,None,,,         ,James,Gilliam,Rain,Not Collision with Motor Vehicle in Transport,no,no,no,no,no,False
103165665,METROPOLITAN NASHVILLE POLICE DEPT,20210629580,Davidson,Antioch,12/11/2021 12:47:00 AM,1,0,0,36.018020,-86.609350,CORPORATE PL,,,,0.00,,,,,,,0.00,,,N,Non-Junction,None,,,         ,Lisa,Beck,"Cloudy, Rain",Unknown,no,no,no,yes,yes,False
103165667,METROPOLITAN NASHVILLE POLICE DEPT,20210629252,Davidson,Nashville,12/11/2021 3:25:00 AM,1,1,0,36.116305,-86.792210,,,I440,,0.00,,West,,,,,3.08,N,Not at Intersection,N,Non-Junction,None,,,         ,Kelsey,Hicks,"Rain, Severe Cross-Winds",Not Collision with Motor Vehicle in Transport,no,no,no,no,no,False
103165669,METROPOLITAN NASHVILLE POLICE DEPT,20210629556,Davidson,Nashville,12/11/2021 12:00:00 AM,2,0,0,36.208520,-86.777790,BRICK CHURCH PKE,,,,203.00,Feet,South,AVONDALE CIR,,,,0.00,N,Not at Intersection, ,Non-Junction,None,,,         ,Bianca,Crawford,Rain,Angle,no,no,no,no,yes,False
103165671,BERRY HILL POLICE DEPT,21-3588,Davidson,Berry Hill,12/10/2021 10:30:00 AM,2,0,0,36.126970,-86.777350,FRANKLIN PKE,,,,0.00,,,HILLVIEW HTS,,,,0.00,Y,T-Intersection, ,Intersection,None,,,         ,Larry,Carter,Rain,HeadOn,no,no,no,no,no,False
103165680,METROPOLITAN NASHVILLE POLICE DEPT,20210629626,Davidson,Nashville,12/11/2021 5:13:00 AM,1,0,0,36.067780,-86.666720,RICHARDS RD,,,,169.00,Feet,East,APOLLO DR,,,,0.00,N,Not at Intersection,N,Non-Junction,None,,,         ,Jose,Oliveros,Rain,Not Collision with Motor Vehicle in Transport,no,no,no,no,no,False
103165683,METROPOLITAN NASHVILLE POLICE DEPT,20210629536,Davidson,Nashville,12/11/2021 7:25:00 AM,2,0,0,36.032170,-86.758490,CLOVERLAND DR,,,,367.00,Feet,West,CLOVERLAND PARK DR,,,,0.00,N,Not at Intersection,N,Non-Junction,None,,,         ,Dillon,Deleacaes,Rain,HeadOn,no,no,no,no,no,False