master_record_number,agency,agency_tracking_number,county,city,collision_date,vehicles_involved,number_injured,number_dead,latitude,longitude,roadway_name,roadway_suffix,roadway_number,roadway_local_id,distance_from_reference,miles-feet_indicator,direction_from_reference,intersection_road_name,intersection_road_name_suffix,intersection_road_number,intersection_local_id,mile_marker,intersection_indicator,intersect_type,interchange_related_indicator,relation_to_junction,work_zone_type,construction_maintenance_zone,construction_maintenance_zone_location,fatal_case_number,officer_first_name,officer_last_name,weather_condition(s),manner_of_crash,pedestrian,bicycle,scooter,parking,hitrun,mou
103165685,METROPOLITAN NASHVILLE POLICE DEPT,20210629586,Davidson,Nashville,12/11/2021 5:57:00 AM,1,0,0,36.164440,-86.763320,I 24,,,,0.00,,,,,,,49.10,N,Not at Intersection,N,Non-Junction,None,,,         ,Brian,Ritz,"Cloudy, Rain",Not Collision with Motor Vehicle in Transport,no,no,no,no,no,False
103165696,METROPOLITAN NASHVILLE POLICE DEPT,20210629640,Davidson,Nashville,12/11/2021 8:20:00 AM,2,0,0,36.091070,-86.762780,I 65,,,,0.00,,,,,,,78.45,N,Not at Intersection,N,Non-Junction,None,,,         ,Jackson,Smythe,Cloudy,Front to Rear,no,no,no,no,no,False
103165697,METROPOLITAN NASHVILLE POLICE DEPT,20210627983,Davidson,Nashville,12/10/2021 10:37:00 AM,2,1,0,36.151000,-86.750270,I 40,,,,0.00,,,,,,,211.60,N,Not at Intersection,N,Non-Junction,None,,,         ,Terry,Denton,Clear,Angle,no,no,no,no,no,False
103165698,METROPOLITAN NASHVILLE POLICE DEPT,20210629648,Davidson,Antioch,12/11/2021 8:45:00 AM,1,0,0,36.071900,-86.586260,PADDINGTON WAY,,,,139.00,Feet,East,CHESHIRE PASS,,,,0.00,N,Not at Intersection, ,Non-Junction,None,,,         ,D’Mitri,Mackall,Severe Cross-Winds,Not Collision with Motor Vehicle in Transport,no,no,no,no,no,False
103165704,METROPOLITAN NASHVILLE POLICE DEPT,20210629651,Davidson,Nashville,12/10/2021 12:00:00 AM,2,0,0,36.159030,-86.833590,ALAMEDA ST,,,,237.00,Feet,South,TSU CONNECTOR,,,,0.00,N,Not at Intersection,N,Non-Junction,None,,,         ,Adam,Kauffman,Rain,Front to Rear,no,no,no,no,yes,False
103165707,METROPOLITAN NASHVILLE POLICE DEPT,20210629388,Davidson,Nashville,12/11/2021 8:00:00 AM,1,0,0,36.216360,-86.812260,MOORMANS ARM RD,,,,290.00,Feet,East,CROUCH DR,,,,0.00,N,Not at Intersection,N,Non-Junction,None,,,         ,Michael,Richardson,Cloudy,Not Collision with Motor Vehicle in Transport,no,no,no,no,no,False
103165709,BERRY HILL POLICE DEPT,21-3590,Davidson,Berry Hill,12/10/2021 1:10:00 PM,2,1,0,36.112690,-86.766940,BRANSFORD AV,,,,0.00,,,HEATHER PL,,,,0.00,Y,OTHER,N,Intersection-Related,None,,,         ,Larry,Carter,Cloudy,Front to Rear,no,no,no,no,no,False
103165711,METROPOLITAN NASHVILLE POLICE DEPT,20210629658,Davidson,Nashville,12/11/2021 9:05:00 AM,1,0,0,36.244380,-86.747700,I65 S EXT RAMP,,,,0.00,Feet,East,I 65,,,,0.00,N,Not at Intersection,N,Non-Junction,None,,,         ,James,Gilliam,Cloudy,Not Collision with Motor Vehicle in Transport,no,no,no,no,no,False
103165744,GOODLETTSVILLE POLICE DEPT,21-34489,Davidson,Goodlettsville,12/10/2021 3:05:00 PM,2,0,0,36.295550,-86.709810,ALTA LOMA RD,,,,0.00,,,MONTICELLO AV,,,,0.00,Y,T-Intersection,N,Intersection,None,,,         ,Benny,Alexander,Cloudy,Angle,no,no,no,no,no,False
103165774,METROPOLITAN NASHVILLE POLICE DEPT,20210629713,Davidson,Nashville,12/11/2021 10:22:00 AM,2,0,0,36.204580,-86.821360,BUENA VISTA PKE,,,,0.00,,,TUCKER RD,,,,0.00,Y,Y-Intersection, ,Non-Junction,None,,,         ,James,Wray,Cloudy,Front to Rear,no,no,no,no,no,False
103165789,METROPOLITAN NASHVILLE POLICE DEPT,20210629737,Davidson,Not in City Limit,12/11/2021 10:48:00 AM,2,0,0,36.273440,-86.710040,ANDERSON LN,,,,0.00,Feet,,GALLATIN PKEN,,,,0.00,Y,Four-Way,Y,Intersection,None,,,         ,James,Gilliam,Cloudy,Other,no,no,no,no,no,False
103165799,VANDERBILT UNIVERSITY POLICE,20210628246,Davidson,Nashville,12/10/2021 12:15:00 PM,1,1,0,36.139080,-86.800070,CAPERS AV,,,,0.00,,,,,,,0.00,,,N,Non-Junction,None,,,         ,Michael,Knupp,,Not Collision with Motor Vehicle in Transport,no,no,no,yes,no,Campus
103165816,WILLIAMSON CO SHERIFFS OFFICE,2128768,Davidson,Nashville,12/11/2021 12:04:00 PM,2,0,0,36.031220,-86.875580,MURRAY LN,,,,0.00,,,HILLSBORO RD,,,,0.00,Y,T-Intersection, ,Intersection-Related,None,,,         ,Hawken,King,Cloudy,Front to Rear,no,no,no,no,no,False
103165842,METROPOLITAN NASHVILLE POLICE DEPT,20210629647,Davidson,Not in City Limit,12/11/2021 8:44:00 AM,2,0,0,36.263060,-86.711910,STATE RT 45,,,,4.00,Feet,East,GALLATIN PKEN,,,,0.00,N,Not at Intersection,N,Non-Junction,None,,,         ,Michael,Hones,Cloudy,Angle,no,no,no,no,yes,False
103165867,METROPOLITAN NASHVILLE POLICE DEPT,20210629799,Davidson,Nashville,12/11/2021 12:00:00 AM,1,0,0,36.039980,-86.762740,HEARTHSTONE LN,,,,101.00,Feet,North,OLD HICKORY BLVD,,,,0.00,N,Not at Intersection,N,OtherLocation,None,,,         ,Dillon,Deleacaes,Unknown,Not Collision with Motor Vehicle in Transport,no,no,no,no,yes,False
103165888,METROPOLITAN NASHVILLE POLICE DEPT,20210629858,Davidson,Nashville,12/11/2021 1:05:00 PM,2,0,0,36.126270,-86.845810,HARDING PKE,,,,127.00,Feet,West,RIDGEFIELD WAY,,,,0.00,N,Not at Intersection, ,Non-Junction,None,,,         ,Adam,Kauffman,Cloudy,Angle,no,no,no,no,no,False
103165889,METROPOLITAN NASHVILLE POLICE DEPT,20210629855,Davidson,Nashville,12/11/2021 12:30:00 PM,2,0,0,36.231600,-86.781520,EWING DR,,,,0.00,,,BRICK CHURCH PKE,,,,0.00,Y,Four-Way,Y,Intersection,None,,,         ,Justan,Vance,Cloudy,Angle,no,no,no,no,no,False
103165898,METROPOLITAN NASHVILLE POLICE DEPT,20210629627,Davidson,Nashville,12/11/2021 3:00:00 AM,1,0,0,36.138180,-86.727840,I 24,,,,0.00,,,,,,,51.25,N,Not at Intersection,N,Non-Junction,None,,,         ,Robert,Higgins,"Rain, Severe Cross-Winds",Not Collision with Motor Vehicle in Transport,no,no,no,no,no,False
103165900,METROPOLITAN NASHVILLE POLICE DEPT,20210629891,Davidson,Nashville,12/11/2021 1:44:00 PM,3,5,0,36.134140,-86.889490,CHARLOTTE PKE,,,,206.00,Feet,East,HILLWOOD PRIVATE CV,,,,0.00,N,Not at Intersection,N,Non-Junction,None,,,         ,Jared,Dick,Cloudy,Front to Rear,no,no,no,no,no,False
103165907,METROPOLITAN NASHVILLE POLICE DEPT,20210629794,Davidson,Nashville,12/11/2021 12:00:00 PM,2,1,0,36.199480,-86.740200,DELMAS AV,,,,144.00,Feet,East,GALLATIN PKE,,,,0.00,N,Not at Intersection,N,Non-Junction,None,,,         ,Brandon,Evans,Clear,Rear to Side,no,no,no,no,no,False
103165954,METROPOLITAN NASHVILLE POLICE DEPT,20210629942,Davidson,Nashville,12/11/2021 12:30:00 AM,2,0,0,36.139350,-86.761050,CARNEY ST,,,,0.00,,,,,,,0.00,,, ,Non-Junction,None,,,         ,Brian,Ritz,Unknown,Unknown,no,no,no,yes,yes,False
103165964,METROPOLITAN NASHVILLE POLICE DEPT,20210629988,Davidson,Antioch,12/11/2021 2:45:00 PM,2,0,0,36.075125,-86.611557,ALICIA LANE,,,,0.00,,South,,,,,1.00,N,Not at Intersection, ,Non-Junction,None,,,         ,Rachael,Robinson,Clear,"Sideswipe, Same Direction",no,no,no,no,no,False
103165972,METROPOLITAN NASHVILLE POLICE DEPT,20210629943,Davidson,Nashville,12/11/2021 1:30:00 PM,2,0,0,36.057030,-86.715890,NOLENSVILLE PKE,,,,392.00,Feet,North,APRIL LN,,,,0.00,N,Not at Intersection,N,Non-Junction,None,,,         ,Luis,Pena,Clear,Front to Rear,no,no,no,no,yes,False
103165976,METROPOLITAN NASHVILLE POLICE DEPT,20210629959,Davidson,Nashville,12/11/2021 2:53:00 PM,3,0,0,36.134240,-86.776370,I65 S ENT RAMP,,,,0.00,Feet,East,I65 S EXT RAMP,,,,0.00,N,Not at Intersection, ,Non-Junction,None,,,         ,Dakota,Davis,Cloudy,Front to Rear,no,no,no,no,no,False
103165987,METROPOLITAN NASHVILLE POLICE DEPT,20210630131,Davidson,Nashville,12/11/2021 12:00:00 AM,2,0,0,36.133400,-86.770020,WEDGEWOOD AV,,,,126.00,Feet,East,MARTIN ST,,,,0.00,N,Not at Intersection, ,"Driveway, Alley Access, etc",None,,,         ,Alex,Gibson,Clear,Front to Rear,no,no,no,no,no,False
103166017,METROPOLITAN NASHVILLE POLICE DEPT,20210630157,Davidson,Nashville,12/11/2021 5:57:00 PM,2,0,0,36.244520,-86.722460,LAKEWOOD DR,,,,0.00,Feet,,GALLATIN PKES,,,,0.00,Y,T-Intersection,Y,Intersection,None,,,         ,David,Harms,Clear,Angle,no,no,no,no,no,False
103166028,METROPOLITAN NASHVILLE POLICE DEPT,20210630171,Davidson,Not in City Limit,12/11/2021 12:00:00 AM,2,0,0,36.272360,-86.710180,US HWY 31E,,,,157.00,Feet,South,NESBITT LN,,,,0.00,N,Not at Intersection,N,Non-Junction,None,,,         ,Wallace,Seay III,Clear,Front to Rear,no,no,no,no,yes,False
103166030,METROPOLITAN NASHVILLE POLICE DEPT,20210630223,Davidson,Nashville,12/11/2021 6:15:00 PM,1,0,0,36.115695,-86.775035,I 440 E,,,,1.60,Miles,West,,,II 440,,4.80,N,Not at Intersection,N,Non-Junction,None,,,         ,Cory,Stratton,Cloudy,Not Collision with Motor Vehicle in Transport,no,no,no,no,no,False
103166034,METROPOLITAN NASHVILLE POLICE DEPT,20210630037,Davidson,Nashville,12/11/2021 1:30:00 PM,7,3,0,36.060550,-86.623820,MURFREESBORO PKE,,,,1487.00,Feet,South,HAMILTON GLEN PL,,,,0.00,N,Not at Intersection,N,Non-Junction,None,,,         ,Lee,Davis,Clear,Angle,no,no,no,no,no,False
103166044,METROPOLITAN NASHVILLE POLICE DEPT,20210630000,Davidson,Nashville,12/11/2021 3:17:00 PM,3,1,0,36.039860,-86.741320,OLD HICKORY BLVD,,,,638.00,Feet,West,HIGHLAND WAY,,,,0.00,N,Not at Intersection,N,Non-Junction,None,,,         ,Nicholas,Carroll,Clear,Other,no,no,no,yes,no,False
103166057,METROPOLITAN NASHVILLE POLICE DEPT,20210630154,Davidson,Nashville,12/11/2021 4:55:00 PM,3,1,0,36.072700,-86.622500,CEDARCLIFF RD,,,,53.00,Feet,South,LUANN DR,,,,0.00,N,Not at Intersection,N,Non-Junction,None,,,         ,Luis,Pena,Clear,HeadOn,no,no,no,no,no,False
103166072,METROPOLITAN NASHVILLE POLICE DEPT,20210630178,Davidson,Nashville,12/11/2021 5:01:00 PM,2,0,0,36.217220,-86.698690,MCGAVOCK PKE,,,,1.00,Feet,West,AUTOMATED COLLECTION SERVICES,,,,0.00,N,Not at Intersection, ,,None,,,         ,Evan,Grace,,,no,no,no,no,no,False
103166074,VANDERBILT UNIVERSITY POLICE,20210630286,Davidson,Nashville,12/11/2021 6:40:00 PM,2,0,0,36.139500,-86.804010,PIERCE AV,,,,0.00,,,,,,,0.00,,, ,,None,,,         ,De-Adrian,Brown,,,no,no,no,yes,no,Campus
103166080,METROPOLITAN NASHVILLE POLICE DEPT,20210630242,Davidson,Nashville,12/11/2021 6:42:00 PM,2,1,0,36.180590,-86.774270,I 24,,,,0.00,,,,,,,47.65,N,Not at Intersection,N,Non-Junction,None,,,         ,Ralph,Gault,Cloudy,Angle,no,no,no,no,no,False
103166087,METROPOLITAN NASHVILLE POLICE DEPT,20210628870,Davidson,Antioch,12/10/2021 8:59:00 PM,2,1,0,36.066880,-86.599780,MT VIEW RD,,,,10.00,Feet,West,TRU LONG DR,,,,0.00,N,Not at Intersection,N,Non-Junction,None,,,         ,Beri,Scott,"Cloudy, Rain","Sideswipe, Opposite Direction",no,no,no,no,no,False
103166088,METROPOLITAN NASHVILLE POLICE DEPT,20210630189,Davidson,Nashville,12/11/2021 5:49:00 PM,2,3,0,36.150700,-86.767990,LAFAYETTE ST,,,,13.00,Feet,West,2ND AVS,,,,0.00,N,Not at Intersection,N,Non-Junction,None,,,         ,Beri,Scott,Clear,Front to Rear,no,no,no,no,no,False
103166089,METROPOLITAN NASHVILLE POLICE DEPT,20210630251,Davidson,Nashville,12/11/2021 6:56:00 PM,1,1,0,36.110140,-86.719600,BRILEY PKWYN,,,,73.00,Feet,South,I24 W EXT RAMP,,,,0.00,N,Not at Intersection,N,Non-Junction,None,,,         ,Beri,Scott,Clear,Not Collision with Motor Vehicle in Transport,no,no,no,no,no,False
103166092,METROPOLITAN NASHVILLE POLICE DEPT,20210630235,Davidson,Nashville,12/11/2021 6:32:00 PM,1,1,0,36.179820,-86.750040,GALLATIN AV,,,,99.00,Feet,North,N 11TH ST,,,,0.00,N,Not at Intersection,N,Non-Junction,None,,,         ,Tyler,Lewis,Clear,Not Collision with Motor Vehicle in Transport,yes,no,no,no,yes,False
103166104,METROPOLITAN NASHVILLE POLICE DEPT,20210630308,Davidson,Nashville,12/11/2021 6:59:00 PM,2,0,0,36.138490,-86.727370,I24E,,,,314.00,Feet,West,I24 W ENT RAMP,,,,0.00,N,Not at Intersection, ,Non-Junction,None,,,         ,Austin,Binner,Clear,Front to Rear,no,no,no,no,no,False
103166119,GOODLETTSVILLE POLICE DEPT,21-34590,Davidson,Goodlettsville,12/11/2021 7:56:00 PM,2,1,0,36.304890,-86.698710,RIVERGATE MALL PVTDR,,,,0.00,Feet,East,VIETNAM VETERANS BLVDS,,,,0.00,N,Not at Intersection,N,Non-Junction,None,,,         ,Timothy,Williams,Clear,Angle,no,no,no,yes,yes,False
103166129,METROPOLITAN NASHVILLE POLICE DEPT,20210630208,Davidson,Not in City Limit,12/11/2021 5:24:00 PM,2,1,0,35.999450,-86.693430,NOLENSVILLE PKE,,,,0.00,Feet,East,CONCORD HILLS DR,,,,0.00,N,Not at Intersection,N,Non-Junction,None,,,         ,Matthew,Hogan,Clear,Front to Rear,no,no,no,no,no,False
103166168,METROPOLITAN NASHVILLE POLICE DEPT,20210630371,Davidson,Nashville,12/11/2021 8:50:00 PM,2,0,0,36.071090,-86.635310,MURFREESBORO PKE,,,,394.00,Feet,South,BELL RD,,,,0.00,N,Not at Intersection, ,,None,,,         ,Theodore,Flick,,,no,no,no,yes,no,False
103166175,METROPOLITAN NASHVILLE POLICE DEPT,2021-0629607,Davidson,Nashville,12/11/2021 12:00:00 AM,2,0,0,36.140570,-86.723680,I 40,,,,0.00,,,,,,,213.55,N,Not at Intersection,N,Non-Junction,None,,,         ,Frank,Walker,,Angle,no,no,no,no,no,False
103166179,METROPOLITAN NASHVILLE POLICE DEPT,20210630399,Davidson,Not in City Limit,12/11/2021 9:22:00 PM,1,1,0,36.288360,-86.893800,GRAYS POINT RD,,,,105.00,Feet,North,EATONS CREEK RD,,,,0.00,N,Not at Intersection,N,Non-Junction,None,,,         ,Tre,Marlowe,Clear,Not Collision with Motor Vehicle in Transport,no,no,no,no,no,False
103166180,METROPOLITAN NASHVILLE POLICE DEPT,20210630346,Davidson,Nashville,12/11/2021 8:20:00 PM,2,0,0,36.045360,-86.713270,OLD HICKORY BLVD,,,,2.00,Feet,West,NOLENSVILLE PKE,,,,0.00,N,Not at Intersection,N,Non-Junction,None,,,         ,Luis,Pena,Clear,HeadOn,no,no,no,no,no,False
103166191,METROPOLITAN NASHVILLE POLICE DEPT,20210630507,Davidson,Nashville,12/11/2021 11:20:00 PM,1,0,0,36.214490,-86.730520,STRATFORD AV,,,,0.00,,,GALLATIN PKE,,,,0.00,Y,T-Intersection,N,Intersection,None,,,         ,Dillon,Hunt,Clear,Not Collision with Motor Vehicle in Transport,no,no,no,no,yes,False
103166206,METROPOLITAN NASHVILLE POLICE DEPT,20210630449,Davidson,Nashville,12/11/2021 10:27:00 PM,1,0,0,36.027190,-86.743750,EDMONDSON PKE,,,,703.00,Feet,East,CLOVERLAND DR,,,,0.00,N,Not at Intersection,N,Non-Junction,None,,,         ,Matthew,Hogan,Clear,Not Collision with Motor Vehicle in Transport,no,no,no,no,no,False
103166221,METROPOLITAN NASHVILLE POLICE DEPT,20210630588,Davidson,Nashville,12/12/2021 12:20:00 AM,1,0,0,36.096440,-86.654360,OLD MURFREESBORO PKE,,,,135.00,Feet,South,SMITH SPRINGS RD,,,,0.00,N,Not at Intersection,N,OtherLocation,None,,,         ,Samuel,Fredericks,Clear,Not Collision with Motor Vehicle in Transport,no,no,no,no,yes,False
103166224,METROPOLITAN NASHVILLE POLICE DEPT,20210630552,Davidson,Nashville,12/11/2021 11:52:00 PM,2,0,0,36.229380,-86.759280,BROADMOOR DR,,,,0.00,Feet,East,DICKERSON PKE,,,,0.00,N,Not at Intersection,N,Non-Junction,None,,,         ,Kristopher,Sutton,Clear,Angle,no,no,no,no,yes,False
103166231,METROPOLITAN NASHVILLE POLICE DEPT,20210630689,Davidson,Nashville,12/12/2021 1:20:00 AM,2,0,0,36.068370,-86.709150,HAYWOOD LN,,,,184.00,Feet,West,HAYWOOD CTN,,,,0.00,N,Not at Intersection,N,Non-Junction,None,,,         ,Dylan,Ramos,Clear,Angle,no,no,no,no,yes,False
103166232,METROPOLITAN NASHVILLE POLICE DEPT,20210630648,Davidson,Antioch,12/11/2021 11:44:00 AM,2,0,0,36.066130,-86.599250,TRU LONG DR,,,,150.00,Feet,North,TRU LONG CT,,,,0.00,N,Not at Intersection,N,Non-Junction,None,,,         ,D’Mitri,Mackall,Cloudy,HeadOn,no,no,no,no,yes,False
103166233,METROPOLITAN NASHVILLE POLICE DEPT,20210630712,Davidson,Nashville,12/12/2021 12:18:00 AM,1,0,0,36.094400,-86.624870,BELL RD,,,,189.00,Feet,North,HARBOR LIGHTS DR,,,,0.00,N,Not at Intersection, ,Non-Junction,None,,,         ,Nelson,Hemingway,Clear,Not Collision with Motor Vehicle in Transport,no,no,no,no,no,False
103166237,METROPOLITAN NASHVILLE POLICE DEPT,20210630557,Davidson,Nashville,12/11/2021 12:00:00 AM,2,1,0,36.155980,-86.788910,BROADWAY,,,,19.00,Feet,West,GEORGE L DAVIS BLVD,,,,0.00,N,Not at Intersection,Y,OtherLocation,None,,,         ,Tristan,Krausman,Clear,Angle,no,no,no,no,yes,False
103166238,METROPOLITAN NASHVILLE POLICE DEPT,20210630747,Davidson,Nashville,12/12/2021 2:50:00 AM,1,1,0,36.148190,-86.704030,ELM HILL PKE,,,,347.00,Feet,South,APPLETON DR,,,,0.00,N,Not at Intersection,N,Non-Junction,None,,,         ,Bryson,Wilkins,,Not Collision with Motor Vehicle in Transport,no,no,no,no,no,False
103166245,METROPOLITAN NASHVILLE POLICE DEPT,20210630763,Davidson,Nashville,12/12/2021 12:00:00 AM,1,0,0,36.114650,-86.631360,BELL RD,,,,1004.00,Feet,North,COUCHVILLE PKE,,,,0.00,N,Not at Intersection,N,Non-Junction,None,,,         ,Scott,Edwards,,Not Collision with Motor Vehicle in Transport,no,no,no,no,yes,False
103166254,METROPOLITAN NASHVILLE POLICE DEPT,20210630753,Davidson,Not in City Limit,12/12/2021 12:00:00 AM,1,0,0,36.077310,-87.018610,I40 W EXT RAMP,,,,0.00,Feet,East,I 40,,,,0.00,N,Not at Intersection,N,Non-Junction,None,,,         ,Billy,Price,Clear,Not Collision with Motor Vehicle in Transport,no,no,no,no,yes,False
103166261,METROPOLITAN NASHVILLE POLICE DEPT,20210630775,Davidson,Nashville,12/12/2021 3:10:00 AM,1,1,0,36.237020,-86.663460,NAWAKWA TRL,,,,421.00,Feet,East,BRANNOM DR,,,,0.00,N,Not at Intersection,N,Non-Junction,None,,,         ,William,Badger,Cloudy,Not Collision with Motor Vehicle in Transport,no,no,no,no,no,False
103166268,METROPOLITAN NASHVILLE POLICE DEPT,20210630851,Davidson,Nashville,12/12/2021 5:02:00 AM,1,0,0,36.077140,-86.641460,MURFREESBORO PKE,,,,0.00,,,LAKEVILLA DR,,,,0.00,Y,Four-Way,Y,Intersection,None,,,         ,Dallas,Johnson,Clear,Unknown,no,no,no,no,yes,False
103166269,METROPOLITAN NASHVILLE POLICE DEPT,20210630814,Davidson,Nashville,12/12/2021 3:35:00 AM,2,0,0,36.103620,-86.666480,FAIRCLOTH LN,,,,0.00,,,OLD MURFREESBORO PKE,,,,0.00,Y,OTHER, ,Intersection,None,,,         ,Scott,Edwards,Cloudy,Angle,no,no,no,no,no,False
103166296,METROPOLITAN NASHVILLE POLICE DEPT,20210630613,Davidson,Nashville,12/11/2021 7:00:00 PM,2,0,0,36.112270,-86.922770,OLD HICKORY BLVD,,,,30.00,Feet,North,I40 W EXT RAMP,,,,0.00,N,Not at Intersection,Y,Entrance/Exit Ramp Related,None,,,         ,Lynsey,Fish,Unknown,Front to Rear,no,no,no,no,yes,False
103166300,METROPOLITAN NASHVILLE POLICE DEPT,20210630830,Davidson,Nashville,12/12/2021 4:30:00 AM,2,1,0,36.079490,-86.644600,MURFREESBORO PKE,,,,0.00,,,EDGE O LAKE DR,,,,0.00,Y,Four-Way,N,Intersection-Related,None,,,         ,Samuel,Fredericks,Clear,Front to Rear,no,no,no,no,no,False
103166313,METROPOLITAN NASHVILLE POLICE DEPT,20210630923,Davidson,Not in City Limit,12/12/2021 7:00:00 AM,2,0,0,36.263010,-86.711540,STATE RT 45,,,,115.00,Feet,East,GALLATIN PKEN,,,,0.00,N,Not at Intersection, ,,None,,,         ,Chase,Carter,,,no,no,no,no,no,False
103166320,METROPOLITAN NASHVILLE POLICE DEPT,20210630844,Davidson,Nashville,12/12/2021 4:46:00 AM,2,2,0,36.106330,-86.718660,I 24,,,,0.00,,,,,,,54.00,N,Not at Intersection,N,Non-Junction,None,,,         ,Dillon,Gann,Clear,"Sideswipe, Same Direction",no,no,no,no,no,False
103166329,METROPOLITAN NASHVILLE POLICE DEPT,20210630818,Davidson,Nashville,12/12/2021 4:20:00 AM,1,0,0,36.126700,-86.711090,MURFREESBORO PKE,,,,0.00,,,THOMPSON PL,,,,0.00,Y,Four-Way,Y,Intersection,None,,,         ,Jacob,Snyder,Cloudy,Not Collision with Motor Vehicle in Transport,no,no,no,no,no,False
103166336,METROPOLITAN NASHVILLE POLICE DEPT,20210630919,Davidson,Nashville,12/12/2021 12:00:00 AM,2,0,0,36.142275,-86.822911,I440E,,,,0.00,,East,,,I1,,1.00,N,Not at Intersection, ,Non-Junction,None,,,         ,laina,herod,Fog,Front to Rear,no,no,no,no,no,False
103166356,METROPOLITAN NASHVILLE POLICE DEPT,20210630976,Davidson,Nashville,12/12/2021 8:10:00 AM,2,0,0,36.114660,-86.724430,I 24,,,,0.00,,,,,,,53.30,N,Not at Intersection,N,Non-Junction,None,,,         ,Eric,Burford,Clear,"Sideswipe, Same Direction",no,no,no,no,yes,False
103166359,METROPOLITAN NASHVILLE POLICE DEPT,20210631018,Davidson,Nashville,12/12/2021 8:49:00 AM,2,0,0,36.221810,-86.761630,DICKERSON PKE,,,,45.00,Feet,North,HART LN,,,,0.00,N,Not at Intersection,N,Non-Junction,None,,,         ,Jarret,Sonnenberg,Clear,Angle,no,no,no,no,no,False
103166364,METROPOLITAN NASHVILLE POLICE DEPT,20210631028,Davidson,Nashville,12/12/2021 12:00:00 AM,2,1,0,36.184870,-86.803390,CLAY ST,,,,0.00,,,9TH AVN,,,,0.00,Y,Four-Way,N,Non-Junction,None,,,         ,Bianca,Crawford,Clear,Angle,no,no,no,no,no,False
103166381,METROPOLITAN NASHVILLE POLICE DEPT,20210629916,Davidson,Not in City Limit,12/11/2021 12:00:00 AM,2,0,0,36.273440,-86.710040,ANDERSON LN,,,,0.00,Feet,South,GALLATIN PKEN,,,,0.00,N,Not at Intersection,N,Non-Junction,None,,,         ,Michael,Hones,Cloudy,Front to Rear,no,no,no,no,no,False
103166397,METROPOLITAN NASHVILLE POLICE DEPT,20210631097,Davidson,Nashville,12/12/2021 10:01:00 AM,2,0,0,36.156620,-86.787510,12TH AVN,,,,0.00,,,BROADWAY,,,,0.00,Y,Four-Way, ,Intersection-Related,None,,,         ,Benny,Pittman,Clear,HeadOn,no,no,no,no,no,False
103166401,METROPOLITAN NASHVILLE POLICE DEPT,20210631051,Davidson,Nashville,12/12/2021 9:35:00 AM,2,0,0,36.063800,-86.683840,I 24,,,,0.00,,,,,,,57.50,N,Not at Intersection,N,Non-Junction,None,,,         ,Marcus,Darden,Clear,Angle,no,no,no,no,no,False
103166426,METROPOLITAN NASHVILLE POLICE DEPT,20210631157,Davidson,Nashville,12/12/2021 10:25:00 AM,2,0,0,36.045370,-86.713260,OLD HICKORY BLVD,,,,0.00,,,NOLENSVILLE PKE,,,,0.00,Y,Four-Way,N,Intersection,None,,,         ,Gregory,Dixon,Clear,Angle,no,no,no,no,no,False
103166432,METROPOLITAN NASHVILLE POLICE DEPT,20210631169,Davidson,Not in City Limit,12/12/2021 11:50:00 AM,1,0,0,36.263920,-86.704360,DELAWARE AV,,,,0.00,,,DELAWARE AV,,,,0.00,,Not at Intersection, ,Non-Junction,None,,,         ,Wesley,Mcclelland,Clear,Not Collision with Motor Vehicle in Transport,no,no,no,yes,no,False
103166439,METROPOLITAN NASHVILLE POLICE DEPT,20210631064,Davidson,Nashville,12/12/2021 9:57:00 AM,3,0,0,36.073140,-86.692250,I 24,,,,0.00,,,,,,,56.70,N,Not at Intersection,N,Non-Junction,None,,,         ,Darrin,Hardin,Clear,"Sideswipe, Same Direction",no,no,no,no,yes,False
103166452,METROPOLITAN NASHVILLE POLICE DEPT,20210631181,Davidson,Nashville,12/11/2021 9:00:00 PM,2,0,0,36.095650,-86.717610,CATHY JO CIR,,,,95.00,Feet,South,SEVENMILE CT,,,,0.00,N,Not at Intersection,N,Non-Junction,None,,,         ,Jerre,Fly,Cloudy,"Sideswipe, Opposite Direction",no,no,no,no,yes,False
103166521,METROPOLITAN NASHVILLE POLICE DEPT,20210631100,Davidson,Nashville,12/12/2021 10:26:00 AM,2,0,0,36.109870,-86.922430,SONYA DR,,,,29.00,Feet,East,STATE HWY 251,,,,0.00,N,Not at Intersection, ,Non-Junction,None,,,         ,Jeffery,Leiser,Clear,Angle,no,no,no,no,no,False
103166522,METROPOLITAN NASHVILLE POLICE DEPT,20210631200,Davidson,Nashville,12/12/2021 11:22:00 AM,3,1,0,36.195780,-86.776120,I 65,,,,0.00,,,,,,,86.55,N,Not at Intersection,N,Non-Junction,None,,,         ,Ryan,Worstall,Clear,Front to Rear,no,no,no,no,no,False
103166528,METROPOLITAN NASHVILLE POLICE DEPT,20210631191,Davidson,Nashville,12/12/2021 12:02:00 PM,1,1,0,36.109210,-86.934200,CHARLOTTE PKE,,,,272.00,Feet,East,WOODLAND WAY,,,,0.00,N,Not at Intersection,N,Non-Junction,None,,,         ,Jack,Crouch,Clear,Unknown,no,no,no,no,no,False