master_record_number,agency,agency_tracking_number,county,city,collision_date,vehicles_involved,number_injured,number_dead,latitude,longitude,roadway_name,roadway_suffix,roadway_number,roadway_local_id,distance_from_reference,miles-feet_indicator,direction_from_reference,intersection_road_name,intersection_road_name_suffix,intersection_road_number,intersection_local_id,mile_marker,intersection_indicator,intersect_type,interchange_related_indicator,relation_to_junction,work_zone_type,construction_maintenance_zone,construction_maintenance_zone_location,fatal_case_number,officer_first_name,officer_last_name,weather_condition(s),manner_of_crash,pedestrian,bicycle,scooter,parking,hitrun,mou
103168901,THP District 9 - Administrative,321082766,Davidson,Nashville,12/14/2021 11:02:00 AM,2,0,0,36.150130,-86.743000,FESSLERS LN,,,,71.00,Feet,North,FESSLERS LN PVTDR,,,,0.00,N,Not at Intersection,N,"Driveway, Alley Access, etc",None,,,         ,Michael,Morgan,Clear,Front to Rear,no,no,no,no,no,False
103168912,METROPOLITAN NASHVILLE POLICE DEPT,20210635696,Davidson,Antioch,12/15/2021 7:10:00 AM,2,0,0,36.042400,-86.606170,MURFREESBORO PKE,,,,200.00,Feet,South,HOBSON PKE,,,,0.00,N,Not at Intersection,N,Non-Junction,None,,,         ,Matthew,Jorgensen,Clear,Front to Rear,no,no,no,no,yes,False
103168937,BERRY HILL POLICE DEPT,21-3637,Davidson,Berry Hill,12/15/2021 9:45:00 AM,2,0,0,36.113090,-86.765930,HEATHER PL,,,,0.00,,,COLUMBINE PL,,,,0.00,Y,OTHER, ,,None,,,         ,Larry,Carter,,,no,no,no,yes,no,False
103168941,METROPOLITAN NASHVILLE POLICE DEPT,20210635702,Davidson,Nashville,12/15/2021 9:28:00 AM,2,0,0,36.129450,-86.854570,WHITE BRIDGE PKE,,,,0.00,,,BROOKWOOD TER,,,,0.00,Y,Four-Way,N,Non-Junction,None,,,         ,Adam,Kauffman,Clear,"Sideswipe, Same Direction",no,no,no,no,no,False
103168962,METROPOLITAN NASHVILLE POLICE DEPT,20210635407,Davidson,Nashville,12/15/2021 6:18:00 AM,5,2,0,36.150470,-86.784960,I 40,,,,0.00,,,,,,,209.50,N,Not at Intersection,N,Non-Junction,None,,,         ,Brian,Ritz,Clear,"Sideswipe, Same Direction",no,no,no,no,no,False
103168973,METROPOLITAN NASHVILLE POLICE DEPT,20210635763,Davidson,Nashville,12/15/2021 10:55:00 AM,2,1,0,36.151070,-86.854100,CHARLOTTE AV,,,,0.00,,,RICHLAND CREEK SHOPPING CENTER,,,,0.00,Y,OTHER,N,Non-Junction,None,,,         ,George,Spencer,Clear,Front to Rear,no,no,no,no,no,False
103168974,METROPOLITAN NASHVILLE POLICE DEPT,20210635643,Davidson,Nashville,12/15/2021 8:23:00 AM,2,2,0,36.043090,-86.691420,BELL RD,,,,634.00,Feet,East,BROOK VIEW ESTATES DR,,,,0.00,N,Not at Intersection,N,Non-Junction,None,,,         ,Kevin,Steiner,Clear,Front to Rear,no,no,no,no,no,False
103168975,METROPOLITAN NASHVILLE POLICE DEPT,20210635769,Davidson,Nashville,12/15/2021 11:00:00 AM,2,0,0,36.044770,-86.661530,BELL RD,,,,0.00,,,CANE RIDGE RD,,,,0.00,Y,Four-Way, ,Intersection,None,,,         ,Kevin,Steiner,Clear,Front to Rear,no,no,no,no,no,False
103168977,METROPOLITAN NASHVILLE POLICE DEPT,20210635697,Davidson,Antioch,12/15/2021 7:40:00 AM,2,0,0,36.042850,-86.606550,MURFREESBORO PKE,,,,0.00,Feet,,HOBSON PKE,,,,0.00,Y,Four-Way,N,Intersection,None,,,         ,Matthew,Jorgensen,Clear,"Sideswipe, Same Direction",no,no,no,no,yes,False
103168983,METROPOLITAN NASHVILLE POLICE DEPT,20210635787,Davidson,Goodlettsville,12/15/2021 11:10:00 AM,2,2,0,36.293140,-86.702350,RIVERGATE STATION PVTDR,,,,0.00,,,GALLATIN PKEN,,,,0.00,Y,Four-Way,N,Intersection,None,,,         ,Justan,Vance,Clear,Angle,no,no,no,no,no,False
103168994,METROPOLITAN NASHVILLE POLICE DEPT,20210635768,Davidson,Nashville,12/15/2021 11:00:00 AM,2,0,0,36.096600,-86.763260,I 65,,,,0.00,,,,,,,78.80,N,Not at Intersection, ,Non-Junction,None,,,         ,Kaitlyn,Qualls,Clear,"Sideswipe, Same Direction",no,no,no,no,no,False
103168997,METROPOLITAN NASHVILLE POLICE DEPT,20210635869,Davidson,Nashville,12/15/2021 11:24:00 AM,2,0,0,36.133980,-86.748340,HACKWORTH ST,,,,0.00,Feet,,POLK AV,,,,0.00,Y,T-Intersection,N,Intersection,None,,,         ,Todd,Watson,Clear,Front to Rear,no,no,no,no,yes,False
103169030,METROPOLITAN NASHVILLE POLICE DEPT,20210635752,Davidson,Nashville,12/15/2021 10:42:00 AM,4,1,0,36.141260,-86.716970,I 40,,,,0.00,,,,,,,213.20,N,Not at Intersection,N,Non-Junction,None,,,         ,Patrick,Lancaster,Clear,Front to Rear,no,no,no,no,no,False
103169032,METROPOLITAN NASHVILLE POLICE DEPT,20210635757,Davidson,Nashville,12/15/2021 8:45:00 AM,2,1,0,36.179050,-86.613600,DODSON CHAPEL RD,,,,27.00,Feet,South,NOEL COVE CIR,,,,0.00,N,Not at Intersection,N,Non-Junction,None,,,         ,Dylan,Chambers,Clear,Angle,no,no,no,no,no,False
103169046,GOODLETTSVILLE POLICE DEPT,21-34942,Davidson,Goodlettsville,12/15/2021 8:38:00 AM,2,0,0,36.325630,-86.702150,E CEDAR ST,,,,220.00,Feet,North,LONG HOLLOW PKE,,,,0.00,N,Not at Intersection,N,Non-Junction,None,,,         ,Daniel,Knalls,Clear,"Sideswipe, Same Direction",no,no,no,no,no,False
103169048,METROPOLITAN NASHVILLE POLICE DEPT,20210635881,Davidson,Antioch,12/15/2021 12:17:00 PM,1,0,0,36.013870,-86.641220,CANE RIDGE RD,,,,0.57,Miles,South,CANE SPRINGS RD,,,,0.00,N,Not at Intersection,N,Non-Junction,None,,,         ,Matthew,Jorgensen,Clear,Not Collision with Motor Vehicle in Transport,no,no,no,no,no,False
103169067,METROPOLITAN NASHVILLE POLICE DEPT,20210635810,Davidson,Nashville,12/15/2021 11:08:00 AM,2,0,0,36.231510,-86.792450,EWING DR,,,,0.00,,,GWYNNWOOD DR,,,,0.00,Y,Four-Way,N,Intersection,None,,,         ,William,Coy,Clear,Angle,no,no,no,no,yes,False
103169085,METROPOLITAN NASHVILLE POLICE DEPT,20210635931,Davidson,Not in City Limit,12/15/2021 12:39:00 PM,2,0,0,36.044280,-86.957270,HIGHWAY 100,,,,316.00,Feet,West,LEARNING LN,,,,0.00,N,Not at Intersection, ,Non-Junction,None,,,         ,Jared,Dick,Clear,Angle,no,no,no,no,no,False
103169092,METROPOLITAN NASHVILLE POLICE DEPT,20210635816,Davidson,Nashville,12/15/2021 11:28:00 AM,2,0,0,36.240430,-86.757420,DICKERSON PKE,,,,114.00,Feet,South,BRILEY PKWY E EXT RAMP,,,,0.00,N,Not at Intersection,N,Non-Junction,None,,,         ,John,Braxton,Clear,Front to Rear,no,no,no,no,no,False
103169190,METROPOLITAN NASHVILLE POLICE DEPT,20210635988,Davidson,Nashville,12/15/2021 1:56:00 PM,1,1,0,36.146100,-86.879050,I 40,,,,0.00,,,,,,,202.65,N,Not at Intersection,N,Non-Junction,None,,,         ,Andrew,McCarron,Clear,Not Collision with Motor Vehicle in Transport,no,no,no,no,no,False
103169222,METROPOLITAN NASHVILLE POLICE DEPT,20210635909,Davidson,Nashville,12/15/2021 12:00:00 PM,2,0,0,36.123450,-86.809790,I440 E EXT RAMP,,,,0.00,,,I 440,,,,0.00,Y,Y-Intersection,N,Non-Junction,None,,,         ,Adam,Kauffman,Clear,Front to Rear,no,no,no,no,no,False
103169269,METROPOLITAN NASHVILLE POLICE DEPT,20210636055,Davidson,Nashville,12/15/2021 2:45:00 PM,3,0,0,36.142350,-86.734980,I 40,,,,0.00,,,,,,,212.60,N,Not at Intersection,N,Non-Junction,None,,,         ,Reagan,Heath,Clear,Front to Rear,no,no,no,no,no,False
103169283,METROPOLITAN NASHVILLE POLICE DEPT,20210636143,Davidson,Nashville,12/15/2021 3:50:00 PM,2,0,0,36.126100,-86.846070,HARDING PKE,,,,161.00,Feet,East,KENNER AVN,,,,0.00,N,Not at Intersection,N,Non-Junction,None,,,         ,Heather,Fox,Clear,Angle,no,no,no,no,yes,False
103169286,METROPOLITAN NASHVILLE POLICE DEPT,20210636112,Davidson,Nashville,12/15/2021 3:18:00 PM,2,0,0,36.109020,-86.720180,I24 W EXT RAMP,,,,0.00,Feet,East,I 24,,,,0.00,N,Not at Intersection, ,Entrance/Exit Ramp Related,None,,,         ,Austin,Binner,Clear,Front to Rear,no,no,no,no,no,False
103169288,METROPOLITAN NASHVILLE POLICE DEPT,20210636152,Davidson,Nashville,12/15/2021 3:30:00 PM,2,0,0,36.168350,-86.656860,STEWARTS FERRY PKE,,,,0.00,,,LEBANON PKE,,,,0.00,Y,Four-Way, ,Non-Junction,None,,,         ,Donovan,Coble,Clear,Front to Rear,no,no,no,no,no,False
103169308,METROPOLITAN NASHVILLE POLICE DEPT,20210636154,Davidson,Goodlettsville,12/15/2021 12:00:00 AM,2,0,0,36.296870,-86.699130,MYATT DR,,,,17.00,Feet,South,GALLATIN PKEN,,,,0.00,N,Not at Intersection,N,Non-Junction,None,,,         ,Wesley,Carver,Clear,Angle,no,no,no,no,yes,False
103169319,METROPOLITAN NASHVILLE POLICE DEPT,20210636168,Davidson,Nashville,12/15/2021 3:53:00 PM,2,0,0,36.208240,-86.787730,W TRINITY LN,,,,127.00,Feet,West,MONTICELLO ST,,,,0.00,N,Not at Intersection,N,Non-Junction,None,,,         ,Chase,Harriman,Clear,Front to Rear,no,no,no,no,no,False
103169321,METROPOLITAN NASHVILLE POLICE DEPT,2021-0634011,Davidson,Nashville,12/14/2021 8:37:00 AM,3,2,0,36.113830,-86.809340,WOODMONT BLVD,,,,36.00,Feet,West,GOLF CLUB LN,,,,0.00,N,Not at Intersection,N,Non-Junction,None,,,         ,Sean,Williams,Clear,"Sideswipe, Opposite Direction",no,no,no,no,no,False
103169323,METROPOLITAN NASHVILLE POLICE DEPT,20210636144,Davidson,Nashville,12/15/2021 3:04:00 PM,2,0,0,36.118960,-86.767440,I65 ENT RAMP,,,,0.00,,,I 440,,,,0.00,Y,OTHER, ,Non-Junction,None,,,         ,Robert,Laboy,Clear,Angle,no,no,no,no,no,False
103169325,METROPOLITAN NASHVILLE POLICE DEPT,20210636121,Davidson,Nashville,12/15/2021 3:33:00 PM,3,2,0,36.151710,-86.825320,PARK AV,,,,180.00,Feet,East,35TH AVN,,,,0.00,N,Not at Intersection,N,Non-Junction,None,,,         ,Eric,Westbrook,Clear,Angle,no,no,no,no,no,False
103169339,METROPOLITAN NASHVILLE POLICE DEPT,20210636133,Davidson,Nashville,12/15/2021 3:30:00 PM,2,0,0,36.167010,-86.763730,SHELBY AV,,,,0.00,Feet,,S 4TH ST,,,,0.00,Y,Four-Way, ,Intersection,None,,,         ,Kevin,Clausius,Clear,Angle,no,no,no,no,no,False
103169345,METROPOLITAN NASHVILLE POLICE DEPT,20210636191,Davidson,Nashville,12/15/2021 2:43:00 PM,2,0,0,36.183720,-86.747490,EASTLAND AV,,,,224.00,Feet,West,N 12TH ST,,,,0.00,N,Not at Intersection, ,Non-Junction,None,,,         ,Trevor,Jones,Clear,Angle,no,no,no,no,no,False
103169346,METROPOLITAN NASHVILLE POLICE DEPT,20210636151,Davidson,Nashville,12/15/2021 12:00:00 AM,2,0,0,36.149100,-86.783000,I 40,,,,0.00,,,,,,,209.60,N,Not at Intersection,N,Non-Junction,None,,,         ,Alex,Gibson,Clear,"Sideswipe, Same Direction",no,no,no,no,no,False
103169348,METROPOLITAN NASHVILLE POLICE DEPT,20210636118,Davidson,Nashville,12/15/2021 3:31:00 PM,3,1,0,36.045370,-86.713260,OLD HICKORY BLVD,,,,0.00,,,NOLENSVILLE PKE,,,,0.00,Y,Four-Way,Y,Intersection,None,,,         ,John,McDonnell,Clear,Front to Rear,no,no,no,no,no,False
103169354,METROPOLITAN NASHVILLE POLICE DEPT,20210636249,Davidson,Nashville,12/15/2021 5:15:00 PM,2,0,0,36.159400,-86.760470,I 24,,,,0.00,,,,,,,49.65,N,Not at Intersection, ,,None,,,         ,James,Hill,,,no,no,no,no,no,False
103169358,METROPOLITAN NASHVILLE POLICE DEPT,20210636260,Davidson,Nashville,12/15/2021 5:18:00 PM,2,0,0,36.219620,-86.727430,ARDEE AV,,,,0.00,,,GALLATIN PKE,,,,0.00,Y,Four-Way,N,Intersection,None,,,         ,Zachary,Aldrich,Clear,"Sideswipe, Opposite Direction",no,no,no,no,no,False
103169375,METROPOLITAN NASHVILLE POLICE DEPT,20210636337,Davidson,Nashville,12/15/2021 3:51:00 PM,2,0,0,36.158010,-86.791090,I 40,,,,0.00,,,,,,,208.10,N,Not at Intersection,N,Non-Junction,None,,,         ,Douglas,Sykes,Clear,Front to Rear,no,no,no,no,no,False
103169377,METROPOLITAN NASHVILLE POLICE DEPT,20210636229,Davidson,Nashville,12/15/2021 4:36:00 PM,2,1,0,36.167020,-86.763760,S 4TH ST,,,,0.00,Feet,,SHELBY AV,,,,0.00,Y,Four-Way,N,Intersection,None,,,         ,Ralph,Gault,Clear,Angle,no,no,no,no,no,False
103169383,METROPOLITAN NASHVILLE POLICE DEPT,20210636254,Davidson,Nashville,12/15/2021 4:52:00 PM,2,0,0,36.082380,-86.711380,HARDING PL,,,,281.00,Feet,West,TAMPA DR,,,,0.00,N,Not at Intersection,N,Non-Junction,None,,,         ,Gary,Anderson,Clear,"Sideswipe, Same Direction",no,no,no,no,no,False
103169384,METROPOLITAN NASHVILLE POLICE DEPT,20210636198,Davidson,Nashville,12/15/2021 2:52:00 PM,2,1,0,36.131980,-86.897400,I 40,,,,0.00,,,,,,,201.20,N,Not at Intersection,N,Non-Junction,None,,,         ,Dylan,Colquhoun,Clear,Front to Rear,no,no,no,no,no,False
103169385,METROPOLITAN NASHVILLE POLICE DEPT,20210636048,Davidson,Not in City Limit,12/15/2021 2:10:00 PM,2,0,0,36.337700,-86.914190,I 24,,,,0.00,,,,,,,32.20,N,Not at Intersection, ,Non-Junction,None,,,         ,Keegan,Winchell,Clear,"Sideswipe, Same Direction",no,no,no,no,no,False
103169393,METROPOLITAN NASHVILLE POLICE DEPT,20210636311,Davidson,Nashville,12/15/2021 5:30:00 PM,2,0,0,36.185850,-86.775230,I 24,,,,0.00,,,,,,,47.20,N,Not at Intersection, ,Non-Junction,None,,,         ,Ciara,Doherty,Clear,"Sideswipe, Same Direction",no,no,no,no,no,False
103169394,METROPOLITAN NASHVILLE POLICE DEPT,20210636306,Davidson,Nashville,12/15/2021 5:52:00 PM,2,0,0,36.248580,-86.742510,I 65,,,,0.00,,,,,,,91.05,N,Not at Intersection, ,Non-Junction,None,,,         ,Benjamin,Williams,Clear,Front to Rear,no,no,no,no,no,False
103169398,METROPOLITAN NASHVILLE POLICE DEPT,20210636216,Davidson,Nashville,12/15/2021 4:46:00 PM,1,1,0,36.126400,-86.752880,NOLENSVILLE PKE,,,,97.00,Feet,North,ROSEDALE CT,,,,0.00,N,Not at Intersection,N,Non-Junction,None,,,         ,Robert,Laboy,Clear,Not Collision with Motor Vehicle in Transport,yes,no,no,no,yes,False
103169406,METROPOLITAN NASHVILLE POLICE DEPT,20210636275,Davidson,Nashville,12/15/2021 5:38:00 PM,2,3,0,36.142220,-86.759000,HART ST,,,,0.00,,,LEWIS ST,,,,0.00,Y,T-Intersection,N,Intersection,None,,,         ,Beri,Scott,Clear,Angle,no,no,no,no,no,False
103169407,METROPOLITAN NASHVILLE POLICE DEPT,20210636313,Davidson,Nashville,12/15/2021 5:55:00 PM,2,0,0,36.113030,-86.708170,BRILEY PKWYS,,,,425.00,Feet,West,BRILEY PKWYN,,,,0.00,N,Not at Intersection, ,Non-Junction,None,,,         ,Andrew,Brazee,Clear,Front to Rear,no,no,no,no,no,False
103169425,METROPOLITAN NASHVILLE POLICE DEPT,20210636247,Davidson,Nashville,12/15/2021 5:14:00 PM,5,0,0,36.244380,-86.747700,I65 S EXT RAMP,,,,0.00,Feet,East,I 65,,,,0.00,N,Not at Intersection,N,Non-Junction,None,,,         ,Connor,Hosey,Cloudy,Front to Rear,no,no,no,no,no,False
103169448,METROPOLITAN NASHVILLE POLICE DEPT,20210636449,Davidson,Nashville,12/15/2021 7:19:00 PM,2,0,0,36.220280,-86.774190,I 65,,,,0.00,,,,,,,88.30,N,Not at Intersection,N,Non-Junction,None,,,         ,Randy,Puckett,Clear,Angle,no,no,no,no,yes,False
103169449,METROPOLITAN NASHVILLE POLICE DEPT,20210636276,Davidson,Nashville,12/15/2021 5:35:00 PM,2,0,0,36.130180,-86.900350,CHARLOTTE PKE,,,,127.00,Feet,West,CABOT DR,,,,0.00,N,Not at Intersection,N,Non-Junction,None,,,         ,Dylan,Colquhoun,Clear,Angle,no,no,no,no,no,False
103169451,METROPOLITAN NASHVILLE POLICE DEPT,20210636137,Davidson,Not in City Limit,12/15/2021 3:05:00 PM,2,0,0,36.078550,-87.012230,NEWSOM STATION RD,,,,0.00,,,SETTLERS WAY,,,,0.00,Y,T-Intersection,N,Intersection,None,,,         ,Michael,Sipos,Clear,Angle,no,no,no,no,no,False
103169452,METROPOLITAN NASHVILLE POLICE DEPT,20210636410,Davidson,Nashville,12/15/2021 6:10:00 PM,2,0,0,36.090470,-86.627060,SMITH SPRINGS RD,,,,172.00,Feet,West,BELL RD,,,,0.00,N,Not at Intersection,N,Non-Junction,None,,,         ,Joshua,Zambrano-Vera,Clear,Angle,no,no,no,no,yes,False
103169453,METROPOLITAN NASHVILLE POLICE DEPT,20210636360,Davidson,Nashville,12/15/2021 12:00:00 AM,2,1,0,36.113520,-86.922900,OLD HICKORY BLVD,,,,318.00,Feet,South,TIDWELL RD,,,,0.00,N,Not at Intersection,N,Non-Junction,None,,,         ,Maria,Reynolds,Clear,Angle,no,no,no,no,no,False
103169454,METROPOLITAN NASHVILLE POLICE DEPT,20210636340,Davidson,Nashville,12/15/2021 6:05:00 PM,2,0,0,36.070030,-86.698800,HAYWOOD LN,,,,0.00,,,EAST RIDGE DR,,,,0.00,Y,Four-Way,N,Intersection,None,,,         ,Andrew,Brazee,Clear,Angle,no,no,no,no,no,False
103169456,METROPOLITAN NASHVILLE POLICE DEPT,20210636395,Davidson,Goodlettsville,12/15/2021 5:12:00 PM,2,0,0,36.297020,-86.699260,RIVERGATE PKWY,,,,53.00,Feet,North,GALLATIN PKEN,,,,0.00,N,Not at Intersection, ,Non-Junction,None,,,         ,Wesley,Carver,Clear,"Sideswipe, Same Direction",no,no,no,no,no,False
103169457,METROPOLITAN NASHVILLE POLICE DEPT,20210636338,Davidson,Nashville,12/11/2021 3:47:00 PM,2,0,0,36.153660,-86.718260,LEBANON PKE,,,,313.00,Feet,West,SPENCE ENCLAVE CT,,,,0.00,N,Not at Intersection,N,Non-Junction,None,,,         ,Jeffrey,Palomino-Gonzalez,Clear,Angle,no,no,no,no,yes,False
103169459,VANDERBILT UNIVERSITY POLICE,20210636466,Davidson,Nashville,12/15/2021 12:00:00 AM,2,0,0,36.134930,-86.804810,FAIRFAX AV,,,,0.00,,,,,,,0.00,,,N,Non-Junction,None,,,         ,Alan,Reed,Clear,Unknown,no,no,no,yes,yes,Campus
103169464,METROPOLITAN NASHVILLE POLICE DEPT,20210636428,Davidson,Nashville,12/15/2021 6:02:00 PM,3,0,0,36.176210,-86.779480,JEFFERSON ST,,,,341.00,Feet,West,JEFFERSON ST,,,,0.00,N,Not at Intersection, ,Non-Junction,None,,,         ,David,Snowden,Clear,Front to Rear,no,no,no,no,no,False
103169504,METROPOLITAN NASHVILLE POLICE DEPT,20210636462,Davidson,Nashville,12/15/2021 5:30:00 PM,3,1,0,36.240240,-86.752560,I 65,,,,0.00,,,,,,,90.25,N,Not at Intersection,N,Non-Junction,None,,,         ,Benjamin,Williams,Clear,Front to Rear,no,no,no,no,yes,False
103169520,METROPOLITAN NASHVILLE POLICE DEPT,20210636506,Davidson,Nashville,12/15/2021 8:00:00 PM,2,0,0,36.122080,-86.807150,HILLSBORO PKE,,,,0.00,,,I 440,,,,0.00,Y,T-Intersection, ,Intersection,None,,,         ,Steven,Powers,Clear,Front to Rear,no,no,no,no,no,False
103169521,METROPOLITAN NASHVILLE POLICE DEPT,20210636495,Davidson,Nashville,12/15/2021 6:13:00 PM,2,0,0,36.166230,-86.765790,I24 E EXT RAMP,,,,0.00,,,I 24,,,,0.00,Y,Four-Way,N,Intersection,None,,,         ,Michael,Moss,Clear,"Sideswipe, Opposite Direction",no,no,no,no,yes,False
103169557,METROPOLITAN NASHVILLE POLICE DEPT,20210636569,Davidson,Not in City Limit,12/15/2021 12:00:00 AM,2,0,0,36.080050,-86.954320,HIGHWAY 70S,,,,172.00,Feet,East,I40 E ENT RAMP,,,,0.00,N,Not at Intersection, ,Non-Junction,None,,,         ,Maria,Reynolds,Clear,"Sideswipe, Same Direction",no,no,no,no,no,False
103169558,METROPOLITAN NASHVILLE POLICE DEPT,20210636492,Davidson,Nashville,12/15/2021 7:43:00 PM,2,0,0,36.044660,-86.661530,CANE RIDGE RD,,,,39.00,Feet,South,BELL RD,,,,0.00,N,Not at Intersection, ,Non-Junction,None,,,         ,Beri,Scott,Clear,Not Collision with Motor Vehicle in Transport,no,no,no,no,no,False
103169567,METROPOLITAN NASHVILLE POLICE DEPT,20210636366,Davidson,Antioch,12/15/2021 4:38:00 PM,2,0,0,36.042470,-86.607210,HOBSON PKE,,,,237.00,Feet,West,MURFREESBORO PKE,,,,0.00,N,Not at Intersection,N,Non-Junction,None,,,         ,Nathaniel,Myers,Clear,Front to Rear,no,no,no,no,yes,False
103169568,METROPOLITAN NASHVILLE POLICE DEPT,20210636316,Davidson,Nashville,12/15/2021 5:51:00 PM,2,0,0,36.083310,-86.727450,NOLENSVILLE PKE,,,,33.00,Feet,South,WELCH RD,,,,0.00,N,Not at Intersection,N,Non-Junction,None,,,         ,Nathaniel,Myers,Clear,Front to Rear,no,no,no,no,no,False
103169571,METROPOLITAN NASHVILLE POLICE DEPT,20210636605,Davidson,Nashville,12/15/2021 9:23:00 PM,2,0,0,36.193450,-86.726280,PORTER RD,,,,235.00,Feet,South,BRANCH ST,,,,0.00,N,Not at Intersection,N,Non-Junction,None,,,         ,Zachary,Aldrich,Clear,"Sideswipe, Same Direction",no,no,no,no,yes,False
103169574,METROPOLITAN NASHVILLE POLICE DEPT,20210636590,Davidson,Nashville,12/15/2021 9:10:00 PM,2,0,0,36.165700,-86.612970,I 40,,,,0.00,,,,,,,220.15,N,Not at Intersection,N,Non-Junction,None,,,         ,Jeffrey,Palomino-Gonzalez,Clear,Front to Rear,no,no,no,no,no,False
103169582,METROPOLITAN NASHVILLE POLICE DEPT,20210636606,Davidson,Nashville,12/15/2021 9:09:00 PM,2,1,0,36.169550,-86.600980,OLD HICKORY BLVD,,,,0.00,,,I40 E ENT RAMP,,,,0.00,Y,OTHER,N,Intersection,None,,,         ,Zaire,Murray,,Angle,no,no,no,no,no,False
103169592,VANDERBILT UNIVERSITY POLICE,20210636432,Davidson,Nashville,12/15/2021 6:50:00 PM,2,0,0,36.137860,-86.803110,BLAKEMORE AV,,,,0.00,,,23RD AVS,,,,0.00,Y,T-Intersection,N,Intersection,None,,,         ,James,McDaniel,Clear,"Sideswipe, Opposite Direction",no,no,no,no,no,Campus
103169621,METROPOLITAN NASHVILLE POLICE DEPT,20210636392,Davidson,Nashville,12/15/2021 6:27:00 PM,2,2,0,36.120930,-86.755550,LONGVIEW AV,,,,0.00,,,WINFORD AV,,,,0.00,Y,OTHER,N,Non-Junction,None,,,         ,Brady,Reynolds,Clear,Angle,no,no,no,no,no,False
103169623,METROPOLITAN NASHVILLE POLICE DEPT,20210636745,Davidson,Nashville,12/15/2021 10:16:00 PM,2,0,0,36.110940,-86.745220,THOMPSON LN,,,,0.00,Feet,,NOLENSVILLE PKE,,,,0.00,Y,Four-Way, ,Intersection,None,,,         ,Jonathan,Handley,Clear,"Sideswipe, Opposite Direction",no,no,no,no,no,False
103169626,METROPOLITAN NASHVILLE POLICE DEPT,20210636793,Davidson,Nashville,12/15/2021 10:00:00 PM,1,0,0,36.169780,-86.673050,OLD LEBANON PKE,,,,2.00,Feet,East,LEBANON PKE,,,,0.00,N,Not at Intersection,N,Non-Junction,None,,,         ,Bryson,Wilkins,Clear,Not Collision with Motor Vehicle in Transport,no,no,no,no,no,False
103169630,METROPOLITAN NASHVILLE POLICE DEPT,20210636738,Davidson,Nashville,12/15/2021 11:01:00 PM,2,0,0,36.196820,-86.775640,I 65,,,,0.00,,,,,,,86.60,N,Not at Intersection,N,Non-Junction,None,,,         ,Brian,Quigley,Clear,Front to Rear,no,no,no,no,yes,False
103169635,METROPOLITAN NASHVILLE POLICE DEPT,20210636826,Davidson,Nashville,12/16/2021 12:15:00 AM,2,0,0,36.198750,-86.688440,BRILEY PKWYS,,,,225.00,Feet,South,BRILEY PKWY S EXT RAMP,,,,0.00,N,Not at Intersection, ,Non-Junction,None,,,         ,Bryson,Wilkins,Clear,Front to Rear,no,no,no,no,no,False
103169680,METROPOLITAN NASHVILLE POLICE DEPT,20210636718,Davidson,Nashville,12/15/2021 11:00:00 PM,2,3,0,36.116820,-86.915270,I 40,,,,0.00,,,,,,,199.75,N,Not at Intersection,N,Non-Junction,None,,,         ,Jonathan,Phipps,Clear,Front to Rear,yes,no,no,no,no,False
103169696,METROPOLITAN NASHVILLE POLICE DEPT,20210636998,Davidson,Not in City Limit,12/16/2021 3:00:00 AM,1,0,0,36.223080,-86.975100,BULL RUN RD,,,,1718.00,Feet,North,ASHLAND CITY HWY,,,,0.00,N,Not at Intersection,N,Non-Junction,None,,,         ,Thomas,Clingan,Clear,Not Collision with Motor Vehicle in Transport,no,no,no,no,no,False
103169706,METROPOLITAN NASHVILLE POLICE DEPT,20210636705,Davidson,Nashville,12/15/2021 10:21:00 PM,3,0,0,36.132040,-86.895100,CHARLOTTE PKE,,,,0.00,Feet,East,I40 E ENT RAMP,,,,0.00,N,Not at Intersection,N,Entrance/Exit Ramp Related,None,,,         ,Christopher,Alceus,Clear,HeadOn,no,no,no,no,no,False
103169770,METROPOLITAN NASHVILLE POLICE DEPT,20210637095,Davidson,Nashville,12/16/2021 6:43:00 AM,2,0,0,36.140260,-86.887200,I 40,,,,0.00,,,,,,,202.00,N,Not at Intersection, ,Non-Junction,None,,,         ,Charles,Agius,Clear,Front to Rear,no,no,no,no,no,False
103169772,METROPOLITAN NASHVILLE POLICE DEPT,20210637105,Davidson,Nashville,12/16/2021 6:52:00 AM,2,1,0,36.110920,-86.808030,GRAYBAR LN,,,,0.00,,,BENHAM AV,,,,0.00,Y,T-Intersection,N,Intersection,None,,,         ,Earl,Davis,Clear,Angle,no,no,no,no,no,False
103169791,METROPOLITAN NASHVILLE POLICE DEPT,20210637122,Davidson,Nashville,12/16/2021 6:40:00 AM,2,0,0,36.187650,-86.689160,BRILEY PKWYN,,,,190.00,Feet,South,BRILEY PKWY N EXT RAMP,,,,0.00,N,Not at Intersection,N,Non-Junction,None,,,         ,Dylan,Chambers,Cloudy,Front to Rear,no,no,no,no,yes,False
103169801,METROPOLITAN NASHVILLE POLICE DEPT,20210637120,Davidson,Nashville,12/16/2021 7:00:00 AM,2,0,0,36.219520,-86.759990,CAPITOL VIEW AV,,,,0.00,,,ALHAMBRA CIR,,,,0.00,Y,T-Intersection,N,Non-Junction,None,,,         ,Brandon,Evans,Cloudy,Angle,no,no,no,no,yes,False