master_record_number,agency,agency_tracking_number,county,city,collision_date,vehicles_involved,number_injured,number_dead,latitude,longitude,roadway_name,roadway_suffix,roadway_number,roadway_local_id,distance_from_reference,miles-feet_indicator,direction_from_reference,intersection_road_name,intersection_road_name_suffix,intersection_road_number,intersection_local_id,mile_marker,intersection_indicator,intersect_type,interchange_related_indicator,relation_to_junction,work_zone_type,construction_maintenance_zone,construction_maintenance_zone_location,fatal_case_number,officer_first_name,officer_last_name,weather_condition(s),manner_of_crash,pedestrian,bicycle,scooter,parking,hitrun,mou
103172622,METROPOLITAN NASHVILLE POLICE DEPT,20210641664,Davidson,Nashville,12/19/2021 3:20:00 AM,2,1,0,36.205300,-86.750210,ELLINGTON PKWYS,,,,227.00,Feet,North,ELLINGTON PKWYN,,,,0.00,N,Not at Intersection,N,Non-Junction,None,,,         ,Spencer,Arroyo,Clear,Front to Rear,no,no,no,no,no,False
103172625,METROPOLITAN NASHVILLE POLICE DEPT,20210641307,Davidson,Nashville,12/18/2021 11:00:00 PM,2,0,0,36.124980,-86.847640,HARDING PKE,,,,0.00,,West,WHITE BRIDGE PKE,,,,0.00,N,Not at Intersection,Y,Non-Junction,None,,,         ,Cameron,Schmid,Clear,Angle,no,no,no,no,no,False
103172626,METROPOLITAN NASHVILLE POLICE DEPT,20210641710,Davidson,Not in City Limit,12/19/2021 12:00:00 AM,1,0,0,36.094270,-86.937640,I 40,,,,0.00,,,,,,,197.80,N,Not at Intersection,N,Non-Junction,None,,,         ,Kristopher,Sharpe,Unknown,Not Collision with Motor Vehicle in Transport,no,no,no,no,no,False
103172642,METROPOLITAN NASHVILLE POLICE DEPT,20210641739,Davidson,Nashville,12/19/2021 12:00:00 AM,1,0,0,36.056800,-86.649480,RURAL HILL RD,,,,0.00,Feet,East,TOOK DR,,,,0.00,N,Not at Intersection,N,Non-Junction,None,,,         ,Eric,Laury,Clear,Not Collision with Motor Vehicle in Transport,no,no,no,no,yes,False
103172680,METROPOLITAN NASHVILLE POLICE DEPT,20210641812,Davidson,Not in City Limit,12/19/2021 7:40:00 AM,1,1,0,36.274470,-86.752940,DICKERSON PKE,,,,923.00,Feet,East,YOEST DR,,,,0.00,N,Not at Intersection,N,Non-Junction,None,,,         ,Justan,Vance,Clear,Not Collision with Motor Vehicle in Transport,no,no,no,no,no,False
103172691,METROPOLITAN NASHVILLE POLICE DEPT,20210641768,Davidson,Antioch,12/19/2021 6:11:00 AM,2,1,0,36.058560,-86.597750,HAMILTON CHURCH RD,,,,0.00,,,HOBSON PKE,,,,0.00,Y,Four-Way,N,Intersection,None,,,         ,Lee,Davis,Cloudy,Angle,no,no,no,no,no,False
103172694,METROPOLITAN NASHVILLE POLICE DEPT,20210641770,Davidson,Not in City Limit,12/19/2021 6:40:00 AM,2,0,0,36.262210,-86.712210,GALLATIN PKES,,,,0.00,,,E OLD HICKORY BLVD,,,,0.00,Y,Four-Way, ,Intersection-Related,None,,,         ,Wesley,Mcclelland,Clear,Angle,no,no,no,no,no,False
103172696,METROPOLITAN NASHVILLE POLICE DEPT,20210639069,Davidson,Nashville,12/17/2021 12:00:00 AM,2,0,0,36.141140,-86.886010,I 40,,,,0.00,,,,,,,202.10,N,Not at Intersection,N,Non-Junction,None,,,         ,laina,herod,"Cloudy, Rain",Front to Rear,no,no,no,no,yes,False
103172738,METROPOLITAN NASHVILLE POLICE DEPT,20210641895,Davidson,Nashville,12/19/2021 12:00:00 AM,1,0,0,36.069120,-86.689510,I24 E EXT RAMP,,,,0.00,,,,,,,0.00,,,N,Non-Junction,None,,,         ,Hunter,Levan,Cloudy,Not Collision with Motor Vehicle in Transport,no,no,no,no,no,False
103172764,METROPOLITAN NASHVILLE POLICE DEPT,20210641888,Davidson,Nashville,12/19/2021 9:00:00 AM,2,3,0,36.154270,-86.792890,16TH AVS,,,,0.00,Feet,North,BROADWAY,,,,0.00,N,Not at Intersection,N,Non-Junction,None,,,         ,Paxton,Montgomery,Clear,Angle,no,no,no,no,no,False
103172773,METROPOLITAN NASHVILLE POLICE DEPT,20210642006,Davidson,Nashville,12/19/2021 11:15:00 AM,2,0,0,36.113750,-86.808340,WOODMONT BLVD,,,,198.00,Feet,West,BENHAM AV,,,,0.00,N,Not at Intersection,N,Non-Junction,None,,,         ,Jackson,Smythe,Clear,Front to Rear,no,no,no,no,yes,False
103172806,METROPOLITAN NASHVILLE POLICE DEPT,20210642047,Davidson,Nashville,12/19/2021 12:00:00 PM,2,0,0,36.109240,-86.755500,SIDCO DR,,,,128.00,Feet,South,FONTANA DR,,,,0.00,N,Not at Intersection,N,Non-Junction,None,,,         ,Jackson,Smythe,Clear,Front to Rear,no,no,no,no,no,False
103172807,METROPOLITAN NASHVILLE POLICE DEPT,20210642011,Davidson,Nashville,12/19/2021 11:17:00 AM,2,0,0,36.162380,-86.778080,4TH AVN,,,,0.00,,,COMMERCE ST,,,,0.00,Y,Four-Way, ,Intersection-Related,None,,,         ,Benny,Pittman,Clear,Front to Rear,no,no,no,no,no,False
103172822,METROPOLITAN NASHVILLE POLICE DEPT,20210642041,Davidson,Nashville,12/19/2021 12:02:00 PM,2,1,0,36.179310,-86.763000,ELLINGTON PKWYS,,,,503.00,Feet,North,ELLINGTON PKWYN,,,,0.00,N,Not at Intersection,N,Non-Junction,None,,,         ,Jarret,Sonnenberg,Clear,Angle,no,no,no,no,yes,False
103172824,METROPOLITAN NASHVILLE POLICE DEPT,2021-0634260,Davidson,Nashville,12/14/2021 12:18:00 PM,2,1,0,36.111250,-86.773380,FRANKLIN PKE,,,,136.00,Feet,South,FRANKLIN PKE SB ENT RAMP,,,,0.00,N,Not at Intersection,N,Non-Junction,None,,,         ,Sean,Williams,Clear,"Sideswipe, Opposite Direction",no,no,no,no,no,False
103172847,METROPOLITAN NASHVILLE POLICE DEPT,20210642065,Davidson,Nashville,12/19/2021 12:30:00 PM,2,1,0,36.194730,-86.776170,I 65,,,,0.00,,,,,,,86.50,N,Not at Intersection,Y,Entrance/Exit Ramp Related,None,,,         ,William,Coy,Clear,Front to Rear,no,no,no,no,no,False
103172856,METROPOLITAN NASHVILLE POLICE DEPT,20210642009,Davidson,Nashville,12/19/2021 11:15:00 AM,2,0,0,36.153980,-86.858090,ROBERTSON AV,,,,0.00,Feet,,I40 W ENT RAMP,,,,0.00,Y,Four-Way,N,Intersection-Related,None,,,         ,laina,herod,Clear,Angle,no,no,no,no,yes,False
103172886,METROPOLITAN NASHVILLE POLICE DEPT,20210642129,Davidson,Nashville,12/19/2021 1:00:00 PM,2,0,0,36.188200,-86.688630,BRILEY PKWY N EXT RAMP,,,,0.00,Feet,East,BRILEY PKWYN,,,,0.00,N,Not at Intersection,N,Non-Junction,None,,,         ,Tyler,Hall,Clear,Front to Rear,no,no,no,no,yes,False
103172893,METROPOLITAN NASHVILLE POLICE DEPT,20210642117,Davidson,Nashville,12/19/2021 1:12:00 PM,2,0,0,36.223280,-86.746500,ELLINGTON PKWYS,,,,458.00,Feet,North,ELLINGTON PKWYN,,,,0.00,N,Not at Intersection,N,Non-Junction,None,,,         ,Bryan,Malone,Clear,"Sideswipe, Same Direction",no,no,no,no,yes,False
103172895,METROPOLITAN NASHVILLE POLICE DEPT,20210642063,Davidson,Nashville,12/19/2021 12:30:00 PM,2,0,0,36.196070,-86.776120,I 65,,,,0.00,,,,,,,86.60,N,Not at Intersection, ,Non-Junction,None,,,         ,Malik,Burriss,Clear,Front to Rear,no,no,no,no,no,False
103172914,METROPOLITAN NASHVILLE POLICE DEPT,2021-0642149,Davidson,Nashville,12/19/2021 1:58:00 PM,2,0,0,36.222620,-86.694010,BRILEY PKWYS,,,,82.00,Feet,East,MUSIC VALLEY DR,,,,0.00,N,Not at Intersection,N,Non-Junction,None,,,         ,Calvin,Graham,Clear,Front to Rear,no,no,no,no,no,False
103172930,METROPOLITAN NASHVILLE POLICE DEPT,20210642164,Davidson,Nashville,12/19/2021 2:30:00 PM,1,0,0,36.203670,-86.776850,I65 S ENT RAMP,,,,0.00,Feet,East,I 65,,,,0.00,N,Not at Intersection,N,Non-Junction,None,,,         ,Malik,Burriss,Clear,Not Collision with Motor Vehicle in Transport,no,no,no,no,no,False
103172956,METROPOLITAN NASHVILLE POLICE DEPT,20210642114,Davidson,Nashville,12/19/2021 1:20:00 PM,3,2,0,36.209270,-86.690880,BRILEY PKWYS,,,,521.00,Feet,West,BRILEY PKWYS,,,,0.00,N,Not at Intersection,N,Non-Junction,None,,,         ,Terry,Denton,Clear,Front to Rear,no,no,no,no,no,False
103172957,METROPOLITAN NASHVILLE POLICE DEPT,20210642152,Davidson,Antioch,12/19/2021 1:50:00 PM,2,0,0,36.035710,-86.611200,OLD HICKORY BLVD,,,,64.00,Feet,South,HOBSON PKE,,,,0.00,N,Not at Intersection, ,Non-Junction,None,,,         ,Eric,Burford,Clear,"Sideswipe, Same Direction",no,no,no,no,no,False
103172991,METROPOLITAN NASHVILLE POLICE DEPT,20210642161,Davidson,Nashville,12/19/2021 12:00:00 AM,2,0,0,36.101480,-86.675290,DONELSON PKE,,,,20.00,Feet,North,CITATION DR,,,,0.00,N,Not at Intersection,N,Non-Junction,None,,,         ,Taylor,Blackwelder,Clear,Front to Rear,no,no,no,no,no,False
103172994,METROPOLITAN NASHVILLE POLICE DEPT,20210642157,Davidson,Nashville,12/19/2021 2:03:00 PM,2,1,0,36.045730,-86.709140,OLD HICKORY BLVD,,,,801.00,Feet,West,HICKORY VALLEY CONDOS PVTDR,,,,0.00,N,Not at Intersection,N,Non-Junction,None,,,         ,Tyler,Heckaman,Clear,Angle,no,no,no,no,no,False
103173012,THP District 3 - Nashville,321083537,Davidson,Nashville,12/17/2021 6:27:00 PM,2,0,0,36.028420,-86.784130,I 65,,,,0.00,,,,,,,73.85,N,Not at Intersection, ,Non-Junction,None,,,         ,Reggie,Edge Jr,Clear,Front to Rear,no,no,no,no,no,False
103173041,METROPOLITAN NASHVILLE POLICE DEPT,20210642323,Davidson,Nashville,12/19/2021 4:35:00 PM,2,0,0,36.045740,-86.674350,BLUE HOLE RD,,,,0.00,,,BELL RD,,,,0.00,Y,Four-Way,N,Intersection-Related,None,,,         ,William,Coy,Clear,"Sideswipe, Same Direction",no,no,no,no,yes,False
103173049,METROPOLITAN NASHVILLE POLICE DEPT,20210642241,Davidson,Nashville,12/19/2021 12:00:00 AM,2,2,0,36.136140,-86.789680,WEDGEWOOD AV,,,,300.00,Feet,West,12TH AVS,,,,0.00,N,Not at Intersection,N,Non-Junction,None,,,         ,Alex,Gibson,Clear,Angle,no,no,no,no,no,False
103173059,METROPOLITAN NASHVILLE POLICE DEPT,20210642294,Davidson,Nashville,12/19/2021 12:00:00 AM,2,1,0,36.206270,-86.773480,W TRINITY LN,,,,0.00,Feet,West,I65 N ENT RAMP,,,,0.00,N,Not at Intersection,N,Non-Junction,None,,,         ,Maccio,Hightower,Clear,Angle,no,no,no,no,no,False
103173061,METROPOLITAN NASHVILLE POLICE DEPT,20210641152,Davidson,Nashville,12/18/2021 8:21:00 PM,3,0,0,36.231020,-86.700060,BRILEY PKWYS,,,,275.00,Feet,South,MUSIC VALLEY DR,,,,0.00,N,Not at Intersection,N,Non-Junction,None,,,         ,Donovan,Coble,Clear,Angle,no,no,no,no,no,False
103173063,METROPOLITAN NASHVILLE POLICE DEPT,20210642252,Davidson,Nashville,12/19/2021 3:06:00 PM,2,0,0,36.075060,-86.724920,NOLENSVILLE PKE,,,,0.00,,,FLORA MAXWELL RD,,,,0.00,Y,T-Intersection,N,Intersection,None,,,         ,Keith,Parlato,Clear,Angle,no,no,no,no,no,False
103173074,METROPOLITAN NASHVILLE POLICE DEPT,20210642351,Davidson,Goodlettsville,12/19/2021 5:00:00 PM,2,1,0,36.294490,-86.705290,ALTA LOMA RD,,,,3.00,Feet,West,GLEAVES ST,,,,0.00,N,Not at Intersection,N,Non-Junction,None,,,         ,Connor,Hosey,Clear,Angle,no,no,no,no,no,False
103173096,METROPOLITAN NASHVILLE POLICE DEPT,20210642458,Davidson,Nashville,12/19/2021 6:37:00 PM,2,1,0,36.068780,-86.716600,HAYWOOD LN,,,,94.00,Feet,West,HOPEDALE DR,,,,0.00,N,Not at Intersection,N,Non-Junction,None,,,         ,Steven,Bowler,Clear,Front to Rear,no,no,no,no,no,False
103173102,METROPOLITAN NASHVILLE POLICE DEPT,20210642404,Davidson,Nashville,12/19/2021 5:45:00 PM,2,1,0,36.184680,-86.775690,I 24,,,,0.00,,,,,,,47.25,N,Not at Intersection,N,Non-Junction,None,,,         ,Kency,Le,Clear,Front to Rear,no,no,no,no,no,False
103173108,METROPOLITAN NASHVILLE POLICE DEPT,20210642408,Davidson,Nashville,12/19/2021 5:01:00 PM,3,0,0,36.040140,-86.767030,OLD HICKORY BLVD,,,,399.00,Feet,East,CLOVERLAND DR,,,,0.00,N,Not at Intersection,N,Non-Junction,None,,,         ,Tyler,Shanks,Clear,Front to Rear,no,no,no,no,no,False
103173114,METROPOLITAN NASHVILLE POLICE DEPT,20210642483,Davidson,Nashville,12/19/2021 7:00:00 PM,2,0,0,36.172660,-86.601910,OLD HICKORY BLVD,,,,0.00,,,PRINCETON PL,,,,0.00,Y,OTHER,N,Intersection,None,,,         ,Zaire,Murray,Clear,Angle,no,no,no,no,yes,False
103173116,METROPOLITAN NASHVILLE POLICE DEPT,20210642493,Davidson,Nashville,12/19/2021 6:29:00 PM,2,0,0,36.166870,-86.760650,SYLVAN ST,,,,308.00,Feet,West,S 6TH ST,,,,0.00,N,Not at Intersection,N,Non-Junction,None,,,         ,Ralph,Gault,Clear,Front to Rear,no,no,no,no,yes,False
103173145,METROPOLITAN NASHVILLE POLICE DEPT,20210642503,Davidson,Nashville,12/19/2021 7:22:00 PM,2,1,0,36.063320,-86.637390,BELL CREST DR,,,,0.00,,,BELL RD,,,,0.00,Y,Four-Way,Y,Intersection,None,,,         ,John,McDonnell,Clear,"Sideswipe, Same Direction",no,no,no,no,no,False
103173155,METROPOLITAN NASHVILLE POLICE DEPT,20210642551,Davidson,Nashville,12/19/2021 8:02:00 PM,2,0,0,36.167900,-86.787920,ROSA L PARKS BLVD,,,,109.00,Feet,North,10TH CIRN,,,,0.00,N,Not at Intersection,N,Non-Junction,None,,,         ,Brent,Morris,Clear,Front to Rear,no,no,no,no,yes,False
103173175,METROPOLITAN NASHVILLE POLICE DEPT,20210642564,Davidson,Nashville,12/19/2021 7:58:00 PM,2,0,0,36.140240,-86.827460,ACKLEN PARK DR,,,,39.00,Feet,North,MURPHY RD,,,,0.00,N,Not at Intersection,N,Non-Junction,None,,,         ,Eric,Westbrook,Clear,Front to Rear,no,no,no,no,no,False
103173222,METROPOLITAN NASHVILLE POLICE DEPT,20210642491,Davidson,Nashville,12/19/2021 12:00:00 AM,1,0,0,36.080460,-86.805430,GRANNY WHITE PKE,,,,69.00,Feet,South,TYNE BLVD,,,,0.00,N,Not at Intersection,N,Non-Junction,None,,,         ,Ashley,Kappenmacher,Clear,Not Collision with Motor Vehicle in Transport,no,no,no,no,no,False
103173223,METROPOLITAN NASHVILLE POLICE DEPT,20210642577,Davidson,Nashville,12/19/2021 8:24:00 PM,2,2,0,36.189090,-86.820670,ROSA L PARKS BLVD,,,,477.00,Feet,North,CLARKSVILLE PKE,,,,0.00,N,Not at Intersection,Y,Non-Junction,None,,,         ,Tristen,Mayfield,Clear,HeadOn,no,no,no,no,no,False
103173228,METROPOLITAN NASHVILLE POLICE DEPT,20210642580,Davidson,Nashville,12/19/2021 8:29:00 PM,2,0,0,36.154480,-86.779440,8TH AVS,,,,0.00,Feet,,LAFAYETTE ST,,,,0.00,Y,Roundabout, ,Intersection,None,,,         ,Michael,Moss,Clear,Angle,no,no,no,no,no,False
103173238,METROPOLITAN NASHVILLE POLICE DEPT,20210642668,Davidson,Madison,12/19/2021 12:00:00 AM,2,0,0,36.259680,-86.757770,DICKERSON PKE,,,,132.00,Feet,North,VILLAGE HILLS PVTDR,,,,0.00,N,Not at Intersection,N,Non-Junction,None,,,         ,Vincent,McCrary,Clear,"Sideswipe, Same Direction",no,no,no,no,yes,False
103173250,METROPOLITAN NASHVILLE POLICE DEPT,20210642500,Davidson,Not in City Limit,12/19/2021 7:15:00 PM,2,1,0,36.073910,-86.926270,HICKS RD,,,,0.00,,,HIGHWAY 70S,,,,0.00,Y,Four-Way,N,Intersection-Related,None,,,         ,Peyton,Wheatley,Clear,Front to Rear,no,no,no,no,no,False
103173256,METROPOLITAN NASHVILLE POLICE DEPT,20210642689,Davidson,Nashville,12/19/2021 10:07:00 PM,2,2,0,36.229380,-86.759280,BROADMOOR DR,,,,0.00,,,DICKERSON PKE,,,,0.00,Y,Four-Way,N,Intersection,None,,,         ,Adam,Warren,Clear,Angle,no,no,no,no,no,False
103173275,METROPOLITAN NASHVILLE POLICE DEPT,20210642662,Davidson,Nashville,12/19/2021 9:44:00 PM,1,0,0,36.176060,-86.615800,CENTRAL PKE,,,,85.00,Feet,South,LAKESIDE PL,,,,0.00,N,Not at Intersection,N,Non-Junction,None,,,         ,Jeffrey,Palomino-Gonzalez,,Not Collision with Motor Vehicle in Transport,no,no,no,no,yes,False
103173277,METROPOLITAN NASHVILLE POLICE DEPT,20210642655,Davidson,Antioch,12/19/2021 12:00:00 AM,1,0,0,36.044220,-86.607960,MURFREESBORO PKE,,,,504.00,Feet,South,MOUNTAIN SPRINGS RD,,,,0.00,N,Not at Intersection,N,Non-Junction,None,,,         ,Lisa,Beck,Clear,Not Collision with Motor Vehicle in Transport,no,no,no,no,no,False
103173302,METROPOLITAN NASHVILLE POLICE DEPT,20210642865,Davidson,Nashville,12/19/2021 9:45:00 PM,2,0,0,36.169270,-86.816210,SCOVEL ST,,,,238.00,Feet,East,26TH AVN,,,,0.00,N,Not at Intersection, ,Non-Junction,None,,,         ,Luke,Steigerwalt,Clear,"Sideswipe, Opposite Direction",no,no,no,no,no,False
103173363,BELLE MEADE POLICE DEPT,210262,Davidson,Belle Meade,12/16/2021 2:36:00 PM,2,0,0,36.120880,-86.853230,GARDNER DR,,,,757.00,Feet,West,HARDING PKE,,,,0.00,N,Not at Intersection,N,Non-Junction,None,,,         ,Michael,Germany,Rain,Angle,no,no,no,no,no,False
103173365,METROPOLITAN NASHVILLE POLICE DEPT,20210643078,Davidson,Nashville,12/20/2021 5:28:00 AM,1,0,0,36.185860,-86.582280,N NEW HOPE RD,,,,430.00,Feet,North,N NEW HOPE PVTDR,,,,0.00,N,Not at Intersection,N,Non-Junction,None,,,         ,Andrew,Richey,,Not Collision with Motor Vehicle in Transport,no,no,no,no,no,False
103173367,METROPOLITAN NASHVILLE POLICE DEPT,20210643060,Davidson,Nashville,12/20/2021 4:35:00 AM,2,0,0,36.133460,-86.721730,MURFREESBORO PKE,,,,260.00,Feet,West,PAVILION BLVD,,,,0.00,N,Not at Intersection, ,Non-Junction,None,,,         ,Corey,Ethridge,,Front to Rear,no,no,no,no,no,False
103173376,METROPOLITAN NASHVILLE POLICE DEPT,20210643095,Davidson,Nashville,12/20/2021 5:45:00 AM,2,0,0,36.185190,-86.798250,ROSA L PARKS BLVD,,,,0.00,Feet,,I65 S EXT RAMP,,,,0.00,Y,T-Intersection,N,Intersection,None,,,         ,Brian,DeMarce,Clear,Angle,no,no,no,no,yes,False
103173398,METROPOLITAN NASHVILLE POLICE DEPT,20210643165,Davidson,Not in City Limit,12/20/2021 6:57:00 AM,1,0,0,36.212320,-86.957680,ASHLAND CITY HWY,,,,1848.00,Feet,North,RIVER TRC,,,,0.00,N,Not at Intersection, ,Non-Junction,None,,,         ,William,Coy,Clear,Not Collision with Motor Vehicle in Transport,no,no,no,no,no,False
103173399,METROPOLITAN NASHVILLE POLICE DEPT,20210643112,Davidson,Not in City Limit,12/20/2021 6:10:00 AM,2,2,0,36.280340,-86.803470,I 24,,,,0.00,,,,,,,40.20,N,Not at Intersection,N,Non-Junction,None,,,         ,Nathan,Sizemore,Clear,"Sideswipe, Same Direction",no,no,no,no,no,False
103173408,METROPOLITAN NASHVILLE POLICE DEPT,20210642170,Davidson,Nashville,12/19/2021 2:26:00 PM,2,0,0,36.132880,-86.892800,CHARLOTTE PKE,,,,229.00,Feet,West,OLD CHARLOTTE PKE,,,,0.00,N,Not at Intersection, ,Non-Junction,None,,,         ,Adam,Kauffman,Clear,Front to Rear,no,no,no,no,no,False
103173409,METROPOLITAN NASHVILLE POLICE DEPT,20210643119,Davidson,Nashville,12/20/2021 6:28:00 AM,3,0,0,36.043610,-86.692740,BELL RD,,,,203.00,Feet,East,BROOK VIEW ESTATES DR,,,,0.00,N,Not at Intersection,N,Non-Junction,None,,,         ,Fady,Aziz,"Cloudy, Other",Angle,no,no,no,no,no,False
103173412,METROPOLITAN NASHVILLE POLICE DEPT,20210643152,Davidson,Nashville,12/20/2021 12:00:00 AM,1,0,0,36.084610,-86.702100,LARGO DR,,,,25.00,Feet,West,WALLACE RD,,,,0.00,N,Not at Intersection,N,Non-Junction,None,,,         ,Tyler,Heckaman,Cloudy,Not Collision with Motor Vehicle in Transport,no,no,no,no,yes,False
103173414,METROPOLITAN NASHVILLE POLICE DEPT,20210643141,Davidson,Nashville,12/20/2021 6:28:00 AM,1,0,0,36.091810,-86.685280,MCGAVOCK PKE,,,,0.00,,,,,,,0.00,,,N,Intersection-Related,None,,,         ,Eric,Burford,Clear,Not Collision with Motor Vehicle in Transport,no,no,no,no,no,False
103173420,METROPOLITAN NASHVILLE POLICE DEPT,20210643201,Davidson,Nashville,12/20/2021 7:25:00 AM,2,0,0,36.156740,-86.787120,BROADWAY,,,,121.00,Feet,East,12TH AVS,,,,0.00,N,Not at Intersection, ,Non-Junction,Work Zone,,,         ,Erik,Wagner,Clear,Angle,no,no,no,no,no,False
103173422,METROPOLITAN NASHVILLE POLICE DEPT,20210643105,Davidson,Nashville,12/20/2021 12:00:00 AM,2,1,0,36.043930,-86.693300,BELL RD,,,,0.00,Feet,West,BROOK VIEW ESTATES DR,,,,0.00,N,Not at Intersection,N,Non-Junction,None,,,         ,Zachariah,Souza,Clear,HeadOn,no,no,no,no,no,False
103173433,VANDERBILT UNIVERSITY POLICE,20210643204,Davidson,Nashville,12/20/2021 7:14:00 AM,2,0,0,36.141460,-86.811550,NATCHEZ TRC,,,,0.00,,,,,,,0.00,,, ,Non-Junction,None,,,         ,Christopher,Dion,,Angle,no,no,no,yes,no,Campus
103173439,METROPOLITAN NASHVILLE POLICE DEPT,20210643212,Davidson,Nashville,12/20/2021 7:48:00 AM,2,1,0,36.180010,-86.774070,I 24,,,,0.00,,,,,,,47.70,N,Not at Intersection,N,Non-Junction,None,,,         ,Bryan,Malone,Cloudy,Front to Rear,no,no,no,no,no,False
103173442,METROPOLITAN NASHVILLE POLICE DEPT,20210643269,Davidson,Nashville,12/20/2021 12:00:00 AM,1,1,0,36.219630,-86.667260,NEELYS BEND RD,,,,17.00,Feet,North,MENEES LN,,,,0.00,N,Not at Intersection,N,Non-Junction,None,,,         ,Chase,Carter,Clear,Not Collision with Motor Vehicle in Transport,no,no,no,yes,no,False
103173450,METROPOLITAN NASHVILLE POLICE DEPT,20210643223,Davidson,Nashville,12/20/2021 12:00:00 AM,1,0,0,36.045390,-86.628230,MT VIEW RD,,,,65.00,Feet,East,ASHEFORD TRC,,,,0.00,N,Not at Intersection,N,OtherLocation,None,,,         ,Seth,Wilson,Unknown,Not Collision with Motor Vehicle in Transport,no,no,no,yes,yes,False
103173460,METROPOLITAN NASHVILLE POLICE DEPT,20210643350,Davidson,Nashville,12/20/2021 9:33:00 AM,2,1,0,36.141100,-86.627980,BELL RD,,,,11.00,Feet,South,ELM HILL PKE,,,,0.00,N,Not at Intersection,N,Non-Junction,None,,,         ,Justin,Wells,Clear,Angle,no,no,no,no,no,False
103173473,VANDERBILT UNIVERSITY POLICE,20210784747,Davidson,Nashville,12/19/2021 11:57:00 AM,2,0,0,36.109140,-86.761740,THOMPSON LN,,,,0.00,,,,,,,0.00,,,N,Non-Junction,None,,,         ,Austin,Worrell,Clear,Rear to Rear,no,no,no,yes,yes,False
103173482,METROPOLITAN NASHVILLE POLICE DEPT,20210643317,Davidson,Nashville,12/20/2021 8:48:00 AM,2,0,0,36.170090,-86.593680,I 40,,,,0.00,,,,,,,221.25,N,Not at Intersection, ,Non-Junction,None,,,         ,Ian,Hammond,Cloudy,"Sideswipe, Same Direction",no,no,no,no,no,False
103173540,METROPOLITAN NASHVILLE POLICE DEPT,20210643464,Davidson,Nashville,12/20/2021 11:00:00 AM,2,0,0,36.153880,-86.801190,20TH AVN,,,,0.00,,,HUBBS ALY,,,,0.00,Y,T-Intersection,N,Intersection,None,,,         ,Earl,Davis,Clear,"Sideswipe, Same Direction",no,no,no,no,no,False
103173555,METROPOLITAN NASHVILLE POLICE DEPT,20210639067,Davidson,Nashville,12/17/2021 12:16:00 PM,2,1,0,36.047840,-86.612050,MURFREESBORO PKE,,,,1284.00,Feet,North,MOUNTAIN SPRINGS RD,,,,0.00,N,Not at Intersection,N,Non-Junction,None,,,         ,Darrin,Hardin,Clear,Angle,no,no,no,no,no,False
103173557,METROPOLITAN NASHVILLE POLICE DEPT,20210643450,Davidson,Nashville,12/20/2021 9:59:00 AM,2,0,0,36.202170,-86.776850,I 65,,,,0.00,,,,,,,87.00,N,Not at Intersection, ,,None,,,         ,Ryan,Worstall,,,no,no,no,no,no,False
103173567,METROPOLITAN NASHVILLE POLICE DEPT,20210643492,Davidson,Nashville,12/20/2021 11:25:00 AM,3,1,0,36.087200,-86.692030,ANTIOCH PKE,,,,97.00,Feet,South,HARDING PL,,,,0.00,N,Not at Intersection,N,Non-Junction,None,,,         ,Todd,Watson,Clear,Front to Rear,no,no,no,no,yes,False
103173577,METROPOLITAN NASHVILLE POLICE DEPT,20210643509,Davidson,Nashville,12/20/2021 11:53:00 AM,2,0,0,36.119240,-86.754770,WINFORD AV,,,,0.00,,,MELROSE AV,,,,0.00,Y,Four-Way, ,Intersection,None,,,         ,Jack,Burke,Clear,Angle,no,no,no,no,no,False
103173603,METROPOLITAN NASHVILLE POLICE DEPT,20210643498,Davidson,Nashville,12/20/2021 12:00:00 AM,2,0,0,36.175100,-86.771520,I 24,,,,0.00,,,,,,,48.00,N,Not at Intersection, ,,None,,,         ,James,Thornton,,,no,no,no,no,no,False
103173605,METROPOLITAN NASHVILLE POLICE DEPT,20210643606,Davidson,Nashville,12/20/2021 12:59:00 PM,2,0,0,36.046460,-86.677630,BELL RD,,,,543.00,Feet,East,BRITTANY PARK DR,,,,0.00,N,Not at Intersection, ,Non-Junction,None,,,         ,Kevin,Steiner,Clear,"Sideswipe, Same Direction",no,no,no,no,no,False
103173643,METROPOLITAN NASHVILLE POLICE DEPT,20210643657,Davidson,Madison,12/20/2021 1:37:00 PM,2,1,0,36.264450,-86.732280,OLD HICKORY BLVDW,,,,0.00,,,N GRAYCROFT AV,,,,0.00,Y,Four-Way,N,Intersection,None,,,         ,Christopher,Littles,Clear,Angle,no,no,no,no,no,False
103173678,METROPOLITAN NASHVILLE POLICE DEPT,20210643139,Davidson,Nashville,12/20/2021 6:45:00 AM,2,0,0,36.058530,-86.645420,RURAL HILL RD,,,,1169.00,Feet,South,HICKORY HIGHLANDS DR,,,,0.00,N,Not at Intersection,N,Non-Junction,None,,,         ,Robert,Higgins,Clear,Not Collision with Motor Vehicle in Transport,no,no,no,no,no,False