master_record_number,agency,agency_tracking_number,county,city,collision_date,vehicles_involved,number_injured,number_dead,latitude,longitude,roadway_name,roadway_suffix,roadway_number,roadway_local_id,distance_from_reference,miles-feet_indicator,direction_from_reference,intersection_road_name,intersection_road_name_suffix,intersection_road_number,intersection_local_id,mile_marker,intersection_indicator,intersect_type,interchange_related_indicator,relation_to_junction,work_zone_type,construction_maintenance_zone,construction_maintenance_zone_location,fatal_case_number,officer_first_name,officer_last_name,weather_condition(s),manner_of_crash,pedestrian,bicycle,scooter,parking,hitrun,mou
103178362,METROPOLITAN NASHVILLE POLICE DEPT,20210652211,Davidson,Nashville,12/26/2021 9:48:00 PM,2,2,0,36.045600,-86.658470,I24 W EXT RAMP,,,,0.00,,,I 24,,,,0.00,Y,Four-Way,Y,Intersection,None,,,         ,Taylor,Blackwelder,Clear,Angle,no,no,no,no,no,False
103178371,METROPOLITAN NASHVILLE POLICE DEPT,20210652232,Davidson,Nashville,12/26/2021 10:28:00 PM,2,0,0,36.164110,-86.762990,I 24,,,,0.00,,,,,,,49.15,N,Not at Intersection,N,Non-Junction,None,,,         ,James,Hill,Clear,Angle,no,no,no,no,yes,False
103178374,METROPOLITAN NASHVILLE POLICE DEPT,20210652273,Davidson,Nashville,12/26/2021 8:25:00 PM,2,0,0,36.089070,-86.649990,RANSOM PL,,,,0.00,,,MURFREESBORO PKE,,,,0.00,Y,OTHER, ,,None,,,         ,Samuel,Fredericks,,,no,no,no,yes,no,False
103178383,METROPOLITAN NASHVILLE POLICE DEPT,20210652032,Davidson,Nashville,12/26/2021 6:12:00 PM,2,1,0,36.106020,-86.814500,ABBOTT MARTIN RD,,,,200.00,Feet,West,HILLSBORO PKE,,,,0.00,N,Not at Intersection,N,"Driveway, Alley Access, etc",None,,,         ,Andrew,McCarron,Clear,Angle,no,no,no,no,yes,False
103178397,METROPOLITAN NASHVILLE POLICE DEPT,20210652352,Davidson,Nashville,12/27/2021 12:15:00 AM,1,0,0,36.123500,-86.810020,I440 E EXT RAMP,,,,0.00,Feet,East,I 440,,,,0.00,N,Not at Intersection,N,Non-Junction,None,,,         ,William,McDaniel,Clear,Not Collision with Motor Vehicle in Transport,no,no,no,no,no,False
103178407,THP District 9 - Administrative,321085755,Davidson,Nashville,12/26/2021 11:17:00 PM,1,0,0,36.079140,-86.718680,WALLACE RD,,,,0.00,,,HOPEDALE DR,,,,0.00,Y,T-Intersection,N,Intersection,None,,,         ,Justin,Johnson,Clear,Not Collision with Motor Vehicle in Transport,no,no,no,no,yes,False
103178408,METROPOLITAN NASHVILLE POLICE DEPT,20210652395,Davidson,Not in City Limit,12/27/2021 12:00:00 AM,2,0,0,36.261670,-86.706370,MAPLE ST,,,,309.00,Feet,East,3RD AV,,,,0.00,N,Not at Intersection, ,Non-Junction,None,,,         ,Zachary,Smith,Clear,Angle,no,no,no,no,yes,False
103178427,METROPOLITAN NASHVILLE POLICE DEPT,20210652398,Davidson,Nashville,12/27/2021 1:10:00 AM,3,0,0,36.126700,-86.708830,THOMPSON PL,,,,472.00,Feet,North,PATRICIA DR,,,,0.00,N,Not at Intersection,N,Non-Junction,None,,,         ,Corey,Ethridge,Clear,"Sideswipe, Same Direction",no,no,no,yes,yes,False
103178428,METROPOLITAN NASHVILLE POLICE DEPT,20210652350,Davidson,Nashville,12/27/2021 12:22:00 AM,2,2,0,36.158290,-86.771890,KOREAN VETERANS BLVD,,,,0.00,,,1ST AVS,,,,0.00,Y,Four-Way,N,Intersection,None,,,         ,Nathaniel,Jones,Clear,Angle,no,no,no,no,no,False
103178472,METROPOLITAN NASHVILLE POLICE DEPT,20210652591,Davidson,Nashville,12/27/2021 5:18:00 AM,2,0,0,36.024310,-86.742390,EDMONDSON PKE,,,,3.00,Feet,North,MT PISGAH RD,,,,0.00,N,Not at Intersection,N,Non-Junction,None,,,         ,Sierra,Walker,Clear,Angle,no,no,no,no,no,False
103178497,METROPOLITAN NASHVILLE POLICE DEPT,20210652620,Davidson,Nashville,12/27/2021 12:00:00 AM,2,0,0,36.148390,-86.866800,CHARLOTTE PKE,,,,199.00,Feet,East,EASTBORO DR,,,,0.00,N,Not at Intersection,N,Non-Junction,None,,,         ,Theodore,Meskers,Clear,Rear to Rear,no,no,no,yes,yes,False
103178529,METROPOLITAN NASHVILLE POLICE DEPT,20210651649,Davidson,Nashville,12/26/2021 9:30:00 AM,2,1,0,36.156770,-86.841160,INDIANA AV,,,,0.00,,,45TH AVN,,,,0.00,Y,Four-Way,N,Intersection,None,,,         ,Darren,Key,Clear,Angle,no,no,no,no,no,False
103178532,METROPOLITAN NASHVILLE POLICE DEPT,20210652668,Davidson,Nashville,12/27/2021 7:18:00 AM,2,1,0,36.209070,-86.777940,BRICK CHURCH PKE,,,,0.00,Feet,East,AVONDALE CIR,,,,0.00,N,Not at Intersection,N,Non-Junction,None,,,         ,Ryan,Worstall,Cloudy,Angle,no,no,no,no,no,False
103178583,METROPOLITAN NASHVILLE POLICE DEPT,20210652763,Davidson,Nashville,12/27/2021 9:01:00 AM,2,0,0,36.141970,-86.711890,I 40,,,,0.00,,,,,,,214.10,N,Not at Intersection,N,Non-Junction,None,,,         ,Rachael,Robinson,Cloudy,"Sideswipe, Same Direction",no,no,no,no,yes,False
103178589,METROPOLITAN NASHVILLE POLICE DEPT,20210652662,Davidson,Not in City Limit,12/27/2021 6:48:00 AM,1,0,0,36.320080,-86.897180,CLARKSVILLE PKE,,,,52.00,Feet,West,OLD CLARKSVILLE PKE,,,,0.00,N,Not at Intersection,N,Non-Junction,None,,,         ,David,Kmosko,Cloudy,Not Collision with Motor Vehicle in Transport,no,no,no,no,no,False
103178599,METROPOLITAN NASHVILLE POLICE DEPT,20210652817,Davidson,Nashville,12/27/2021 10:00:00 AM,2,0,0,36.160480,-86.760510,I 24,,,,0.00,,,,,,,49.60,N,Not at Intersection,N,Non-Junction,None,,,         ,Daniel,Russett,Cloudy,Front to Rear,no,no,no,no,no,False
103178608,METROPOLITAN NASHVILLE POLICE DEPT,20210652882,Davidson,Nashville,12/27/2021 9:58:00 AM,2,0,0,36.193670,-86.616670,HERMITAGE MARKETPLACE PVTDR,,,,189.00,Feet,East,OLD HICKORY BLVD,,,,0.00,N,Not at Intersection, ,Non-Junction,None,,,         ,Ian,Hammond,Cloudy,Front to Rear,no,no,no,yes,yes,False
103178649,METROPOLITAN NASHVILLE POLICE DEPT,20210652936,Davidson,Nashville,12/27/2021 11:45:00 AM,2,0,0,36.042290,-86.607540,HOBSON PKE,,,,356.00,Feet,West,MURFREESBORO PKE,,,,0.00,N,Not at Intersection, ,Non-Junction,None,,,         ,Darrin,Hardin,Cloudy,Angle,no,no,no,no,no,False
103178769,METROPOLITAN NASHVILLE POLICE DEPT,20210653000,Davidson,Nashville,12/27/2021 1:07:00 PM,2,4,0,36.246660,-86.756610,DICKERSON PKE,,,,0.00,,,SKYLINE COMMONS PVTDR,,,,0.00,Y,T-Intersection,N,Intersection,None,,,         ,Christopher,Littles,Cloudy,HeadOn,no,no,no,no,no,False
103178770,METROPOLITAN NASHVILLE POLICE DEPT,20210653014,Davidson,Nashville,12/27/2021 12:50:00 PM,2,0,0,36.161030,-86.760630,DAVIDSON ST,,,,24.00,Feet,West,S 5TH ST,,,,0.00,N,Not at Intersection, ,Non-Junction,None,,,         ,Jerrod,Kalinsky,Cloudy,Front to Rear,no,no,no,no,no,False
103178828,THP District 3 - Nashville,321085578,Davidson,Nashville,12/26/2021 10:33:00 AM,1,0,0,36.033500,-86.783470,I 65,,,,0.00,,,,,,,74.20,N,Not at Intersection,N,Non-Junction,None,,,         ,Walter,Roth,Cloudy,Not Collision with Motor Vehicle in Transport,no,no,no,no,no,False
103178875,METROPOLITAN NASHVILLE POLICE DEPT,20210653060,Davidson,Nashville,12/27/2021 2:12:00 PM,1,0,0,36.115750,-86.725160,I 24,,,,0.00,,,,,,,53.20,N,Not at Intersection,N,Non-Junction,None,,,         ,Laura,Williams,Cloudy,Not Collision with Motor Vehicle in Transport,no,no,no,no,no,False
103178876,METROPOLITAN NASHVILLE POLICE DEPT,20210653091,Davidson,Nashville,12/27/2021 2:36:00 PM,2,1,0,36.204780,-86.752590,E TRINITY LN,,,,0.00,Feet,,OAKWOOD AV,,,,0.00,Y,T-Intersection,N,Intersection-Related,None,,,         ,Jason,Milyaro Lucas,Cloudy,Angle,no,no,no,no,no,False
103178880,METROPOLITAN NASHVILLE POLICE DEPT,20210653128,Davidson,Not in City Limit,12/27/2021 3:21:00 PM,1,1,0,36.302470,-86.812740,I 24,,,,0.00,,,,,,,38.55,N,Not at Intersection,N,Non-Junction,None,,,         ,Gabriel,Centeno,Cloudy,Not Collision with Motor Vehicle in Transport,no,no,no,no,no,False
103178912,METROPOLITAN NASHVILLE POLICE DEPT,20210653149,Davidson,Nashville,12/27/2021 3:33:00 PM,2,0,0,36.086850,-86.695880,HARDING PL,,,,21.00,Feet,East,METROPLEX DR,,,,0.00,N,Not at Intersection,N,Non-Junction,None,,,         ,Beri,Scott,Cloudy,Front to Rear,no,no,no,no,no,False
103178932,METROPOLITAN NASHVILLE POLICE DEPT,20210653235,Davidson,Nashville,12/27/2021 4:50:00 PM,2,1,0,36.136890,-86.820140,FAIRFAX AV,,,,217.00,Feet,North,I440 W EXT RAMP,,,,0.00,N,Not at Intersection,Y,Non-Junction,None,,,         ,Heather,Fox,Clear,Angle,no,no,no,no,no,False
103178934,METROPOLITAN NASHVILLE POLICE DEPT,20210653232,Davidson,Not in City Limit,12/27/2021 4:47:00 PM,1,1,0,36.101300,-86.551790,HOBSON PKE,,,,1484.00,Feet,North,COUCHVILLE PKE,,,,0.00,N,Not at Intersection,N,Non-Junction,None,,,         ,Joseph,Hurst,Clear,Not Collision with Motor Vehicle in Transport,no,no,no,no,no,False
103178936,METROPOLITAN NASHVILLE POLICE DEPT,20210653077,Davidson,Nashville,12/27/2021 2:40:00 PM,2,5,0,36.126280,-86.711860,EAST THOMPSON LN,,,,276.00,Feet,West,THOMPSON PL,,,,0.00,N,Not at Intersection,N,Non-Junction,None,,,         ,Joshua,Zambrano-Vera,Cloudy,Angle,no,no,no,no,no,False
103178942,METROPOLITAN NASHVILLE POLICE DEPT,20210653269,Davidson,Nashville,12/27/2021 5:00:00 PM,2,0,0,36.192550,-86.815360,ROSA L PARKS BLVD,,,,109.00,Feet,East,MAINSTREAM DR,,,,0.00,N,Not at Intersection, ,Non-Junction,None,,,         ,Scarlett,Collins,Clear,Front to Rear,no,no,no,no,no,False
103178943,METROPOLITAN NASHVILLE POLICE DEPT,20210653208,Davidson,Nashville,12/27/2021 4:30:00 PM,2,1,0,36.217720,-86.763110,DICKERSON PKE,,,,133.00,Feet,North,LORRAINE AV,,,,0.00,N,Not at Intersection,N,Non-Junction,None,,,         ,Cooper,HIll,Clear,Front to Rear,no,no,no,no,yes,False
103178973,METROPOLITAN NASHVILLE POLICE DEPT,20210653356,Davidson,Nashville,12/27/2021 6:14:00 PM,2,0,0,36.064080,-86.629220,HAMILTON CHURCH RD,,,,340.00,Feet,South,MURFREESBORO PKE,,,,0.00,N,Not at Intersection, ,Non-Junction,None,,,         ,Joseph,Hurst,Clear,"Sideswipe, Same Direction",no,no,no,no,no,False
103178977,METROPOLITAN NASHVILLE POLICE DEPT,20210653177,Davidson,Nashville,12/27/2021 4:07:00 PM,2,1,0,36.156370,-86.631070,STEWARTS FERRY PKE,,,,75.00,Feet,East,I40 W EXT RAMP,,,,0.00,N,Not at Intersection,N,Entrance/Exit Ramp Related,None,,,         ,Christian,Vanders,Cloudy,"Sideswipe, Same Direction",no,no,no,no,no,False
103178980,METROPOLITAN NASHVILLE POLICE DEPT,20210653385,Davidson,Nashville,12/27/2021 6:35:00 PM,2,0,0,36.070900,-86.635100,MURFREESBORO PKE,,,,477.00,Feet,South,BELL RD,,,,0.00,N,Not at Intersection,N,Non-Junction,None,,,         ,Joseph,Hurst,Clear,"Sideswipe, Same Direction",no,no,no,no,no,False
103179001,METROPOLITAN NASHVILLE POLICE DEPT,20210653245,Davidson,Nashville,12/27/2021 4:41:00 PM,3,0,0,36.142400,-86.709300,I 40,,,,0.00,,,,,,,214.25,N,Not at Intersection,N,Non-Junction,None,,,         ,Robert,Marquez,Cloudy,"Sideswipe, Same Direction",no,no,no,no,no,False
103179002,METROPOLITAN NASHVILLE POLICE DEPT,20210653395,Davidson,Nashville,12/27/2021 7:33:00 PM,2,1,0,36.087970,-86.691000,HARDING PL,,,,407.00,Feet,East,ANTIOCH PKE,,,,0.00,N,Not at Intersection,N,Non-Junction,None,,,         ,Joseph,Hurst,Clear,Angle,no,no,no,no,no,False
103179008,METROPOLITAN NASHVILLE POLICE DEPT,20210653145,Davidson,Nashville,12/26/2021 11:00:00 PM,2,0,0,36.210790,-86.586340,DEBBIE DR,,,,50.00,Feet,West,HIDDEN HILL DR,,,,0.00,N,Not at Intersection,N,Non-Junction,None,,,         ,Christian,Vanders,Cloudy,Unknown,no,no,no,no,yes,False
103179036,METROPOLITAN NASHVILLE POLICE DEPT,20210653289,Davidson,Nashville,12/27/2021 5:33:00 PM,2,1,0,36.241430,-86.757220,DICKERSON PKE,,,,0.00,Feet,,BRILEY PKWY W ENT RAMP,,,,0.00,Y,Four-Way,N,Intersection,None,,,         ,Thomas,Denenea,Clear,Front to Rear,no,no,no,no,no,False
103179048,METROPOLITAN NASHVILLE POLICE DEPT,20210653309,Davidson,Nashville,12/27/2021 5:55:00 PM,1,0,0,36.152210,-86.819640,CITY BLVD,,,,167.00,Feet,East,CITY AV,,,,0.00,N,Not at Intersection,N,Non-Junction,None,,,         ,Dakota,Davis,Clear,Not Collision with Motor Vehicle in Transport,no,no,no,no,no,False
103179056,METROPOLITAN NASHVILLE POLICE DEPT,20210653369,Davidson,Nashville,12/27/2021 6:45:00 PM,2,2,0,36.068520,-86.639490,RICE RD,,,,119.00,Feet,East,RURAL HILL RD,,,,0.00,N,Not at Intersection,N,Non-Junction,None,,,         ,Megan,Arnett,Clear,HeadOn,no,no,no,no,no,False
103179068,METROPOLITAN NASHVILLE POLICE DEPT,20210653118,Davidson,Nashville,12/27/2021 3:00:00 PM,2,0,0,36.167880,-86.664030,LEBANON PKE,,,,0.00,Feet,West,OLD LEBANON PKE,,,,0.00,N,Not at Intersection,N,Non-Junction,None,,,         ,Donovan,Coble,Cloudy,Angle,no,no,no,no,no,False
103179070,METROPOLITAN NASHVILLE POLICE DEPT,20210653463,Davidson,Nashville,12/27/2021 8:10:00 PM,1,0,0,36.174180,-86.787740,JEFFERSON ST,,,,101.00,Feet,West,5TH AVN,,,,0.00,N,Not at Intersection,N,Non-Junction,None,,,         ,Brent,Morris,Clear,Not Collision with Motor Vehicle in Transport,no,no,no,no,no,False
103179100,METROPOLITAN NASHVILLE POLICE DEPT,20210653308,Davidson,Nashville,12/27/2021 5:55:00 PM,2,0,0,36.049980,-86.649500,BELL RD,,,,0.00,Feet,East,MT VIEW RD,,,,0.00,N,Not at Intersection,N,Non-Junction,None,,,         ,Beri,Scott,Clear,Front to Rear,no,no,no,no,yes,False
103179105,METROPOLITAN NASHVILLE POLICE DEPT,20210653381,Davidson,Nashville,12/27/2021 7:10:00 PM,1,0,0,36.147290,-86.666380,DONELSON PKE,,,,527.00,Feet,North,ROYAL PKWY,,,,0.00,N,Not at Intersection,N,Non-Junction,None,,,         ,Donovan,Coble,Clear,Not Collision with Motor Vehicle in Transport,no,no,no,no,no,False
103179145,METROPOLITAN NASHVILLE POLICE DEPT,20210653601,Davidson,Nashville,12/27/2021 11:00:00 PM,2,0,0,36.090330,-86.626500,SMITH SPRINGS RD,,,,0.00,,,BELL RD,,,,0.00,Y,Four-Way,N,Intersection,None,,,         ,Samuel,Fredericks,Clear,Angle,no,no,no,no,yes,False
103179146,METROPOLITAN NASHVILLE POLICE DEPT,20210653569,Davidson,Nashville,12/28/2021 12:00:00 AM,1,0,0,36.088560,-86.612180,SMITH SPRINGS RD,,,,584.00,Feet,East,CLEARLAKE DRW,,,,0.00,N,Not at Intersection,N,Non-Junction,None,,,         ,Samuel,Fredericks,Clear,Not Collision with Motor Vehicle in Transport,no,no,no,no,yes,False
103179147,METROPOLITAN NASHVILLE POLICE DEPT,20210653538,Davidson,Nashville,12/27/2021 12:00:00 AM,2,1,0,36.162030,-86.860600,MORROW RD,,,,9.00,Feet,East,MARILYN RD,,,,0.00,N,Not at Intersection,N,Non-Junction,None,,,         ,Theodore,Meskers,Clear,HeadOn,no,no,no,no,no,False
103179160,METROPOLITAN NASHVILLE POLICE DEPT,20210653729,Davidson,Nashville,12/28/2021 1:24:00 AM,1,2,0,36.046360,-86.663310,CANE RIDGE RD,,,,756.00,Feet,South,BELL RD,,,,0.00,N,Not at Intersection,N,Non-Junction,None,,,         ,Lisa,Beck,Clear,Not Collision with Motor Vehicle in Transport,no,no,no,no,no,False
103179182,METROPOLITAN NASHVILLE POLICE DEPT,20210653809,Davidson,Nashville,12/28/2021 12:00:00 AM,1,0,0,36.013170,-86.620740,OLD HICKORY BLVD,,,,97.00,Feet,South,I24 E ENT RAMP,,,,0.00,N,Not at Intersection,N,Non-Junction,None,,,         ,William,Williams,Clear,Unknown,no,no,no,no,yes,False
103179192,METROPOLITAN NASHVILLE POLICE DEPT,20210653820,Davidson,Nashville,12/28/2021 2:25:00 AM,1,0,0,36.089740,-86.638890,NASHBORO BLVD,,,,0.00,,,NASHBORO BLVD PVTDR,,,,0.00,Y,OTHER,N,Non-Junction,None,,,         ,Samuel,Fredericks,Clear,Not Collision with Motor Vehicle in Transport,no,no,no,no,yes,False
103179196,METROPOLITAN NASHVILLE POLICE DEPT,20210653774,Davidson,Nashville,12/28/2021 2:06:00 AM,1,2,0,36.066680,-86.717950,NOLENSVILLE PKE,,,,3.00,Feet,North,NORTHCREST DR,,,,0.00,N,Not at Intersection,N,Non-Junction,None,,,         ,Alex,DiBernardo,Clear,Not Collision with Motor Vehicle in Transport,no,no,no,no,no,False
103179235,METROPOLITAN NASHVILLE POLICE DEPT,20210653963,Davidson,Nashville,12/28/2021 6:20:00 AM,2,0,0,36.195590,-86.776150,I 65,,,,0.00,,,,,,,86.55,N,Not at Intersection, ,Non-Junction,None,,,         ,Ronald,Bright,Cloudy,Front to Rear,no,no,no,no,no,False
103179241,METROPOLITAN NASHVILLE POLICE DEPT,20210653965,Davidson,Not in City Limit,12/28/2021 6:20:00 AM,1,0,0,36.277900,-86.853500,OLD HICKORY BLVD,,,,2399.00,Feet,West,SHELLBARK DR,,,,0.00,N,Not at Intersection,N,Non-Junction,None,,,         ,Thomas,Clingan,Cloudy,Not Collision with Motor Vehicle in Transport,no,no,no,no,no,False
103179263,METROPOLITAN NASHVILLE POLICE DEPT,20210653997,Davidson,Nashville,12/28/2021 7:00:00 AM,1,1,0,36.154750,-86.822640,I440 W EXT RAMP,,,,0.00,Feet,East,I 440,,,,0.00,N,Not at Intersection,Y,Entrance/Exit Ramp Related,None,,,         ,Corey,Stromatt,Clear,Not Collision with Motor Vehicle in Transport,no,no,no,no,no,False
103179271,METROPOLITAN NASHVILLE POLICE DEPT,20210653988,Davidson,Nashville,12/28/2021 6:17:00 AM,2,0,0,36.179730,-86.786370,2ND AVN,,,,0.00,,,TAYLOR ST,,,,0.00,Y,Four-Way,N,Intersection,None,,,         ,Erik,Wagner,Cloudy,Angle,no,no,no,no,no,False
103179284,METROPOLITAN NASHVILLE POLICE DEPT,20210653978,Davidson,Nashville,12/28/2021 1:00:00 AM,3,0,0,36.070950,-86.648930,PEBBLE CREEK DR,,,,274.00,Feet,West,SPRINGMORE CT,,,,0.00,N,Not at Intersection,N,Non-Junction,None,,,         ,Thomas,White,Cloudy,Front to Rear,no,no,no,no,yes,False
103179329,METROPOLITAN NASHVILLE POLICE DEPT,20210654127,Davidson,Nashville,12/28/2021 8:37:00 AM,2,0,0,36.116700,-86.668180,DONELSON PKE,,,,0.00,,,HANGAR LN,,,,0.00,Y,T-Intersection, ,Intersection,None,,,         ,Terry,Denton,"Cloudy, Rain",Front to Rear,no,no,no,no,no,False
103179330,METROPOLITAN NASHVILLE POLICE DEPT,20210654133,Davidson,Not in City Limit,12/28/2021 8:37:00 AM,2,0,0,36.272670,-86.689520,MYATT DR,,,,207.00,Feet,North,ANDERSON LN,,,,0.00,N,Not at Intersection, ,Non-Junction,None,,,         ,Christopher,Littles,Cloudy,"Sideswipe, Opposite Direction",no,no,no,no,yes,False
103179338,METROPOLITAN NASHVILLE POLICE DEPT,20210654125,Davidson,Antioch,12/28/2021 8:35:00 AM,2,0,0,36.058560,-86.597750,HAMILTON CHURCH RD,,,,0.00,Feet,,HOBSON PKE,,,,0.00,Y,Four-Way,N,Intersection,None,,,         ,Gregory,Dixon,Cloudy,Angle,no,no,no,no,no,False
103179350,METROPOLITAN NASHVILLE POLICE DEPT,20210654135,Davidson,Nashville,12/27/2021 10:00:00 PM,1,0,0,36.146010,-86.629700,CONIFER PL,,,,187.00,Feet,South,NORWALK DR,,,,0.00,N,Not at Intersection,N,Non-Junction,None,,,         ,Michael,Raash,Unknown,Not Collision with Motor Vehicle in Transport,no,no,no,yes,yes,False
103179393,METROPOLITAN NASHVILLE POLICE DEPT,20210653988,Davidson,Nashville,12/28/2021 11:26:00 AM,2,0,0,36.161240,-86.776670,BROADWAY,,,,175.00,Feet,East,4TH AVN,,,,0.00,N,Not at Intersection,N,Non-Junction,None,,,         ,Wesley,Young,Clear,"Sideswipe, Same Direction",no,no,no,no,yes,False
103179402,METROPOLITAN NASHVILLE POLICE DEPT,20210654368,Davidson,Nashville,12/28/2021 11:31:00 AM,2,0,0,36.151230,-86.764850,UNIVERSITY CT,,,,436.00,Feet,North,CARROLL ST,,,,0.00,N,Not at Intersection, ,,None,,,         ,Jason,Kedzierski,,,no,no,no,no,no,False
103179417,METROPOLITAN NASHVILLE POLICE DEPT,20210654400,Davidson,Not in City Limit,12/28/2021 12:07:00 PM,1,1,0,36.078100,-87.034880,I 40,,,,0.00,,,,,,,191.70,N,Not at Intersection,N,Non-Junction,None,,,         ,Jared,Dick,"Cloudy, Rain",Not Collision with Motor Vehicle in Transport,no,no,no,no,no,False
103179468,METROPOLITAN NASHVILLE POLICE DEPT,20210654425,Davidson,Nashville,12/28/2021 12:00:00 PM,1,0,0,36.186820,-86.818530,26TH AVN,,,,0.00,,,,,,,0.00,,,N,Non-Junction,None,,,         ,Kaitlyn,Qualls,"Cloudy, Rain",Not Collision with Motor Vehicle in Transport,no,no,no,yes,yes,False
103179489,METROPOLITAN NASHVILLE POLICE DEPT,20210654432,Davidson,Nashville,12/28/2021 12:30:00 PM,2,1,0,36.187990,-86.821560,ED TEMPLE BLVD,,,,0.00,,,ROSA L PARKS BLVD,,,,0.00,Y,Four-Way,N,Intersection,None,,,         ,David,Kmosko,"Cloudy, Rain",Angle,no,no,no,no,no,False
103179499,METROPOLITAN NASHVILLE POLICE DEPT,20210654404,Davidson,Nashville,12/28/2021 11:30:00 AM,2,0,0,36.128880,-86.727070,I24 W ENT RAMP,,,,0.00,,,I 24,,,,0.00,Y,OTHER, ,,None,,,         ,Patrick,Martin,,,no,no,no,no,no,False
103179519,METROPOLITAN NASHVILLE POLICE DEPT,20210654481,Davidson,Nashville,12/28/2021 12:35:00 PM,2,0,0,36.055010,-86.642410,ZELIDA AV,,,,0.00,,,BELL RD,,,,0.00,Y,Four-Way,N,Intersection,None,,,         ,Thomas,White,Cloudy,Angle,no,no,no,no,yes,False
103179566,METROPOLITAN NASHVILLE POLICE DEPT,20210654485,Davidson,Nashville,12/28/2021 1:00:00 PM,3,1,0,36.135750,-86.698460,BRILEY PKWYN,,,,122.00,Feet,South,BRILEY PKWYS,,,,0.00,N,Not at Intersection,N,Non-Junction,None,,,         ,Michael,Raash,Cloudy,Front to Rear,no,no,no,no,no,False
103179574,METROPOLITAN NASHVILLE POLICE DEPT,20210654542,Davidson,Nashville,12/28/2021 2:07:00 PM,2,0,0,36.068740,-86.719760,NOLENSVILLE PKE,,,,520.00,Feet,East,TAYLOR RD,,,,0.00,N,Not at Intersection, ,Non-Junction,None,,,         ,Marcus,Darden,Clear,Angle,no,no,no,no,no,False
103179623,METROPOLITAN NASHVILLE POLICE DEPT,20210654498,Davidson,Nashville,12/28/2021 1:20:00 PM,1,1,0,36.184360,-86.805420,CLAY ST,,,,0.00,,,OWEN ST,,,,0.00,Y,Four-Way,N,Intersection,None,,,         ,Anthony,Butler,Cloudy,Not Collision with Motor Vehicle in Transport,no,yes,no,no,yes,False
103179626,METROPOLITAN NASHVILLE POLICE DEPT,20210654553,Davidson,Nashville,12/28/2021 2:07:00 PM,2,1,0,36.191950,-86.781970,I 65,,,,0.00,,,,,,,86.20,N,Not at Intersection,N,Non-Junction,None,,,         ,Jedidayah,Merriweather,"Cloudy, Rain",Angle,no,no,no,no,no,False
103179651,METROPOLITAN NASHVILLE POLICE DEPT,20210653490,Davidson,Nashville,12/27/2021 9:13:00 PM,1,0,1,36.238120,-86.724050,GALLATIN PKE,,,,85.00,Feet,North,BRILEY PKWY W ENT RAMP,,,,0.00,N,Not at Intersection,N,Non-Junction,None,,,         ,Russell,Ward,Clear,Not Collision with Motor Vehicle in Transport,yes,no,no,no,no,False
103179667,METROPOLITAN NASHVILLE POLICE DEPT,20210654603,Davidson,Nashville,12/28/2021 12:00:00 AM,2,1,0,36.166390,-86.764810,I 24,,,,0.00,,,,,,,49.00,N,Not at Intersection,N,Non-Junction,None,,,         ,Trevor,Taylor,Cloudy,Front to Rear,no,no,no,no,yes,False
103179685,METROPOLITAN NASHVILLE POLICE DEPT,20210654585,Davidson,Nashville,12/28/2021 2:43:00 PM,1,0,0,36.224710,-86.774530,I 65,,,,0.00,,,,,,,88.55,N,Not at Intersection,N,Non-Junction,None,,,         ,Derek,Sibley,Rain,Not Collision with Motor Vehicle in Transport,no,no,no,no,no,False
103179691,METROPOLITAN NASHVILLE POLICE DEPT,20210654540,Davidson,Nashville,12/28/2021 1:55:00 PM,4,0,0,36.070110,-86.689920,I 24,,,,0.00,,,,,,,57.00,N,Not at Intersection,N,Non-Junction,None,,,         ,Fady,Aziz,"Cloudy, Rain",Front to Rear,no,no,no,no,no,False
103179723,METROPOLITAN NASHVILLE POLICE DEPT,20210654696,Davidson,Antioch,12/28/2021 12:00:00 AM,1,0,0,36.072490,-86.610190,FORRESTAL WAY,,,,0.70,Miles,West,SEASONS DR,,,,0.00,N,Not at Intersection,N,Non-Junction,None,,,         ,Beri,Scott,Unknown,Not Collision with Motor Vehicle in Transport,no,no,no,yes,yes,False
103179732,METROPOLITAN NASHVILLE POLICE DEPT,20210654712,Davidson,Nashville,12/28/2021 2:30:00 PM,2,0,0,36.133540,-86.759150,CRAIGHEAD ST,,,,183.00,Feet,South,NOLENSVILLE PKE,,,,0.00,N,Not at Intersection,N,Non-Junction,None,,,         ,Travis,Pemberton,Clear,Front to Rear,no,no,no,no,no,False
103179755,BERRY HILL POLICE DEPT,21-3749,Davidson,Berry Hill,12/28/2021 5:03:00 PM,2,0,0,36.118860,-86.774590,FRANKLIN PKE,,,,0.00,,,BERRY RD,,,,0.00,Y,Four-Way, ,,None,,,         ,Dawn,Thornsberry,,,no,no,no,no,no,False