master_record_number,agency,agency_tracking_number,county,city,collision_date,vehicles_involved,number_injured,number_dead,latitude,longitude,roadway_name,roadway_suffix,roadway_number,roadway_local_id,distance_from_reference,miles-feet_indicator,direction_from_reference,intersection_road_name,intersection_road_name_suffix,intersection_road_number,intersection_local_id,mile_marker,intersection_indicator,intersect_type,interchange_related_indicator,relation_to_junction,work_zone_type,construction_maintenance_zone,construction_maintenance_zone_location,fatal_case_number,officer_first_name,officer_last_name,weather_condition(s),manner_of_crash,pedestrian,bicycle,scooter,parking,hitrun,mou
103179759,METROPOLITAN NASHVILLE POLICE DEPT,20210654648,Davidson,Not in City Limit,12/28/2021 3:20:00 PM,2,0,0,36.112200,-86.929540,SAWYER BROWN RD,,,,50.00,Feet,South,CHARLOTTE PKE,,,,0.00,N,Not at Intersection,N,Non-Junction,None,,,         ,Jeremy,Huffine,Cloudy,Front to Rear,no,no,no,no,no,False
103179760,METROPOLITAN NASHVILLE POLICE DEPT,20210654714,Davidson,Nashville,12/28/2021 4:10:00 PM,3,0,0,36.138110,-86.820380,WEST END AV,,,,115.00,Feet,North,MURPHY RD,,,,0.00,N,Not at Intersection,N,Non-Junction,None,,,         ,Andrew,McCarron,Cloudy,Front to Rear,no,no,no,no,no,False
103179762,METROPOLITAN NASHVILLE POLICE DEPT,20210654686,Davidson,Nashville,12/28/2021 2:13:00 PM,2,0,0,36.045300,-86.701680,BELL RD,,,,0.00,,,OLD HICKORY BLVD,,,,0.00,Y,Four-Way,N,Intersection-Related,None,,,         ,Joseph,Hurst,Rain,Front to Rear,no,no,no,no,no,False
103179766,METROPOLITAN NASHVILLE POLICE DEPT,20210654790,Davidson,Nashville,12/28/2021 4:56:00 PM,3,0,0,36.163380,-86.761850,I24 W EXT RAMP,,,,0.00,,,I 24,,,,0.00,Y,Y-Intersection,N,Entrance/Exit Ramp Related,None,,,         ,Zachary,Aldrich,Clear,Front to Rear,no,no,no,no,yes,False
103179791,METROPOLITAN NASHVILLE POLICE DEPT,20210654870,Davidson,Nashville,12/28/2021 5:57:00 PM,2,0,0,36.135380,-86.726900,I24E,,,,452.00,Feet,South,I24 W ENT RAMP,,,,0.00,N,Not at Intersection,N,Non-Junction,None,,,         ,Beri,Scott,Cloudy,Front to Rear,no,no,no,no,no,False
103179793,METROPOLITAN NASHVILLE POLICE DEPT,20210654832,Davidson,Nashville,12/28/2021 5:28:00 PM,2,2,0,36.200080,-86.740410,GALLATIN PKE,,,,0.00,Feet,,SPAIN AV,,,,0.00,Y,T-Intersection,Y,Intersection,None,,,         ,Flynn,Ireland,Rain,HeadOn,no,no,no,no,no,False
103179808,METROPOLITAN NASHVILLE POLICE DEPT,20210654910,Davidson,Nashville,12/28/2021 6:20:00 PM,2,0,0,36.112840,-86.811050,HILLSBORO PKE,,,,408.00,Feet,South,WOODMONT BLVD,,,,0.00,N,Not at Intersection, ,Non-Junction,None,,,         ,Steven,Powers,Cloudy,Front to Rear,no,no,no,no,no,False
103179816,METROPOLITAN NASHVILLE POLICE DEPT,20210654894,Davidson,Nashville,12/28/2021 5:00:00 PM,2,0,0,36.158380,-86.616210,BELL RD,,,,2017.00,Feet,South,STONES RIVER GRNWY,,,,0.00,N,Not at Intersection,N,Non-Junction,None,,,         ,Donovan,Coble,Cloudy,Angle,no,no,no,no,yes,False
103179818,METROPOLITAN NASHVILLE POLICE DEPT,20210654915,Davidson,Nashville,12/28/2021 6:43:00 PM,2,0,0,36.072990,-86.691900,I 24,,,,0.00,,,,,,,56.70,N,Not at Intersection,N,Non-Junction,None,,,         ,Joseph,Hurst,Rain,Angle,no,no,no,no,yes,False
103179827,METROPOLITAN NASHVILLE POLICE DEPT,20210653515,Davidson,Nashville,12/27/2021 8:17:00 PM,2,0,0,36.109650,-86.770040,I 65,,,,0.00,,,,,,,79.75,N,Not at Intersection, ,Non-Junction,None,,,         ,Dakota,Davis,Clear,"Sideswipe, Same Direction",no,no,no,no,no,False
103179828,METROPOLITAN NASHVILLE POLICE DEPT,20210654729,Davidson,Nashville,12/28/2021 2:51:00 PM,2,0,0,36.153180,-86.792140,16TH AVS,,,,33.00,Feet,South,MCGAVOCK ST,,,,0.00,N,Not at Intersection, ,Non-Junction,None,,,         ,Dakota,Davis,Rain,Angle,no,no,no,no,no,False
103179829,METROPOLITAN NASHVILLE POLICE DEPT,20210654793,Davidson,Not in City Limit,12/28/2021 5:03:00 PM,2,1,0,36.275920,-86.735210,I 65,,,,0.00,,,,,,,93.05,N,Not at Intersection,N,Non-Junction,None,,,         ,Forrest,Punke,Rain,Front to Rear,no,no,no,no,no,False
103179836,METROPOLITAN NASHVILLE POLICE DEPT,20210654945,Davidson,Nashville,12/28/2021 7:11:00 PM,1,0,0,36.225130,-86.774450,I 65,,,,0.00,,,,,,,88.60,N,Not at Intersection,N,Non-Junction,None,,,         ,Austin,Bowles,Rain,Not Collision with Motor Vehicle in Transport,no,no,no,no,no,False
103179838,METROPOLITAN NASHVILLE POLICE DEPT,20210654861,Davidson,Nashville,12/28/2021 5:40:00 PM,2,1,0,36.122640,-86.775890,FRANKLIN PKE,,,,31.00,Feet,North,BILOXI AV,,,,0.00,N,Not at Intersection,N,Non-Junction,None,,,         ,Travis,Pemberton,Clear,Angle,no,no,no,no,no,False
103179844,METROPOLITAN NASHVILLE POLICE DEPT,20210654972,Davidson,Nashville,12/28/2021 7:10:00 PM,2,0,0,36.082440,-86.697690,I 24,,,,0.00,,,,,,,56.00,N,Not at Intersection, ,,None,,,         ,Joseph,Hurst,,,no,no,no,no,no,False
103179846,METROPOLITAN NASHVILLE POLICE DEPT,20210654637,Davidson,Nashville,12/28/2021 3:20:00 PM,2,1,0,36.227690,-86.603010,SHUTE LN,,,,503.00,Feet,North,SAUNDERSVILLE RD,,,,0.00,N,Not at Intersection,N,Non-Junction,None,,,         ,Cheri,Cox,"Cloudy, Rain",Angle,no,no,no,no,no,False
103179847,METROPOLITAN NASHVILLE POLICE DEPT,20210654674,Davidson,Madison,12/28/2021 3:34:00 PM,2,0,0,36.263070,-86.711920,STATE RT 45,,,,0.00,,,GALLATIN PKEN,,,,0.00,Y,Four-Way, ,,None,,,         ,Bradley,Campbell,,,no,no,no,no,no,False
103179848,METROPOLITAN NASHVILLE POLICE DEPT,20210654852,Davidson,Not in City Limit,12/28/2021 5:46:00 PM,2,2,0,36.262990,-86.680940,RIO VISTA DR,,,,0.00,,,STATE RT 45,,,,0.00,Y,Four-Way,Y,Intersection,None,,,         ,Bradley,Campbell,Rain,Angle,no,no,no,no,no,False
103179874,METROPOLITAN NASHVILLE POLICE DEPT,20210654937,Davidson,Nashville,12/28/2021 7:01:00 PM,1,1,0,36.070960,-86.690620,I 24,,,,0.00,,,,,,,56.90,N,Not at Intersection,N,Non-Junction,None,,,         ,Beri,Scott,Cloudy,Not Collision with Motor Vehicle in Transport,no,no,no,no,no,False
103179916,METROPOLITAN NASHVILLE POLICE DEPT,20210654954,Davidson,Nashville,12/28/2021 6:10:00 PM,2,0,0,36.200540,-86.776720,I 65,,,,0.00,,,,,,,86.90,N,Not at Intersection, ,,None,,,         ,Chase,Harriman,,,no,no,no,no,no,False
103179937,METROPOLITAN NASHVILLE POLICE DEPT,20210655058,Davidson,Goodlettsville,12/28/2021 8:20:00 PM,2,0,0,36.302750,-86.691850,RIVERGATE MARKETPLACE PVTDR,,,,0.00,,,GALLATIN PKEN,,,,0.00,Y,Four-Way,Y,Intersection,None,,,         ,Forrest,Punke,Rain,Angle,no,no,no,no,yes,False
103179944,METROPOLITAN NASHVILLE POLICE DEPT,20210654999,Davidson,Nashville,12/28/2021 7:46:00 PM,2,0,0,36.058570,-86.741570,EDMONDSON PKE,,,,550.00,Feet,South,SEVEN MILE CREEK GRNWY,,,,0.00,N,Not at Intersection,N,Non-Junction,None,,,         ,Steven,Powers,Clear,Front to Rear,no,no,no,no,yes,False
103179950,METROPOLITAN NASHVILLE POLICE DEPT,20210654809,Davidson,Nashville,12/28/2021 5:20:00 PM,2,1,0,36.206500,-86.776490,W TRINITY LN,,,,10.00,Feet,South,I65 S ENT RAMP,,,,0.00,N,Not at Intersection,N,Non-Junction,None,,,         ,Gabriel,Centeno,Rain,Front to Rear,no,no,no,no,no,False
103179959,METROPOLITAN NASHVILLE POLICE DEPT,20210654842,Davidson,Nashville,12/28/2021 5:40:00 PM,2,3,0,36.135320,-86.823460,I440 WEST END AV ENT RAMP,,,,0.00,,,WEST END AV,,,,0.00,Y,T-Intersection,N,Intersection,None,,,         ,Heather,Fox,Cloudy,Angle,no,no,no,no,no,False
103179960,METROPOLITAN NASHVILLE POLICE DEPT,20210655074,Davidson,Nashville,12/28/2021 12:00:00 AM,2,0,0,36.158290,-86.771890,KOREAN VETERANS BLVD,,,,0.00,,,1ST AVS,,,,0.00,Y,Four-Way,Y,Intersection,None,,,         ,Trevor,Taylor,Clear,"Sideswipe, Same Direction",no,no,no,no,yes,False
103179964,METROPOLITAN NASHVILLE POLICE DEPT,20210655019,Davidson,Nashville,12/28/2021 8:15:00 PM,2,0,0,36.200500,-86.776710,I 65,,,,0.00,,,,,,,86.90,N,Not at Intersection,N,Non-Junction,None,,,         ,Chase,Harriman,"Cloudy, Rain","Sideswipe, Same Direction",no,no,no,no,no,False
103179965,METROPOLITAN NASHVILLE POLICE DEPT,20210654978,Davidson,Nashville,12/28/2021 4:15:00 PM,2,0,0,36.197760,-86.691400,OPRY MILLS DR,,,,336.00,Feet,North,BRILEY PKWY S EXT RAMP,,,,0.00,N,Not at Intersection,N,Non-Junction,None,,,         ,Andrew,Richey,Clear,Angle,no,no,no,no,yes,False
103179977,METROPOLITAN NASHVILLE POLICE DEPT,20210655039,Davidson,Nashville,12/28/2021 8:03:00 PM,3,0,0,36.041490,-86.710980,MILL CREEK WHITTEMORE GRNWY,,,,0.00,Feet,East,CEDARHILL CT,,,,0.00,N,Not at Intersection,N,Non-Junction,None,,,         ,Joseph,Hurst,Clear,Front to Rear,no,no,no,no,no,False
103179984,METROPOLITAN NASHVILLE POLICE DEPT,20210654976,Davidson,Nashville,12/28/2021 7:35:00 PM,2,1,0,36.122790,-86.806870,HILLSBORO PKE,,,,57.00,Feet,North,I440 E EXT RAMP,,,,0.00,N,Not at Intersection,Y,Non-Junction,None,,,         ,Heather,Fox,Clear,Angle,no,no,no,no,no,False
103179985,METROPOLITAN NASHVILLE POLICE DEPT,20210654627,Davidson,Nashville,12/28/2021 3:13:00 PM,2,3,0,36.063630,-86.627200,MURFREESBORO PKE,,,,566.00,Feet,South,HAMILTON CHURCH RD,,,,0.00,N,Not at Intersection,N,Non-Junction,None,,,         ,Nathaniel,Myers,Cloudy,Front to Rear,no,no,no,no,no,False
103179987,METROPOLITAN NASHVILLE POLICE DEPT,20210655091,Davidson,Nashville,12/28/2021 9:21:00 PM,2,1,0,36.160250,-86.782960,COMMERCE ST,,,,0.00,Feet,,ROSA L PARKS BLVD,,,,0.00,Y,Four-Way,N,Intersection,None,,,         ,Daniel,Tomlinson,"Cloudy, Rain",Angle,no,no,no,no,no,False
103180006,METROPOLITAN NASHVILLE POLICE DEPT,20210655099,Davidson,Nashville,12/28/2021 9:31:00 PM,2,0,0,36.065510,-86.685320,I 24,,,,0.00,,,,,,,57.35,N,Not at Intersection,N,Non-Junction,None,,,         ,Beri,Scott,Clear,"Sideswipe, Same Direction",no,no,no,no,yes,False
103180061,METROPOLITAN NASHVILLE POLICE DEPT,20210655200,Davidson,Nashville,12/28/2021 12:00:00 AM,1,0,0,36.024310,-86.742390,EDMONDSON PKE,,,,3.00,Feet,North,MT PISGAH RD,,,,0.00,N,Not at Intersection,N,Non-Junction,None,,,         ,Aaron,Brumley,Clear,Not Collision with Motor Vehicle in Transport,no,no,no,no,no,False
103180065,METROPOLITAN NASHVILLE POLICE DEPT,20210655227,Davidson,Nashville,12/29/2021 12:00:00 AM,1,0,0,36.055020,-86.900680,OLD HICKORY BLVD,,,,712.00,Feet,West,GAUCHO ROAD PVTDR,,,,0.00,N,Not at Intersection, ,Non-Junction,None,,,         ,William,McDaniel,Clear,Not Collision with Motor Vehicle in Transport,no,no,no,no,no,False
103180074,METROPOLITAN NASHVILLE POLICE DEPT,20210655258,Davidson,Nashville,12/28/2021 10:30:00 PM,2,0,0,36.143590,-86.689320,I 40,,,,0.00,,,,,,,215.30,N,Not at Intersection,N,Non-Junction,None,,,         ,Samuel,Fredericks,,"Sideswipe, Same Direction",no,no,no,no,yes,False
103180088,THP District 9 - Administrative,321086223,Davidson,Nashville,12/29/2021 2:00:00 AM,1,0,0,36.165230,-86.784660,7TH AVN,,,,183.00,Feet,North,CHARLOTTE AV,,,,0.00,N,Not at Intersection,N,Non-Junction,None,,,         ,Jason,Mounts,Rain,Not Collision with Motor Vehicle in Transport,no,no,no,yes,no,False
103180089,METROPOLITAN NASHVILLE POLICE DEPT,20210655336,Davidson,Nashville,12/28/2021 11:00:00 PM,2,0,0,36.186040,-86.608110,ANDREW JACKSON WAY,,,,226.00,Feet,South,JACKSON PASS,,,,0.00,N,Not at Intersection,N,Non-Junction,None,,,         ,Torry,Hill,,"Sideswipe, Opposite Direction",no,no,no,no,yes,False
103180092,METROPOLITAN NASHVILLE POLICE DEPT,20210655374,Davidson,Nashville,12/29/2021 12:10:00 AM,1,0,0,36.162540,-86.822030,30TH AVN,,,,199.00,Feet,North,CLARE AV,,,,0.00,N,Not at Intersection,N,Non-Junction,None,,,         ,Luke,Steigerwalt,Clear,Not Collision with Motor Vehicle in Transport,no,no,no,no,yes,False
103180093,METROPOLITAN NASHVILLE POLICE DEPT,20210655269,Davidson,Nashville,12/29/2021 12:00:00 AM,2,0,0,36.069030,-86.720090,NOLENSVILLE PKE,,,,600.00,Feet,North,HAYWOOD LN,,,,0.00,N,Not at Intersection,N,Non-Junction,None,,,         ,Sullivan,Souksanh,Unknown,Angle,no,no,no,yes,yes,False
103180100,METROPOLITAN NASHVILLE POLICE DEPT,20210655415,Davidson,Nashville,12/29/2021 2:20:00 AM,1,0,0,36.191230,-86.795680,VANTAGE WAY,,,,450.00,Feet,East,FRENCH LANDING DR,,,,0.00,N,Not at Intersection,N,Non-Junction,None,,,         ,Brian,DeMarce,"Cloudy, Rain",Not Collision with Motor Vehicle in Transport,no,no,no,yes,yes,False
103180101,METROPOLITAN NASHVILLE POLICE DEPT,20210655442,Davidson,Nashville,12/29/2021 4:25:00 AM,1,0,0,36.155910,-86.789110,I40 W EXT RAMP,,,,0.00,Feet,East,I 40,,,,0.00,N,Not at Intersection,N,Entrance/Exit Ramp Related,None,,,         ,Cory,Fetner,Cloudy,Unknown,no,no,no,no,yes,False
103180109,METROPOLITAN NASHVILLE POLICE DEPT,20210655198,Davidson,Nashville,12/28/2021 11:30:00 PM,2,0,0,36.206620,-86.777900,W TRINITY LN,,,,0.00,,,BRICK CHURCH PKE,,,,0.00,Y,Four-Way,N,Intersection,None,,,         ,Emelie,Skye,Cloudy,Angle,no,no,no,no,yes,False
103180125,GOODLETTSVILLE POLICE DEPT,21-36168,Davidson,Goodlettsville,12/29/2021 5:15:00 AM,2,1,0,36.325110,-86.701760,LONG HOLLOW PKE,,,,0.00,,,CONFERENCE DR,,,,0.00,Y,Four-Way,N,Intersection,None,,,         ,Thomas,Eisenbraun,Clear,Angle,no,no,no,no,no,False
103180133,METROPOLITAN NASHVILLE POLICE DEPT,20210655388,Davidson,Nashville,12/29/2021 2:49:00 AM,1,0,0,36.190330,-86.613040,OLD LEBANON DIRT RD,,,,25.00,Feet,West,WEBER RD,,,,0.00,N,Not at Intersection,N,Non-Junction,None,,,         ,Andrew,Richey,,Not Collision with Motor Vehicle in Transport,no,no,no,no,no,False
103180145,METROPOLITAN NASHVILLE POLICE DEPT,20210654469,Davidson,Nashville,12/28/2021 1:07:00 PM,2,0,0,36.134280,-86.780570,WEDGEWOOD AV,,,,0.00,,,BEECH AV,,,,0.00,Y,Four-Way,N,Intersection,None,,,         ,Earl,Davis,Rain,Angle,no,no,no,no,no,False
103180161,METROPOLITAN NASHVILLE POLICE DEPT,20210654483,Davidson,Nashville,12/28/2021 1:16:00 PM,2,2,0,36.133290,-86.768840,BRANSFORD AV,,,,0.00,,,WEDGEWOOD AV,,,,0.00,Y,T-Intersection,N,Intersection,None,,,         ,Earl,Davis,Rain,Angle,no,no,no,no,no,False
103180168,METROPOLITAN NASHVILLE POLICE DEPT,20210655539,Davidson,Not in City Limit,12/29/2021 6:38:00 AM,1,0,0,36.074480,-86.971280,I 40,,,,0.00,,,,,,,195.35,N,Not at Intersection,N,Non-Junction,None,,,         ,Douglas,Atwood,Clear,Not Collision with Motor Vehicle in Transport,no,no,no,no,no,False
103180172,METROPOLITAN NASHVILLE POLICE DEPT,20210655586,Davidson,Not in City Limit,12/29/2021 7:27:00 AM,2,1,0,36.044380,-86.956690,HIGHWAY 100,,,,138.00,Feet,West,OLD HARDING PKE,,,,0.00,N,Not at Intersection,N,Non-Junction,None,,,         ,Jared,Dick,Clear,"Sideswipe, Opposite Direction",no,no,no,no,no,False
103180176,METROPOLITAN NASHVILLE POLICE DEPT,20210655546,Davidson,Nashville,12/29/2021 6:09:00 AM,2,0,0,36.050490,-86.673200,BLUE HOLE RD,,,,99.00,Feet,South,TIMBERLAKE WAY,,,,0.00,N,Not at Intersection,N,Non-Junction,None,,,         ,Stanley,Collins,"Cloudy, Rain",Front to Rear,no,no,no,no,no,False
103180177,GOODLETTSVILLE POLICE DEPT,21-36172,Davidson,Goodlettsville,12/29/2021 6:33:00 AM,2,0,0,36.310980,-86.696650,CONFERENCE DR,,,,0.00,,,MISSION RDG,,,,0.00,Y,T-Intersection, ,Intersection-Related,None,,,         ,Timothy,Preston,Rain,Front to Rear,no,no,no,no,no,False
103180181,METROPOLITAN NASHVILLE POLICE DEPT,20210655552,Davidson,Nashville,12/29/2021 6:58:00 AM,2,0,0,36.150870,-86.819060,28TH AVN,,,,487.00,Feet,North,31ST AVN,,,,0.00,N,Not at Intersection,N,Non-Junction,None,,,         ,Earl,Davis,Cloudy,"Sideswipe, Same Direction",no,no,no,no,no,False
103180192,THP District 3 - Nashville,321086099,Davidson,Nashville,12/28/2021 2:32:00 PM,3,0,0,36.036200,-86.783920,I65 S ENT RAMP,,,,0.00,Feet,East,I 65,,,,0.00,N,Not at Intersection, ,Entrance/Exit Ramp Related,None,,,         ,Katlyn,Bush,Cloudy,Front to Rear,no,no,no,no,no,False
103180201,METROPOLITAN NASHVILLE POLICE DEPT,20210655639,Davidson,Nashville,12/29/2021 8:15:00 AM,2,0,0,36.055010,-86.642410,ZELIDA AV,,,,0.00,,,BELL RD,,,,0.00,Y,Four-Way, ,Intersection,None,,,         ,Gerald,Gomes,Cloudy,Angle,no,no,no,no,no,False
103180215,METROPOLITAN NASHVILLE POLICE DEPT,20210654459,Davidson,Nashville,12/28/2021 12:53:00 PM,2,0,0,36.161540,-86.775970,BROADWAY,,,,0.00,,,3RD AVS,,,,0.00,Y,Four-Way, ,,None,,,         ,Michael,Douglas,,,no,no,no,no,no,False
103180216,METROPOLITAN NASHVILLE POLICE DEPT,20210654559,Davidson,Nashville,12/28/2021 2:25:00 PM,2,2,0,36.042450,-86.712940,SWISS AV,,,,0.00,,,NOLENSVILLE PKE,,,,0.00,Y,Four-Way,Y,Intersection,None,,,         ,Thomas,White,Clear,HeadOn,no,no,no,no,no,False
103180262,METROPOLITAN NASHVILLE POLICE DEPT,20210655827,Davidson,Nashville,12/29/2021 10:27:00 AM,2,0,0,36.102880,-86.803860,EDEN AV,,,,105.00,Feet,North,BONNER AV,,,,0.00,N,Not at Intersection,N,Non-Junction,None,,,         ,Earl,Davis,Cloudy,HeadOn,no,no,no,no,no,False
103180270,METROPOLITAN NASHVILLE POLICE DEPT,20210654433,Davidson,Nashville,12/28/2021 12:00:00 AM,2,0,0,36.136820,-86.800100,BELCOURT AV,,,,220.00,Feet,East,21ST AVS,,,,0.00,N,Not at Intersection,N,Non-Junction,None,,,         ,Earl,Davis,Cloudy,Angle,no,no,no,no,yes,False
103180273,METROPOLITAN NASHVILLE POLICE DEPT,20210655775,Davidson,Not in City Limit,12/29/2021 10:18:00 AM,1,0,0,36.077530,-87.004950,I 40,,,,0.00,,,,,,,193.40,N,Not at Intersection,N,Non-Junction,None,,,         ,Charles,Boles,Cloudy,Not Collision with Motor Vehicle in Transport,no,no,no,no,no,False
103180292,METROPOLITAN NASHVILLE POLICE DEPT,20210655808,Davidson,Nashville,12/29/2021 10:40:00 AM,2,2,0,36.142410,-86.645720,ELM HILL PKE,,,,1287.00,Feet,East,MCCRORY CREEK RD,,,,0.00,N,Not at Intersection,N,Non-Junction,None,,,         ,Adam,Kauffman,Cloudy,"Sideswipe, Opposite Direction",no,no,no,no,no,False
103180295,METROPOLITAN NASHVILLE POLICE DEPT,20210655848,Davidson,Nashville,12/29/2021 11:15:00 AM,1,1,0,36.053370,-86.899260,VAUGHN RD,,,,263.00,Feet,South,OLD HICKORY BLVD,,,,0.00,N,Not at Intersection,N,Non-Junction,None,,,         ,Douglas,Atwood,Cloudy,Not Collision with Motor Vehicle in Transport,no,no,no,no,no,False
103180303,METROPOLITAN NASHVILLE POLICE DEPT,20210655842,Davidson,Nashville,12/29/2021 11:10:00 AM,1,1,0,36.219620,-86.727430,ARDEE AV,,,,0.00,,,GALLATIN PKE,,,,0.00,Y,Four-Way,N,Intersection,None,,,         ,Michael,Agee,Cloudy,Not Collision with Motor Vehicle in Transport,yes,no,no,no,no,False
103180313,METROPOLITAN NASHVILLE POLICE DEPT,20210655837,Davidson,Nashville,12/29/2021 10:00:00 AM,2,0,0,36.070830,-86.684420,ANTIOCH PKE,,,,159.00,Feet,South,HAYSTACK LN,,,,0.00,N,Not at Intersection,N,Non-Junction,None,,,         ,Nicholas,Carter,Cloudy,"Sideswipe, Same Direction",no,no,no,no,yes,False
103180315,METROPOLITAN NASHVILLE POLICE DEPT,20210655872,Davidson,Nashville,12/29/2021 11:33:00 AM,2,0,0,36.158510,-86.777140,5TH AVS,,,,0.00,,,DEMONBREUN ST,,,,0.00,Y,Four-Way, ,Intersection,None,,,         ,Erik,Wagner,Cloudy,Angle,no,no,no,no,no,False
103180320,METROPOLITAN NASHVILLE POLICE DEPT,20210655813,Davidson,Nashville,12/29/2021 10:47:00 AM,3,0,0,36.037560,-86.646630,I 24,,,,0.00,,,,,,,60.30,N,Not at Intersection,N,Non-Junction,None,,,         ,Patrick,Martin,Cloudy,Angle,no,no,no,no,no,False
103180327,METROPOLITAN NASHVILLE POLICE DEPT,20210655930,Davidson,Not in City Limit,12/29/2021 12:43:00 PM,2,0,0,36.260240,-86.757690,DICKERSON PKE,,,,331.00,Feet,South,TUCKAHOE DR,,,,0.00,N,Not at Intersection, ,Non-Junction,None,,,         ,Christopher,Littles,Cloudy,"Sideswipe, Same Direction",no,no,no,no,no,False
103180340,METROPOLITAN NASHVILLE POLICE DEPT,20210655882,Davidson,Nashville,12/29/2021 11:59:00 AM,1,1,0,36.238910,-86.779490,BRILEY PKWY W EXT RAMP,,,,0.00,Feet,East,DOVERSIDE CT,,,,0.00,N,Not at Intersection,Y,Entrance/Exit Ramp Related,None,,,         ,Mena,Mahros,Cloudy,Not Collision with Motor Vehicle in Transport,no,no,no,no,no,False
103180352,METROPOLITAN NASHVILLE POLICE DEPT,20210655947,Davidson,Nashville,12/29/2021 10:15:00 AM,2,0,0,36.115490,-86.747540,NOLENSVILLE PKE,,,,0.00,,,WHITSETT RD,,,,0.00,Y,T-Intersection, ,"Driveway, Alley Access, etc",None,,,         ,Neil,Wolfe,Clear,Angle,no,no,no,no,no,False
103180397,METROPOLITAN NASHVILLE POLICE DEPT,20210655937,Davidson,Nashville,12/29/2021 11:00:00 AM,1,0,0,36.175720,-86.750450,RUSSELL ST,,,,91.00,Feet,West,S 11TH ST,,,,0.00,N,Not at Intersection, ,Non-Junction,Construction Zone,,,         ,William,Clemons,Cloudy,Not Collision with Motor Vehicle in Transport,no,no,no,no,no,False
103180398,METROPOLITAN NASHVILLE POLICE DEPT,20210654977,Davidson,Nashville,12/28/2021 7:30:00 PM,2,0,0,36.199370,-86.692730,OPRY MILLS DR,,,,1042.00,Feet,North,SHELBY BOTTOMS GRNWY,,,,0.00,N,Not at Intersection,N,Non-Junction,None,,,         ,Andrew,Richey,Clear,Angle,no,no,no,yes,yes,False
103180407,METROPOLITAN NASHVILLE POLICE DEPT,20210655987,Davidson,Nashville,12/29/2021 1:39:00 PM,2,1,0,36.060910,-86.641730,HICKORY HIGHLANDS DR,,,,517.00,Feet,West,BELL RD,,,,0.00,N,Not at Intersection,N,Non-Junction,None,,,         ,Stanley,Collins,Clear,Angle,no,no,no,no,no,False
103180410,METROPOLITAN NASHVILLE POLICE DEPT,20210656021,Davidson,Nashville,12/29/2021 12:00:00 AM,1,0,0,36.083190,-86.650750,UNA ANTIOCH PKE,,,,512.00,Feet,North,VANGUARD PL,,,,0.00,N,Not at Intersection,N,Non-Junction,None,,,         ,Patrick,Martin,Cloudy,Not Collision with Motor Vehicle in Transport,no,no,no,no,no,False
103180432,METROPOLITAN NASHVILLE POLICE DEPT,20210656039,Davidson,Not in City Limit,12/29/2021 2:39:00 PM,2,1,0,36.262240,-86.712200,GALLATIN PKES,,,,12.00,Feet,North,E OLD HICKORY BLVD,,,,0.00,N,Not at Intersection,Y,Non-Junction,None,,,         ,David,Harms,Rain,Angle,no,no,no,no,no,False
103180441,METROPOLITAN NASHVILLE POLICE DEPT,20210655864,Davidson,Not in City Limit,12/29/2021 11:36:00 AM,1,1,0,36.032920,-86.986400,HIGHWAY 100,,,,0.00,Feet,East,HESTER BEASLEY RD,,,,0.00,N,Not at Intersection,N,Non-Junction,None,,,         ,Wesley,Tilley,Cloudy,Not Collision with Motor Vehicle in Transport,no,no,no,no,no,False
103180442,METROPOLITAN NASHVILLE POLICE DEPT,20210656065,Davidson,Nashville,12/29/2021 2:56:00 PM,2,1,0,36.044350,-86.661550,TARGET DR,,,,0.00,,,CANE RIDGE RD,,,,0.00,Y,T-Intersection,N,Intersection,None,,,         ,Joseph,Hurst,Rain,Angle,no,no,no,no,no,False
103180450,METROPOLITAN NASHVILLE POLICE DEPT,20210656161,Davidson,Nashville,12/29/2021 12:00:00 AM,2,0,0,36.148650,-86.764850,1ST AVS,,,,402.00,Feet,North,MILDRED SHUTE AV,,,,0.00,N,Not at Intersection,N,Non-Junction,None,,,         ,Joseph,Hurst,Unknown,Unknown,no,no,no,no,yes,False
103180494,METROPOLITAN NASHVILLE POLICE DEPT,20210656251,Davidson,Nashville,12/29/2021 4:45:00 PM,1,1,0,36.135110,-86.820120,I440 W EXT RAMP,,,,0.00,,,MARLBOROUGH AV,,,,0.00,Y,OTHER,N,Non-Junction,None,,,         ,Goran,Manojlovic,Rain,Not Collision with Motor Vehicle in Transport,no,no,no,no,no,False
103180496,METROPOLITAN NASHVILLE POLICE DEPT,20210656226,Davidson,Nashville,12/29/2021 4:29:00 PM,2,0,0,36.140570,-86.723680,I 40,,,,0.00,,,,,,,213.55,N,Not at Intersection,N,Entrance/Exit Ramp Related,None,,,         ,Brandon,Chapman,Rain,Angle,no,no,no,no,no,False
103180500,METROPOLITAN NASHVILLE POLICE DEPT,20210656261,Davidson,Nashville,12/29/2021 4:55:00 PM,2,1,0,36.083350,-86.689020,ANTIOCH PKE,,,,0.00,,,,,,,0.00,,,N,Intersection-Related,None,,,         ,Joseph,Hurst,Rain,Front to Rear,no,no,no,no,no,False