master_record_number,agency,agency_tracking_number,county,city,collision_date,vehicles_involved,number_injured,number_dead,latitude,longitude,roadway_name,roadway_suffix,roadway_number,roadway_local_id,distance_from_reference,miles-feet_indicator,direction_from_reference,intersection_road_name,intersection_road_name_suffix,intersection_road_number,intersection_local_id,mile_marker,intersection_indicator,intersect_type,interchange_related_indicator,relation_to_junction,work_zone_type,construction_maintenance_zone,construction_maintenance_zone_location,fatal_case_number,officer_first_name,officer_last_name,weather_condition(s),manner_of_crash,pedestrian,bicycle,scooter,parking,hitrun,mou
103180501,METROPOLITAN NASHVILLE POLICE DEPT,20210656264,Davidson,Nashville,12/29/2021 4:57:00 PM,2,0,0,36.193260,-86.751050,DOUGLAS AV,,,,161.00,Feet,East,CLINE AV,,,,0.00,N,Not at Intersection,N,Non-Junction,None,,,         ,Theodore,Kenney,Rain,Front to Rear,no,no,no,no,no,False
103180502,METROPOLITAN NASHVILLE POLICE DEPT,20210656131,Davidson,Nashville,12/29/2021 2:30:00 PM,2,0,0,36.180120,-86.797460,GARFIELD ST,,,,41.00,Feet,East,NASSAU ST,,,,0.00,N,Not at Intersection, ,Non-Junction,None,,,         ,Travis,Pemberton,Clear,Front to Rear,no,no,no,no,yes,False
103180509,METROPOLITAN NASHVILLE POLICE DEPT,20210656275,Davidson,Nashville,12/29/2021 4:38:00 PM,2,0,0,36.077720,-86.731800,HARDING PL,,,,66.00,Feet,West,MILNER DR,,,,0.00,N,Not at Intersection,N,Non-Junction,None,,,         ,Douglas,Sykes,Rain,Angle,no,no,no,no,yes,False
103180516,METROPOLITAN NASHVILLE POLICE DEPT,20210656299,Davidson,Nashville,12/29/2021 5:29:00 PM,1,1,0,36.086190,-86.692030,ANTIOCH PKE,,,,0.00,,,,,,,0.00,,,N,Non-Junction,None,,,         ,Joseph,Hurst,Rain,Not Collision with Motor Vehicle in Transport,no,no,no,no,no,False
103180524,METROPOLITAN NASHVILLE POLICE DEPT,20210656350,Davidson,Nashville,12/29/2021 5:25:00 PM,2,0,0,36.067230,-86.661670,UNA ANTIOCH PKE,,,,0.00,,,RICHARDS RD,,,,0.00,Y,T-Intersection,N,Intersection-Related,None,,,         ,Joseph,Hurst,Rain,Front to Rear,no,no,no,no,no,False
103180538,METROPOLITAN NASHVILLE POLICE DEPT,20210656355,Davidson,Nashville,12/29/2021 6:30:00 PM,2,1,0,36.109410,-86.727370,BRILEY PKWYS,,,,201.00,Feet,East,BRILEY PKWYN,,,,0.00,N,Not at Intersection,N,Non-Junction,None,,,         ,John,Walden,Rain,Front to Rear,no,no,no,no,no,False
103180556,METROPOLITAN NASHVILLE POLICE DEPT,20210656331,Davidson,Nashville,12/29/2021 12:00:00 AM,2,0,0,36.173700,-86.689400,BRILEY PKWYN,,,,252.00,Feet,North,BRILEY PKWYS,,,,0.00,N,Not at Intersection,N,Non-Junction,None,,,         ,Zaire,Murray,Rain,Other,no,no,no,no,no,False
103180557,METROPOLITAN NASHVILLE POLICE DEPT,20210656352,Davidson,Nashville,12/29/2021 6:17:00 PM,1,0,0,36.140450,-86.731680,I 24,,,,0.00,,,,,,,51.50,N,Not at Intersection,N,Non-Junction,None,,,         ,Evan,Grace,Rain,Not Collision with Motor Vehicle in Transport,no,no,no,no,no,False
103180559,METROPOLITAN NASHVILLE POLICE DEPT,20210656278,Davidson,Nashville,12/29/2021 4:40:00 PM,2,0,0,36.183010,-86.774980,I 24,,,,0.00,,,,,,,47.40,N,Not at Intersection,N,Non-Junction,None,,,         ,Ciara,Doherty,Rain,"Sideswipe, Same Direction",no,no,no,no,no,False
103180560,METROPOLITAN NASHVILLE POLICE DEPT,20210656333,Davidson,Nashville,12/29/2021 6:00:00 PM,2,1,0,36.088720,-86.689830,HARDING PL,,,,499.00,Feet,West,EZELL PKE,,,,0.00,N,Not at Intersection,N,Non-Junction,None,,,         ,Timothy,Ward,Rain,Front to Rear,no,no,no,no,no,False
103180567,METROPOLITAN NASHVILLE POLICE DEPT,20210656336,Davidson,Nashville,12/29/2021 6:04:00 PM,1,1,0,36.152810,-86.779330,8TH AVS,,,,13.00,Feet,North,DREXEL ST,,,,0.00,N,Not at Intersection,N,Non-Junction,None,,,         ,Michael,Moss,Rain,Not Collision with Motor Vehicle in Transport,yes,no,no,no,yes,False
103180590,METROPOLITAN NASHVILLE POLICE DEPT,20210656300,Davidson,Nashville,12/29/2021 5:30:00 PM,2,0,0,36.187770,-86.821750,ED TEMPLE BLVD,,,,96.00,Feet,South,ROSA L PARKS BLVD,,,,0.00,N,Not at Intersection, ,Non-Junction,None,,,         ,Chad,Connors,Rain,HeadOn,no,no,no,no,no,False
103180607,METROPOLITAN NASHVILLE POLICE DEPT,20210656382,Davidson,Nashville,12/29/2021 6:20:00 PM,2,0,0,36.201380,-86.776840,I 65,,,,0.00,,,,,,,86.95,N,Not at Intersection,N,Non-Junction,None,,,         ,Anna,Clayton,Rain,Front to Rear,no,no,no,no,no,False
103180612,METROPOLITAN NASHVILLE POLICE DEPT,20210656501,Davidson,Nashville,12/29/2021 8:32:00 PM,1,0,0,36.135840,-86.727820,I24 E EXT RAMP,,,,0.00,Feet,East,I 24,,,,0.00,N,Not at Intersection,N,Entrance/Exit Ramp Related,None,,,         ,Joseph,Hurst,Rain,Not Collision with Motor Vehicle in Transport,no,no,no,no,no,False
103180613,METROPOLITAN NASHVILLE POLICE DEPT,20210656409,Davidson,Nashville,12/29/2021 7:06:00 PM,2,1,0,36.138570,-86.857570,WHITE BRIDGE PKE,,,,267.00,Feet,North,KNOB RD,,,,0.00,N,Not at Intersection,N,Non-Junction,None,,,         ,Andrew,McCarron,Cloudy,Angle,no,no,no,no,no,False
103180621,METROPOLITAN NASHVILLE POLICE DEPT,20210656359,Davidson,Nashville,12/29/2021 6:24:00 PM,4,0,0,36.205100,-86.776630,I 65,,,,0.00,,,,,,,87.20,N,Not at Intersection,N,Non-Junction,None,,,         ,Daniel,Kallman,Rain,Front to Rear,no,no,no,no,no,False
103180648,METROPOLITAN NASHVILLE POLICE DEPT,20210656464,Davidson,Nashville,12/29/2021 8:00:00 PM,1,1,0,36.126050,-86.904230,I 40,,,,0.00,,,,,,,200.60,N,Not at Intersection,N,Non-Junction,None,,,         ,Zacarias,Brito Jr.,Cloudy,Not Collision with Motor Vehicle in Transport,no,no,no,no,no,False
103180650,METROPOLITAN NASHVILLE POLICE DEPT,20210656320,Davidson,Nashville,12/29/2021 5:45:00 PM,3,1,0,36.143370,-86.654180,ELM HILL PKE,,,,263.00,Feet,East,MCCRORY CREEK RD,,,,0.00,N,Not at Intersection,N,Non-Junction,None,,,         ,Donovan,Coble,Rain,HeadOn,no,no,no,no,no,False
103180654,METROPOLITAN NASHVILLE POLICE DEPT,20210656565,Davidson,Nashville,12/29/2021 9:40:00 PM,2,1,0,36.158230,-86.863470,BRILEY PKWYS,,,,71.00,Feet,South,BRILEY PKWYN,,,,0.00,N,Not at Intersection,N,Non-Junction,None,,,         ,Andrew,McCarron,Cloudy,"Sideswipe, Same Direction",no,no,no,no,yes,False
103180672,METROPOLITAN NASHVILLE POLICE DEPT,20210656347,Davidson,Not in City Limit,12/29/2021 6:10:00 PM,2,1,0,36.318890,-86.843000,I 24,,,,0.00,,,,,,,36.35,N,Not at Intersection,N,Non-Junction,None,,,         ,Chase,Harriman,"Cloudy, Rain",Angle,no,no,no,no,no,False
103180679,METROPOLITAN NASHVILLE POLICE DEPT,20210655293,Davidson,Nashville,12/29/2021 12:44:00 AM,2,1,0,36.187920,-86.798480,ROSA L PARKS BLVD,,,,0.00,,,DOMINICAN DR,,,,0.00,Y,Four-Way,N,Intersection,None,,,         ,Walter,Gray II,Cloudy,Angle,no,no,no,no,yes,False
103180688,METROPOLITAN NASHVILLE POLICE DEPT,20210656591,Davidson,Not in City Limit,12/29/2021 6:50:00 PM,2,0,0,36.316960,-86.834600,I 24,,,,0.00,,,,,,,37.00,N,Not at Intersection, ,Non-Junction,None,,,         ,Jackson,Sanders,Clear,Front to Rear,no,no,no,no,no,False
103180702,METROPOLITAN NASHVILLE POLICE DEPT,20210656652,Davidson,Nashville,12/29/2021 11:00:00 PM,2,2,0,36.225890,-86.760290,HILLHURST DR,,,,22.00,Feet,West,DICKERSON PKE,,,,0.00,N,Not at Intersection,N,Non-Junction,None,,,         ,Kristopher,Sutton,Fog,Angle,no,no,no,no,no,False
103180703,METROPOLITAN NASHVILLE POLICE DEPT,20210656669,Davidson,Nashville,12/29/2021 5:50:00 PM,2,0,0,36.217900,-86.692920,BRILEY PKWYS,,,,175.00,Feet,North,BRILEY PKWY S EXT RAMP,,,,0.00,N,Not at Intersection,N,Non-Junction,None,,,         ,Bryson,Wilkins,Rain,"Sideswipe, Same Direction",no,no,no,no,yes,False
103180713,METROPOLITAN NASHVILLE POLICE DEPT,20210656796,Davidson,Not in City Limit,12/30/2021 12:00:00 AM,1,0,0,36.277060,-86.869950,CLARKSVILLE PKE,,,,1275.00,Feet,East,OLD HICKORY BLVD,,,,0.00,N,Not at Intersection,N,Non-Junction,None,,,         ,Thomas,Clingan,"Cloudy, Fog",Not Collision with Motor Vehicle in Transport,no,no,no,no,yes,False
103180716,METROPOLITAN NASHVILLE POLICE DEPT,20210656790,Davidson,Not in City Limit,12/30/2021 1:04:00 AM,1,0,0,36.055010,-86.948240,OLD HARDING PKE,,,,547.00,Feet,East,BROOK GLEN CV,,,,0.00,N,Not at Intersection,N,Non-Junction,None,,,         ,David,Moser,Fog,Not Collision with Motor Vehicle in Transport,no,no,no,no,yes,False
103180722,METROPOLITAN NASHVILLE POLICE DEPT,20210656697,Davidson,Nashville,12/29/2021 11:30:00 PM,2,0,0,36.098610,-86.659380,MURFREESBORO PKE,,,,0.00,,,HARDING PL,,,,0.00,Y,T-Intersection,N,Intersection,None,,,         ,Bridget,Griepentrog,"Cloudy, Fog",Front to Rear,no,no,no,no,yes,False
103180726,METROPOLITAN NASHVILLE POLICE DEPT,20210656696,Davidson,Nashville,12/29/2021 11:32:00 PM,1,2,0,36.174460,-86.771010,I 24,,,,0.00,,,,,,,48.10,N,Not at Intersection,N,Non-Junction,None,,,         ,Kelcey,Bell,Clear,Not Collision with Motor Vehicle in Transport,no,no,no,no,no,False
103180738,METROPOLITAN NASHVILLE POLICE DEPT,20210656797,Davidson,Nashville,12/30/2021 12:00:00 AM,1,0,0,36.150920,-86.768620,LAFAYETTE ST,,,,139.00,Feet,East,I40 E EXT RAMP,,,,0.00,N,Not at Intersection,N,Non-Junction,None,,,         ,Paul,Hughes II,Clear,Not Collision with Motor Vehicle in Transport,no,no,no,no,yes,False
103180751,METROPOLITAN NASHVILLE POLICE DEPT,20210656898,Davidson,Nashville,12/30/2021 3:15:00 AM,1,1,0,36.216330,-86.802010,MALTA DR,,,,0.00,,,WHITES CREEK PKE,,,,0.00,Y,Four-Way,N,Intersection,None,,,         ,David,Crisman,Fog,Not Collision with Motor Vehicle in Transport,no,no,no,no,no,False
103180758,METROPOLITAN NASHVILLE POLICE DEPT,20210656998,Davidson,Nashville,12/30/2021 5:44:00 AM,2,2,0,36.141190,-86.731310,I 40,,,,0.00,,,,,,,212.85,N,Not at Intersection,N,Non-Junction,None,,,         ,Dallas,Johnson,Fog,Angle,no,no,no,no,yes,False
103180830,METROPOLITAN NASHVILLE POLICE DEPT,20210657089,Davidson,Nashville,12/30/2021 7:30:00 AM,2,0,0,36.190590,-86.581280,NEW HOPE MEADOW RD,,,,88.00,Feet,East,N NEW HOPE RD,,,,0.00,N,Not at Intersection, ,,None,,,         ,Rex,Engelbert,,,no,no,no,no,no,False
103180835,METROPOLITAN NASHVILLE POLICE DEPT,20210657130,Davidson,Not in City Limit,12/30/2021 8:35:00 AM,3,0,0,36.268070,-86.737000,I 65,,,,0.00,,,,,,,92.50,N,Not at Intersection,N,Entrance/Exit Ramp Related,None,,,         ,Christopher,Littles,Cloudy,"Sideswipe, Same Direction",no,no,no,no,yes,False
103180838,METROPOLITAN NASHVILLE POLICE DEPT,20210657087,Davidson,Nashville,12/30/2021 7:50:00 AM,2,0,0,36.208760,-86.776190,I 65,,,,0.00,,,,,,,87.45,N,Not at Intersection, ,Non-Junction,None,,,         ,James,Wray,Rain,Front to Rear,no,no,no,no,no,False
103180845,METROPOLITAN NASHVILLE POLICE DEPT,20210657104,Davidson,Nashville,12/30/2021 8:11:00 AM,2,0,0,36.200860,-86.776490,I 65,,,,0.00,,,,,,,86.90,N,Not at Intersection, ,,None,,,         ,Zachary,Akers,,,no,no,no,no,no,False
103180851,METROPOLITAN NASHVILLE POLICE DEPT,20210657143,Davidson,Nashville,12/30/2021 8:41:00 AM,2,0,0,36.152470,-86.857520,I 40,,,,0.00,,,,,,,204.00,N,Not at Intersection, ,Non-Junction,None,,,         ,Robert,Laboy,Clear,"Sideswipe, Same Direction",no,no,no,no,no,False
103180871,METROPOLITAN NASHVILLE POLICE DEPT,20210657137,Davidson,Antioch,12/30/2021 8:44:00 AM,1,0,0,36.062760,-86.608340,HAMILTON CHURCH RD,,,,0.56,Miles,West,HOBSON PKE,,,,0.00,N,Not at Intersection,N,OtherLocation,None,,,         ,Patrick,Martin,Cloudy,Not Collision with Motor Vehicle in Transport,no,no,no,no,no,False
103180883,METROPOLITAN NASHVILLE POLICE DEPT,20210657172,Davidson,Nashville,12/30/2021 9:17:00 AM,1,0,0,36.164540,-86.778710,PRINTERS ALY,,,,47.00,Feet,South,BANKERS ALY,,,,0.00,N,Not at Intersection, ,Non-Junction,None,,,         ,Erik,Wagner,Cloudy,Not Collision with Motor Vehicle in Transport,no,no,no,no,no,False
103180885,METROPOLITAN NASHVILLE POLICE DEPT,20210657213,Davidson,Madison,12/30/2021 9:55:00 AM,2,0,0,36.264100,-86.724180,OLD HICKORY BLVDW,,,,0.00,,,HERITAGE DR,,,,0.00,Y,Four-Way, ,Intersection,None,,,         ,Christopher,Littles,Cloudy,Front to Rear,no,no,no,no,no,False
103180898,METROPOLITAN NASHVILLE POLICE DEPT,20210657242,Davidson,Nashville,12/30/2021 10:10:00 AM,2,0,0,36.205450,-86.726380,KENMORE PL,,,,22.00,Feet,West,OXFORD ST,,,,0.00,N,Not at Intersection, ,Non-Junction,None,,,         ,Michael,Agee,Cloudy,Angle,no,no,no,no,no,False
103180945,METROPOLITAN NASHVILLE POLICE DEPT,20210657287,Davidson,Nashville,12/30/2021 11:09:00 AM,2,0,0,36.073770,-86.920710,OLD HICKORY BLVD,,,,0.00,,,BELLEVUE VALLEY PLAZA PVTDR,,,,0.00,Y,Four-Way, ,Intersection-Related,None,,,         ,Corey,Stromatt,Cloudy,Angle,no,no,no,no,no,False
103180950,METROPOLITAN NASHVILLE POLICE DEPT,20210657308,Davidson,Nashville,12/30/2021 11:40:00 AM,2,1,0,36.148550,-86.776020,I 40,,,,0.00,,,,,,,210.00,N,Not at Intersection,Y,Non-Junction,None,,,         ,Eric,Burford,Clear,Front to Rear,no,no,no,no,no,False
103180989,METROPOLITAN NASHVILLE POLICE DEPT,20210657041,Davidson,Nashville,12/30/2021 6:30:00 AM,2,0,0,36.169090,-86.809600,JEFFERSON ST,,,,0.00,Feet,,21ST AVN,,,,0.00,Y,Four-Way,N,Intersection,None,,,         ,Anthony,Butler,Cloudy,Angle,no,no,no,no,yes,False
103180991,METROPOLITAN NASHVILLE POLICE DEPT,20210657090,Davidson,Nashville,12/30/2021 2:00:00 AM,2,0,0,36.057260,-86.699510,COLEMONT DR,,,,0.00,,,,,,,0.00,,,N,Non-Junction,None,,,         ,Tyler,Heckaman,Unknown,HeadOn,no,no,no,yes,yes,False
103180997,METROPOLITAN NASHVILLE POLICE DEPT,20210657290,Davidson,Nashville,12/30/2021 9:30:00 AM,2,0,0,36.180220,-86.760100,NEILL AV,,,,187.00,Feet,South,MARINA ST,,,,0.00,N,Not at Intersection,N,Non-Junction,None,,,         ,Joseph,Progar,Cloudy,Angle,no,no,no,no,yes,False
103181027,METROPOLITAN NASHVILLE POLICE DEPT,20210657311,Davidson,Nashville,12/30/2021 11:48:00 AM,2,0,0,36.038420,-86.704720,DAROLD CT,,,,0.00,,,CEDARMONT CIR,,,,0.00,Y,T-Intersection, ,Non-Junction,None,,,         ,Nicholas,Hoffmann,Cloudy,Not Collision with Motor Vehicle in Transport,no,no,no,no,no,False
103181030,METROPOLITAN NASHVILLE POLICE DEPT,20210652628,Davidson,Nashville,12/27/2021 6:35:00 AM,2,1,0,36.066830,-86.686700,I 24,,,,0.00,,,,,,,57.25,N,Not at Intersection,N,Entrance/Exit Ramp Related,None,,,         ,D’Mitri,Mackall,Cloudy,Front to Rear,no,no,no,no,no,False
103181054,METROPOLITAN NASHVILLE POLICE DEPT,20210657192,Davidson,Nashville,12/30/2021 9:29:00 AM,2,0,0,36.191100,-86.798720,VANTAGE WAY,,,,72.00,Feet,East,ROSA L PARKS BLVD,,,,0.00,N,Not at Intersection,N,Non-Junction,None,,,         ,James,Wray,Cloudy,Angle,no,no,no,no,no,False
103181068,BERRY HILL POLICE DEPT,21-3760,Davidson,Berry Hill,12/29/2021 6:26:00 PM,2,0,0,36.126190,-86.777070,FRANKLIN PKE,,,,0.00,,,CRAIGHEAD ST,,,,0.00,Y,OTHER, ,Intersection-Related,None,,,         ,Larry,Carter,Cloudy,"Sideswipe, Same Direction",no,no,no,no,no,False
103181097,METROPOLITAN NASHVILLE POLICE DEPT,20210657385,Davidson,Antioch,12/30/2021 1:34:00 PM,2,0,0,36.054100,-86.618430,MURFREESBORO PKE,,,,0.80,Miles,North,MOUNTAIN SPRINGS RD,,,,0.00,N,Not at Intersection,N,Non-Junction,None,,,         ,Patrick,Martin,Cloudy,Front to Rear,no,no,no,no,yes,False
103181100,METROPOLITAN NASHVILLE POLICE DEPT,20210657301,Davidson,Nashville,12/30/2021 11:20:00 AM,2,0,0,36.129620,-86.727450,I 24,,,,0.00,Feet,East,I440 W ENT RAMP,,,,0.00,N,Not at Intersection,Y,Entrance/Exit Ramp Related,None,,,         ,Todd,Watson,Cloudy,Front to Rear,no,no,no,no,no,False
103181120,METROPOLITAN NASHVILLE POLICE DEPT,20210657484,Davidson,Nashville,12/30/2021 1:58:00 PM,2,0,0,36.246480,-86.735480,FREDA VILLA,,,,0.00,Feet,East,S GRAYCROFT AV,,,,0.00,N,Not at Intersection, ,Non-Junction,None,,,         ,Kyle,Eicholtz,Clear,"Sideswipe, Same Direction",no,no,no,no,no,False
103181137,METROPOLITAN NASHVILLE POLICE DEPT,20210657525,Davidson,Nashville,12/30/2021 3:35:00 PM,2,1,0,36.143430,-86.702910,I 40,,,,0.00,,,,,,,214.55,N,Not at Intersection,N,Non-Junction,None,,,         ,Rami,Rouhi,Clear,Front to Rear,no,no,no,no,yes,False
103181161,METROPOLITAN NASHVILLE POLICE DEPT,20210657583,Davidson,Nashville,12/30/2021 4:14:00 PM,2,1,0,36.125210,-86.732980,I24 E ENT RAMP,,,,0.00,,,I 440,,,,0.00,Y,OTHER,N,Non-Junction,None,,,         ,John,Walden,Clear,Front to Rear,no,no,no,no,no,False
103181163,METROPOLITAN NASHVILLE POLICE DEPT,20210657427,Davidson,Antioch,12/30/2021 2:30:00 PM,1,1,0,36.047840,-86.612050,MURFREESBORO PKE,,,,1003.00,Feet,South,MT VIEW RD,,,,0.00,N,Not at Intersection,N,Non-Junction,None,,,         ,Brian,Sherman,Clear,Not Collision with Motor Vehicle in Transport,no,no,no,no,no,False
103181179,METROPOLITAN NASHVILLE POLICE DEPT,20210657452,Davidson,Nashville,12/30/2021 2:29:00 PM,2,1,0,36.020260,-86.710290,NOLENSVILLE PKE,,,,472.00,Feet,North,SHANE POINT PL,,,,0.00,N,Not at Intersection,N,Non-Junction,None,,,         ,Steven,Powers,Clear,Angle,no,no,no,no,no,False
103181195,METROPOLITAN NASHVILLE POLICE DEPT,20210657574,Davidson,Nashville,12/29/2021 4:14:00 PM,1,0,0,36.040500,-86.770250,OLD HICKORY BLVD,,,,246.00,Feet,East,SEVEN SPRINGS WAY PVTDR,,,,0.00,N,Not at Intersection, ,Non-Junction,None,,,         ,Dylan,Motes,Rain,Not Collision with Motor Vehicle in Transport,no,no,no,no,no,False
103181200,METROPOLITAN NASHVILLE POLICE DEPT,20210657641,Davidson,Nashville,12/30/2021 4:50:00 PM,2,1,0,36.196740,-86.836230,CLARKSVILLE PKE,,,,142.00,Feet,West,BELLEFIELD AV,,,,0.00,N,Not at Intersection,N,Non-Junction,None,,,         ,Jackson,Sanders,Clear,Angle,no,no,no,no,no,False
103181222,METROPOLITAN NASHVILLE POLICE DEPT,20210657660,Davidson,Nashville,12/30/2021 5:00:00 PM,2,1,0,36.225990,-86.600630,SAUNDERSVILLE RD,,,,412.00,Feet,North,CAMERON CT,,,,0.00,N,Not at Intersection,N,Non-Junction,None,,,         ,Zaire,Murray,Clear,Front to Rear,no,no,no,no,no,False
103181232,METROPOLITAN NASHVILLE POLICE DEPT,20210657534,Davidson,Nashville,12/30/2021 3:45:00 PM,3,1,0,36.141690,-86.713510,I 40,,,,0.00,,,,,,,214.00,N,Not at Intersection,N,Non-Junction,None,,,         ,Phillip,Burke,Clear,Front to Rear,no,no,no,no,no,False
103181236,METROPOLITAN NASHVILLE POLICE DEPT,20210657661,Davidson,Lakewood,12/30/2021 5:08:00 PM,2,0,0,36.243800,-86.636520,OLD HICKORY BLVD,,,,153.00,Feet,West,FERRELL DR,,,,0.00,N,Not at Intersection,N,Non-Junction,None,,,         ,Cheri,Cox,Clear,Front to Rear,no,no,no,no,no,False
103181249,METROPOLITAN NASHVILLE POLICE DEPT,20210657622,Davidson,Nashville,12/30/2021 12:00:00 AM,2,0,0,36.118960,-86.767430,I65 ENT RAMP,,,,0.00,,,I 440,,,,0.00,Y,OTHER, ,Entrance/Exit Ramp Related,None,,,         ,Wyatt,Blacker,Cloudy,Front to Rear,no,no,no,no,no,False
103181251,METROPOLITAN NASHVILLE POLICE DEPT,20210657543,Davidson,Nashville,12/30/2021 3:52:00 PM,2,1,0,36.070920,-86.635130,MURFREESBORO PKE,,,,467.00,Feet,South,BELL RD,,,,0.00,N,Not at Intersection,N,Non-Junction,None,,,         ,Gabriel,Hamilton,Clear,Angle,no,no,no,no,no,False
103181253,METROPOLITAN NASHVILLE POLICE DEPT,20210657667,Davidson,Nashville,12/30/2021 4:07:00 PM,2,0,0,36.200100,-86.776650,I 65,,,,0.00,,,,,,,86.85,N,Not at Intersection, ,Non-Junction,None,,,         ,Gabriel,Centeno,Clear,"Sideswipe, Same Direction",no,no,no,no,no,False
103181263,METROPOLITAN NASHVILLE POLICE DEPT,20210657729,Davidson,Not in City Limit,12/30/2021 5:49:00 PM,2,2,0,35.998240,-86.691800,NOLENSVILLE PKE,,,,653.00,Feet,East,CONCORD HILLS DR,,,,0.00,N,Not at Intersection,N,Non-Junction,None,,,         ,Corey,Reed,Clear,Angle,no,no,no,yes,no,False
103181265,METROPOLITAN NASHVILLE POLICE DEPT,20210657776,Davidson,Nashville,12/30/2021 6:27:00 PM,2,0,0,36.142860,-86.666640,DONELSON PKE,,,,208.00,Feet,North,I40 W ENT RAMP,,,,0.00,N,Not at Intersection,N,Non-Junction,None,,,         ,Evan,Grace,Clear,Angle,no,no,no,no,no,False
103181266,METROPOLITAN NASHVILLE POLICE DEPT,20210657761,Davidson,Nashville,12/30/2021 5:56:00 PM,2,0,0,36.140590,-86.721930,I 40,,,,0.00,,,,,,,213.50,N,Not at Intersection,N,Non-Junction,None,,,         ,Brandon,Chapman,Clear,Front to Rear,no,no,no,no,no,False
103181273,METROPOLITAN NASHVILLE POLICE DEPT,20210657509,Davidson,Nashville,12/30/2021 3:10:00 PM,2,0,0,36.143820,-86.700520,I 40,,,,0.00,,,,,,,214.70,N,Not at Intersection,N,Non-Junction,None,,,         ,Phillip,Burke,Clear,Front to Rear,no,no,no,no,yes,False
103181274,METROPOLITAN NASHVILLE POLICE DEPT,20210657779,Davidson,Not in City Limit,12/30/2021 6:00:00 PM,2,0,0,36.322160,-86.857270,I 24,,,,0.00,,,,,,,35.60,N,Not at Intersection, ,,None,,,         ,Chase,Harriman,,,no,no,no,no,no,False
103181278,METROPOLITAN NASHVILLE POLICE DEPT,20210657801,Davidson,Nashville,12/30/2021 6:14:00 PM,2,0,0,36.210640,-86.775960,I 65,,,,0.00,,,,,,,87.60,N,Not at Intersection, ,Non-Junction,None,,,         ,Gabriel,Centeno,Clear,"Sideswipe, Same Direction",no,no,no,no,no,False
103181283,METROPOLITAN NASHVILLE POLICE DEPT,20210657792,Davidson,Nashville,12/30/2021 6:29:00 PM,2,1,0,36.069610,-86.686790,I24 W EXT RAMP,,,,0.00,,,I 24,,,,0.00,Y,Y-Intersection,N,Entrance/Exit Ramp Related,None,,,         ,Megan,Arnett,Clear,Front to Rear,no,no,no,no,no,False
103181286,METROPOLITAN NASHVILLE POLICE DEPT,20210657804,Davidson,Nashville,12/30/2021 6:49:00 PM,2,1,0,36.153270,-86.764240,I 40,,,,0.00,,,,,,,210.70,N,Not at Intersection,N,Non-Junction,None,,,         ,Douglas,Mann,Clear,"Sideswipe, Same Direction",no,no,no,no,yes,False
103181287,METROPOLITAN NASHVILLE POLICE DEPT,20210657731,Davidson,Nashville,12/30/2021 5:40:00 PM,2,0,0,36.188700,-86.746210,GALLATIN AV,,,,153.00,Feet,North,GRANADA AV,,,,0.00,N,Not at Intersection,N,Non-Junction,None,,,         ,Trevor,Jones,Clear,Angle,no,no,no,no,yes,False
103181297,METROPOLITAN NASHVILLE POLICE DEPT,20210657698,Davidson,Old Hickory,12/30/2021 5:35:00 PM,2,0,0,36.266400,-86.654740,OLD HICKORY BLVD,,,,451.00,Feet,East,INDUSTRIAL DR,,,,0.00,N,Not at Intersection, ,,None,,,         ,Jeffrey,Palomino-Gonzalez,,,no,no,no,no,no,False
103181319,METROPOLITAN NASHVILLE POLICE DEPT,20210657850,Davidson,Nashville,12/30/2021 7:40:00 PM,1,0,0,36.169390,-86.579860,I 40,,,,0.00,,,,,,,222.00,N,Not at Intersection,N,Non-Junction,None,,,         ,Cheri,Cox,Clear,Not Collision with Motor Vehicle in Transport,no,no,no,no,no,False
103181324,METROPOLITAN NASHVILLE POLICE DEPT,20210657676,Davidson,Nashville,12/30/2021 5:33:00 PM,2,0,0,36.204740,-86.821430,TUCKER RD,,,,63.00,Feet,North,BUENA VISTA PKE,,,,0.00,N,Not at Intersection, ,Non-Junction,None,,,         ,Michael,Intrieri,Clear,Front to Rear,no,no,no,no,no,False
103181396,METROPOLITAN NASHVILLE POLICE DEPT,20210657756,Davidson,Nashville,12/30/2021 6:10:00 PM,4,0,0,36.143820,-86.700520,I 40,,,,0.00,,,,,,,214.70,N,Not at Intersection,N,Non-Junction,None,,,         ,Phillip,Burke,Clear,Front to Rear,no,no,no,no,yes,False
103181397,METROPOLITAN NASHVILLE POLICE DEPT,20210657919,Davidson,Nashville,12/30/2021 8:27:00 PM,2,2,0,36.050980,-86.624740,MT VIEW RD,,,,624.00,Feet,West,MT VIEW CIR,,,,0.00,N,Not at Intersection,N,Non-Junction,None,,,         ,Gabriel,Hamilton,Clear,HeadOn,no,no,no,no,no,False
103181402,METROPOLITAN NASHVILLE POLICE DEPT,20210657903,Davidson,Nashville,12/30/2021 8:17:00 PM,2,0,0,36.190170,-86.798640,ROSA L PARKS BLVD,,,,320.00,Feet,South,VANTAGE WAY CT,,,,0.00,N,Not at Intersection,N,"Driveway, Alley Access, etc",None,,,         ,Cressie,Prill,Clear,Angle,no,no,no,no,no,False