master_record_number,agency,agency_tracking_number,county,city,collision_date,vehicles_involved,number_injured,number_dead,latitude,longitude,roadway_name,roadway_suffix,roadway_number,roadway_local_id,distance_from_reference,miles-feet_indicator,direction_from_reference,intersection_road_name,intersection_road_name_suffix,intersection_road_number,intersection_local_id,mile_marker,intersection_indicator,intersect_type,interchange_related_indicator,relation_to_junction,work_zone_type,construction_maintenance_zone,construction_maintenance_zone_location,fatal_case_number,officer_first_name,officer_last_name,weather_condition(s),manner_of_crash,pedestrian,bicycle,scooter,parking,hitrun,mou
103181420,METROPOLITAN NASHVILLE POLICE DEPT,20210658033,Davidson,Nashville,12/30/2021 10:00:00 PM,1,2,0,36.136380,-86.727220,I24 E EXT RAMP,,,,0.00,,,I 24,,,,0.00,Y,OTHER,N,Entrance/Exit Ramp Related,None,,,         ,Dalton,Crum,Clear,Not Collision with Motor Vehicle in Transport,no,no,no,no,no,False
103181448,METROPOLITAN NASHVILLE POLICE DEPT,20210658025,Davidson,Nashville,12/30/2021 9:54:00 PM,2,1,0,36.118850,-86.704440,WINTHORNE DR,,,,0.00,,,GLENGARRY DR,,,,0.00,Y,Four-Way,N,Intersection,None,,,         ,Garrett,Latham,Clear,Angle,no,no,no,no,yes,False
103181456,METROPOLITAN NASHVILLE POLICE DEPT,20210658034,Davidson,Nashville,12/30/2021 10:05:00 PM,2,2,0,36.071980,-86.841500,HILLSBORO PKE,,,,0.00,,,CASTLEWOOD CT,,,,0.00,Y,T-Intersection,N,Intersection,None,,,         ,Andrew,McCarron,Cloudy,Front to Rear,no,no,no,no,no,False
103181476,METROPOLITAN NASHVILLE POLICE DEPT,20210658059,Davidson,Nashville,12/30/2021 12:00:00 AM,1,0,0,36.074190,-86.892430,HIGHWAY 100,,,,1075.00,Feet,East,HARPETH TRACE CT,,,,0.00,N,Not at Intersection,N,Non-Junction,None,,,         ,Cameron,Schmid,Clear,Not Collision with Motor Vehicle in Transport,no,no,no,no,yes,False
103181483,METROPOLITAN NASHVILLE POLICE DEPT,20210658014,Davidson,Nashville,12/30/2021 9:40:00 PM,1,0,0,36.193340,-86.833650,JOHN MALLETTE DR,,,,20.00,Feet,East,COUNTY HOSPITAL RD,,,,0.00,N,Not at Intersection,N,Non-Junction,None,,,         ,Chad,Connors,Clear,Not Collision with Motor Vehicle in Transport,no,no,no,no,no,False
103181494,METROPOLITAN NASHVILLE POLICE DEPT,20210658251,Davidson,Nashville,12/31/2021 12:00:00 AM,2,0,0,36.090520,-86.703440,I 24,,,,0.00,,,,,,,55.35,N,Not at Intersection,N,Non-Junction,None,,,         ,Jonathan,Handley,Cloudy,"Sideswipe, Same Direction",no,no,no,no,yes,False
103181497,METROPOLITAN NASHVILLE POLICE DEPT,20210658217,Davidson,Nashville,12/31/2021 12:44:00 AM,2,0,0,36.150850,-86.863860,I 40,,,,0.00,,,,,,,203.60,N,Not at Intersection,N,Non-Junction,None,,,         ,Justin,McCormick,Clear,"Sideswipe, Same Direction",no,no,no,no,yes,False
103181501,METROPOLITAN NASHVILLE POLICE DEPT,20210658232,Davidson,Nashville,12/31/2021 1:10:00 AM,2,1,0,36.203660,-86.776540,I65 N EXT RAMP,,,,0.00,Feet,East,I 65,,,,0.00,N,Not at Intersection,N,Non-Junction,None,,,         ,Reginald,Pierre-Paul,Clear,"Sideswipe, Same Direction",no,no,no,no,yes,False
103181521,METROPOLITAN NASHVILLE POLICE DEPT,20210658365,Davidson,Nashville,12/31/2021 3:48:00 AM,2,0,0,36.159270,-86.821730,I 40,,,,0.00,,,,,,,206.00,N,Not at Intersection,N,Non-Junction,None,,,         ,Brian,DeMarce,Cloudy,"Sideswipe, Same Direction",no,no,no,no,yes,False
103181545,THP District 3 - Nashville,321086420,Davidson,Nashville,12/29/2021 11:17:00 PM,1,0,0,36.166010,-86.807380,ALBION ST,,,,456.00,Feet,East,21ST AVN,,,,0.00,N,Not at Intersection, ,Non-Junction,None,,,         ,Louis,Walker,Cloudy,Not Collision with Motor Vehicle in Transport,no,no,no,yes,no,False
103181549,METROPOLITAN NASHVILLE POLICE DEPT,20210658431,Davidson,Nashville,12/31/2021 5:20:00 AM,1,0,0,36.225130,-86.774450,I 65,,,,0.00,,,,,,,88.60,N,Not at Intersection,N,Non-Junction,None,,,         ,David,Crisman,Rain,Not Collision with Motor Vehicle in Transport,no,no,no,no,no,False
103181579,METROPOLITAN NASHVILLE POLICE DEPT,20210657399,Davidson,Nashville,12/30/2021 1:42:00 PM,3,2,0,36.133840,-86.890260,CHARLOTTE PKE,,,,45.00,Feet,West,HILLWOOD PRIVATE CV,,,,0.00,N,Not at Intersection,N,Non-Junction,None,,,         ,Jack,Crouch,Cloudy,Front to Rear,no,no,no,no,no,False
103181583,METROPOLITAN NASHVILLE POLICE DEPT,20210657383,Davidson,Nashville,12/30/2021 1:26:00 PM,1,1,0,36.156340,-86.782110,DEMONBREUN ST,,,,0.00,,,9TH AVS,,,,0.00,Y,Four-Way,N,Intersection,None,,,         ,Erik,Wagner,Cloudy,Not Collision with Motor Vehicle in Transport,no,no,yes,no,no,False
103181621,METROPOLITAN NASHVILLE POLICE DEPT,20210658545,Davidson,Nashville,12/31/2021 8:22:00 AM,1,0,0,36.044770,-86.661530,BELL RD,,,,0.00,,,CANE RIDGE RD,,,,0.00,Y,Four-Way, ,Non-Junction,None,,,         ,Steven,Williams,Cloudy,Not Collision with Motor Vehicle in Transport,no,no,no,no,yes,False
103181633,METROPOLITAN NASHVILLE POLICE DEPT,20210658561,Davidson,Nashville,12/31/2021 8:42:00 AM,2,0,0,36.040010,-86.743470,OLD HICKORY BLVD,,,,0.00,Feet,,EDMONDSON PKE,,,,0.00,Y,Four-Way,Y,Intersection,None,,,         ,Gary,Sneed,Cloudy,Front to Rear,no,no,no,no,yes,False
103181636,METROPOLITAN NASHVILLE POLICE DEPT,20210658543,Davidson,Not in City Limit,12/31/2021 8:20:00 AM,2,0,0,36.263070,-86.711920,STATE RT 45,,,,0.00,,,GALLATIN PKEN,,,,0.00,Y,Four-Way,N,Intersection-Related,None,,,         ,Wesley,Mcclelland,Cloudy,Front to Rear,no,no,no,no,yes,False
103181676,METROPOLITAN NASHVILLE POLICE DEPT,20210658615,Davidson,Nashville,12/31/2021 8:38:00 AM,2,0,0,36.041310,-86.651730,I24 W ENT RAMP,,,,0.00,Feet,East,I 24,,,,0.00,N,Not at Intersection, ,Non-Junction,None,,,         ,Darrin,Hardin,Cloudy,Not Collision with Motor Vehicle in Transport,no,no,no,no,no,False
103181704,METROPOLITAN NASHVILLE POLICE DEPT,20210658624,Davidson,Not in City Limit,12/31/2021 3:00:00 AM,2,0,0,36.261210,-86.675740,WEYMOUTH DR,,,,51.00,Feet,South,AMBOY CT,,,,0.00,N,Not at Intersection,N,Non-Junction,None,,,         ,Christopher,Littles,Cloudy,"Sideswipe, Opposite Direction",no,no,no,no,yes,False
103181707,METROPOLITAN NASHVILLE POLICE DEPT,20210658641,Davidson,Nashville,12/31/2021 10:10:00 AM,2,0,0,36.132860,-86.892850,CHARLOTTE PKE,,,,242.00,Feet,West,OLD CHARLOTTE PKE,,,,0.00,N,Not at Intersection, ,Non-Junction,None,,,         ,Corey,Stromatt,Clear,Front to Rear,no,no,no,no,no,False
103181748,METROPOLITAN NASHVILLE POLICE DEPT,20210658674,Davidson,Nashville,12/31/2021 10:49:00 AM,2,0,0,36.169830,-86.679810,MCGAVOCK PKE,,,,171.00,Feet,North,LEBANON PKE,,,,0.00,N,Not at Intersection, ,Non-Junction,None,,,         ,Patrick,Lancaster,Cloudy,Angle,no,no,no,no,no,False
103181750,METROPOLITAN NASHVILLE POLICE DEPT,20210658649,Davidson,Nashville,12/31/2021 10:19:00 AM,2,0,0,36.156310,-86.807250,CHARLOTTE AV,,,,0.00,,,22ND AVN,,,,0.00,Y,Four-Way,N,Intersection,None,,,         ,Earl,Davis,Cloudy,Angle,no,no,no,no,yes,False
103181769,METROPOLITAN NASHVILLE POLICE DEPT,20210658715,Davidson,Nashville,12/31/2021 11:33:00 AM,2,0,0,36.105440,-86.773160,CALDWELL LN,,,,100.00,Feet,West,FRANKLIN PKE,,,,0.00,N,Not at Intersection, ,OtherLocation,None,,,         ,Earl,Davis,Cloudy,HeadOn,no,no,no,no,no,False
103181793,METROPOLITAN NASHVILLE POLICE DEPT,20210658716,Davidson,Nashville,12/31/2021 11:30:00 AM,2,0,0,36.129490,-86.714700,MURFREESBORO PKE,,,,0.00,Feet,East,MILLWOOD DR,,,,0.00,N,Not at Intersection, ,"Driveway, Alley Access, etc",None,,,         ,Todd,Watson,Cloudy,Front to Rear,no,no,no,no,no,False
103181817,METROPOLITAN NASHVILLE POLICE DEPT,20210658800,Davidson,Nashville,12/31/2021 12:57:00 PM,2,1,0,36.152300,-86.797450,WEST END AV,,,,0.00,,,19TH AVN,,,,0.00,Y,Four-Way,N,Intersection,None,,,         ,Earl,Davis,Cloudy,Front to Rear,no,no,no,no,no,False
103181855,METROPOLITAN NASHVILLE POLICE DEPT,20210658797,Davidson,Nashville,12/31/2021 12:55:00 PM,2,1,0,36.044840,-86.662810,BELL RD,,,,380.00,Feet,West,CANE RIDGE RD,,,,0.00,N,Not at Intersection,N,Non-Junction,None,,,         ,Lee,Davis,Cloudy,Front to Rear,no,no,no,no,no,False
103181927,METROPOLITAN NASHVILLE POLICE DEPT,20210658742,Davidson,Nashville,12/31/2021 11:50:00 AM,2,1,0,36.139810,-86.722750,CORNELIA CT,,,,0.00,,,SPENCE LN,,,,0.00,Y,T-Intersection,N,Non-Junction,None,,,         ,Michael,Fox,Cloudy,Angle,no,no,no,no,no,False
103181935,METROPOLITAN NASHVILLE POLICE DEPT,20210658827,Davidson,Nashville,12/31/2021 1:34:00 PM,2,0,0,36.132880,-86.720380,MURFREESBORO PKE,,,,191.00,Feet,East,PAVILION BLVD,,,,0.00,N,Not at Intersection,N,Non-Junction,None,,,         ,Eric,Burford,Clear,Angle,no,no,no,no,no,False
103181940,METROPOLITAN NASHVILLE POLICE DEPT,20210658851,Davidson,Nashville,12/31/2021 12:00:00 AM,2,0,0,36.132880,-86.633830,HARBORWOOD DR,,,,149.00,Feet,East,N ASHFORD,,,,0.00,N,Not at Intersection,N,Non-Junction,None,,,         ,Rachael,Robinson,Unknown,Angle,no,no,no,no,yes,False
103182069,METROPOLITAN NASHVILLE POLICE DEPT,20210658906,Davidson,Nashville,12/31/2021 2:45:00 PM,2,0,0,36.074110,-86.638300,MURFREESBORO PKE,,,,168.00,Feet,South,RURAL HILL RD,,,,0.00,N,Not at Intersection,N,Non-Junction,None,,,         ,Nathaniel,Myers,Cloudy,Front to Rear,no,no,no,no,no,False
103182076,METROPOLITAN NASHVILLE POLICE DEPT,20210658874,Davidson,Nashville,12/31/2021 2:30:00 PM,2,1,0,36.129820,-86.855130,WHITE BRIDGE PKE,,,,214.00,Feet,West,TARGET PVTDR,,,,0.00,N,Not at Intersection,N,Non-Junction,None,,,         ,Douglas,Atwood,Cloudy,Angle,no,no,no,no,no,False
103182082,METROPOLITAN NASHVILLE POLICE DEPT,20210658965,Davidson,Not in City Limit,12/31/2021 3:04:00 PM,2,0,0,36.269260,-86.755740,OLD HICKORY BLVDW,,,,0.00,,,DICKERSON PKE,,,,0.00,Y,Four-Way, ,Intersection,None,,,         ,Austin,Bowles,Clear,"Sideswipe, Same Direction",no,no,no,no,yes,False
103182123,METROPOLITAN NASHVILLE POLICE DEPT,20210658931,Davidson,Nashville,12/31/2021 3:01:00 PM,2,1,0,36.153150,-86.688380,ELM HILL PKE,,,,208.00,Feet,West,MARRIOTT DR,,,,0.00,N,Not at Intersection,N,Non-Junction,None,,,         ,Douglas,Mann,Cloudy,Angle,no,no,no,no,no,False
103182162,METROPOLITAN NASHVILLE POLICE DEPT,20210658971,Davidson,Nashville,12/31/2021 3:20:00 PM,2,0,0,36.086930,-86.648640,NASHBORO BLVD,,,,12.00,Feet,East,MURFREESBORO PKE,,,,0.00,N,Not at Intersection, ,Non-Junction,None,,,         ,Beri,Scott,Cloudy,"Sideswipe, Same Direction",no,no,no,no,no,False
103182239,METROPOLITAN NASHVILLE POLICE DEPT,20210659066,Davidson,Nashville,12/31/2021 4:48:00 PM,2,0,0,36.078890,-86.645210,MARTWAY DR,,,,0.00,,,EDGE O LAKE DR,,,,0.00,Y,Four-Way, ,Intersection,None,,,         ,Beri,Scott,Cloudy,Angle,no,no,no,no,no,False
103182262,METROPOLITAN NASHVILLE POLICE DEPT,20210659055,Davidson,Nashville,12/31/2021 4:53:00 PM,2,2,0,36.177780,-86.805940,WHELESS ST,,,,0.00,,,14TH AVN,,,,0.00,Y,Four-Way,N,Intersection,None,,,         ,Michael,Suagua,Cloudy,HeadOn,no,no,no,no,yes,False
103182281,METROPOLITAN NASHVILLE POLICE DEPT,20210659053,Davidson,Nashville,12/31/2021 4:53:00 PM,1,1,0,36.122780,-86.796090,OAKLAND AV,,,,74.00,Feet,North,WILDWOOD AV,,,,0.00,N,Not at Intersection,N,Non-Junction,None,,,         ,Dakota,Davis,Clear,Not Collision with Motor Vehicle in Transport,no,no,no,no,no,False
103182338,METROPOLITAN NASHVILLE POLICE DEPT,20210659020,Davidson,Antioch,12/31/2021 4:30:00 PM,2,2,0,36.047840,-86.612050,MURFREESBORO PKE,,,,1284.00,Feet,North,MOUNTAIN SPRINGS RD,,,,0.00,N,Not at Intersection,N,Non-Junction,None,,,         ,Gabriel,Hamilton,Clear,Angle,no,no,no,no,no,False
103182348,METROPOLITAN NASHVILLE POLICE DEPT,20210659139,Davidson,Nashville,12/31/2021 6:20:00 PM,2,1,0,36.187920,-86.798480,ROSA L PARKS BLVD,,,,0.00,,,DOMINICAN DR,,,,0.00,Y,Four-Way,N,Intersection,None,,,         ,Michael,Suagua,Clear,HeadOn,no,no,no,no,yes,False
103182366,METROPOLITAN NASHVILLE POLICE DEPT,20210659220,Davidson,Nashville,12/31/2021 7:48:00 PM,1,0,0,36.162900,-86.776860,COMMERCE ST,,,,0.00,,,3RD AVN,,,,0.00,Y,Four-Way, ,Intersection,None,,,         ,Ricardo,Cruz,Clear,Not Collision with Motor Vehicle in Transport,no,no,no,no,no,False
103182370,METROPOLITAN NASHVILLE POLICE DEPT,20210659052,Davidson,Nashville,12/31/2021 12:00:00 AM,2,0,0,36.158100,-86.799870,CHARLOTTE AV,,,,0.00,,,18TH AVN,,,,0.00,Y,Four-Way,Y,Intersection,None,,,         ,Wyatt,Blacker,Clear,Angle,no,no,no,no,yes,False
103182371,METROPOLITAN NASHVILLE POLICE DEPT,20210659168,Davidson,Nashville,12/31/2021 5:15:00 PM,2,0,0,36.134710,-86.888070,CHARLOTTE PKE,,,,0.00,,,W HILLWOOD DR,,,,0.00,Y,T-Intersection,N,Intersection,None,,,         ,Heather,Fox,Clear,Front to Rear,no,no,no,no,yes,False
103182375,METROPOLITAN NASHVILLE POLICE DEPT,20210659229,Davidson,Not in City Limit,12/31/2021 7:27:00 PM,2,0,0,36.282820,-86.707220,GALLATIN PKEN,,,,220.00,Feet,South,EDGEMEADE BLVD,,,,0.00,N,Not at Intersection,N,Non-Junction,None,,,         ,Kyle,Eicholtz,Clear,Angle,no,no,no,no,yes,False
103182394,METROPOLITAN NASHVILLE POLICE DEPT,20210659226,Davidson,Nashville,12/31/2021 6:53:00 PM,3,0,0,36.184530,-86.798120,ROSA L PARKS BLVD,,,,84.00,Feet,South,I65 S ENT RAMP,,,,0.00,N,Not at Intersection, ,Non-Junction,None,,,         ,Michael,Suagua,Cloudy,Front to Rear,no,no,no,no,no,False
103182444,METROPOLITAN NASHVILLE POLICE DEPT,20210659309,Davidson,Nashville,12/31/2021 9:10:00 PM,2,1,0,36.133990,-86.722520,MURFREESBORO PKE,,,,16.00,Feet,East,PLUS PARK BLVD,,,,0.00,N,Not at Intersection,N,Non-Junction,None,,,         ,Austin,Binner,Clear,Front to Rear,no,no,no,no,yes,False
103182449,METROPOLITAN NASHVILLE POLICE DEPT,20210659285,Davidson,Nashville,12/31/2021 8:30:00 PM,2,0,0,36.152710,-86.828850,CHARLOTTE AV,,,,0.00,,,37TH AVN,,,,0.00,Y,T-Intersection,N,Intersection,None,,,         ,Heather,Fox,Clear,Front to Rear,no,no,no,no,yes,False
103182470,METROPOLITAN NASHVILLE POLICE DEPT,20210659169,Davidson,Nashville,12/31/2021 7:00:00 PM,2,0,0,36.256110,-86.714420,GALLATIN PKES,,,,28.00,Feet,South,NEELYS BEND RD,,,,0.00,N,Not at Intersection, ,Non-Junction,None,,,         ,Alexander,Hartle,Clear,Angle,no,no,no,no,no,False
103182484,METROPOLITAN NASHVILLE POLICE DEPT,20210659336,Davidson,Nashville,12/31/2021 9:10:00 PM,2,1,0,36.132470,-86.719310,MURFREESBORO PKE,,,,0.00,Feet,East,WILHAGAN RD,,,,0.00,N,Not at Intersection,N,Non-Junction,None,,,         ,Timothy,Ward,Clear,Front to Rear,no,no,no,no,no,False
103182486,METROPOLITAN NASHVILLE POLICE DEPT,20210659184,Davidson,Not in City Limit,12/31/2021 7:04:00 PM,3,4,0,36.265440,-86.739730,OLD HICKORY BLVDW,,,,0.00,Feet,,I65 S ENT RAMP,,,,0.00,Y,T-Intersection,Y,Intersection,None,,,         ,Benjamin,Williams,Clear,Front to Rear,no,no,no,no,yes,False
103182501,METROPOLITAN NASHVILLE POLICE DEPT,20210659304,Davidson,Nashville,12/31/2021 9:05:00 PM,2,1,0,36.131900,-86.895540,I40 E ENT RAMP,,,,0.00,,,I 40,,,,0.00,Y,Four-Way,N,Entrance/Exit Ramp Related,None,,,         ,Brandon,Pedigo,Cloudy,Angle,no,no,no,no,no,False
103182510,METROPOLITAN NASHVILLE POLICE DEPT,20210659150,Davidson,Nashville,12/31/2021 6:30:00 PM,2,0,0,36.069360,-86.692610,HAYWOOD LN,,,,41.00,Feet,East,HAYWOOD SQUARE PVTDR,,,,0.00,N,Not at Intersection,N,Non-Junction,None,,,         ,Beri,Scott,Cloudy,Front to Rear,no,no,no,no,yes,False
103182518,METROPOLITAN NASHVILLE POLICE DEPT,20210659245,Davidson,Antioch,12/31/2021 8:14:00 PM,4,5,0,36.042850,-86.606550,MURFREESBORO PKE,,,,0.00,,,HOBSON PKE,,,,0.00,Y,Four-Way,N,Intersection,None,,,         ,Brandon,Simpkins,Cloudy,Angle,no,no,no,no,no,False
103182528,METROPOLITAN NASHVILLE POLICE DEPT,20210659374,Davidson,Nashville,12/31/2021 10:18:00 PM,2,1,0,36.169180,-86.772300,S 1ST ST,,,,53.00,Feet,North,WOODLAND ST,,,,0.00,N,Not at Intersection,N,Non-Junction,None,,,         ,Roy,Sain Jr.,Cloudy,"Sideswipe, Same Direction",no,no,no,no,no,False
103182557,METROPOLITAN NASHVILLE POLICE DEPT,20210659431,Davidson,Nashville,12/31/2021 12:00:00 AM,2,0,0,36.144070,-86.663500,AIRPORT CENTER DR,,,,560.00,Feet,South,ROYAL PKWY,,,,0.00,N,Not at Intersection, ,Non-Junction,None,,,         ,Dallas,Johnson,Rain,Angle,no,no,no,yes,yes,False
103182567,METROPOLITAN NASHVILLE POLICE DEPT,20210659393,Davidson,Nashville,12/31/2021 10:38:00 PM,2,3,0,36.086650,-86.724930,PARAGON MILLS RD,,,,352.00,Feet,West,CANTERBURY HALL CONDOS PVTDR,,,,0.00,N,Not at Intersection,N,Non-Junction,None,,,         ,Robert,Leverick,Clear,Front to Rear,no,no,no,no,no,False
103182570,METROPOLITAN NASHVILLE POLICE DEPT,20210658919,Davidson,Nashville,12/31/2021 2:45:00 PM,2,0,0,36.074080,-86.638270,MURFREESBORO PKE,,,,182.00,Feet,South,RURAL HILL RD,,,,0.00,N,Not at Intersection,N,Non-Junction,None,,,         ,Nathaniel,Myers,Cloudy,Front to Rear,no,no,no,no,yes,False
103182579,METROPOLITAN NASHVILLE POLICE DEPT,20210659450,Davidson,Nashville,12/31/2021 11:11:00 PM,3,0,0,36.148400,-86.745760,I 40,,,,0.00,,,,,,,211.90,N,Not at Intersection,N,Non-Junction,None,,,         ,Dallas,Johnson,Fog,"Sideswipe, Same Direction",no,no,no,no,yes,False
103182580,METROPOLITAN NASHVILLE POLICE DEPT,20210659397,Davidson,Nashville,12/31/2021 10:40:00 PM,1,6,0,36.207660,-86.777050,I65 S ENT RAMP,,,,0.00,,,I 65,,,,0.00,Y,Traffic Circle,N,Non-Junction,None,,,         ,David,Crisman,Clear,Not Collision with Motor Vehicle in Transport,no,no,no,no,no,False
103182648,METROPOLITAN NASHVILLE POLICE DEPT,20210652355,Davidson,Nashville,12/27/2021 12:30:00 AM,2,1,0,36.118300,-86.700320,MURFREESBORO PKE,,,,0.00,Feet,,BRILEY PKWYS,,,,0.00,Y,Four-Way,N,Intersection-Related,None,,,         ,Autumn,Manning,Clear,Front to Rear,no,no,no,no,yes,False
103182673,METROPOLITAN NASHVILLE POLICE DEPT,20210659454,Davidson,Nashville,12/31/2021 11:10:00 PM,2,2,0,36.071130,-86.656440,PEBBLE CREEK DR,,,,331.00,Feet,West,PEBBLE CREEK CT,,,,0.00,N,Not at Intersection,N,Non-Junction,None,,,         ,Dylan,Ramos,Cloudy,Front to Rear,no,no,no,no,no,False
103182675,METROPOLITAN NASHVILLE POLICE DEPT,20220000080,Davidson,Nashville,12/31/2021 11:34:00 PM,2,0,0,36.157520,-86.760420,I 24,,,,0.00,,,,,,,49.80,N,Not at Intersection,N,Non-Junction,None,,,         ,John,Jones,Clear,Front to Rear,no,no,no,no,yes,False
103182678,GOODLETTSVILLE POLICE DEPT,21-36362,Davidson,Goodlettsville,12/31/2021 10:06:00 PM,2,0,0,36.306780,-86.702610,WADE CIR,,,,262.00,Feet,East,VIETNAM VETERANS BLVDS,,,,0.00,N,Not at Intersection,N,Non-Junction,None,,,         ,Joseph,Waldron,Clear,Front to Rear,no,no,no,no,no,False
103182684,METROPOLITAN NASHVILLE POLICE DEPT,20210659468,Davidson,Nashville,12/31/2021 12:00:00 AM,1,0,0,36.251060,-86.715590,E WEBSTER ST,,,,41.00,Feet,West,LIBERTY CIR,,,,0.00,N,Not at Intersection,N,Non-Junction,None,,,         ,Derrick,Toney,Clear,Not Collision with Motor Vehicle in Transport,no,no,no,no,no,False
103182828,METROPOLITAN NASHVILLE POLICE DEPT,20210658828,Davidson,Nashville,12/31/2021 1:34:00 PM,4,3,0,36.044980,-86.665980,BELL RD,,,,334.00,Feet,East,CEDAR POINTE PKWY,,,,0.00,N,Not at Intersection,N,Non-Junction,None,,,         ,Patrick,Martin,Clear,Front to Rear,no,no,no,no,no,False
103183089,METROPOLITAN NASHVILLE POLICE DEPT,20210659250,Davidson,Nashville,12/31/2021 8:06:00 PM,2,1,0,36.147430,-86.743940,I 40,,,,0.00,,,,,,,212.00,N,Not at Intersection,N,Non-Junction,None,,,         ,Phillip,Burke,Clear,Front to Rear,no,no,no,no,no,False
103183198,GOODLETTSVILLE POLICE DEPT,21-36359,Davidson,Goodlettsville,12/31/2021 9:48:00 PM,1,0,0,36.308530,-86.727660,HIGHLAND HEIGHTS DR,,,,181.00,Feet,North,MEADOW BROOK DR,,,,0.00,N,Not at Intersection,N,"Driveway, Alley Access, etc",None,,,         ,Zachary,Scannell,Rain,Not Collision with Motor Vehicle in Transport,no,no,no,no,yes,False
103183520,THP District 3 - Nashville,321086924,Davidson,Nashville,12/31/2021 5:24:00 PM,1,0,0,36.230420,-86.582390,SAUNDERSVILLE RD,,,,607.00,Feet,West,LAKERIDGE DR,,,,0.00,N,Not at Intersection,N,Non-Junction,None,,,         ,Samuel,Nokes,Clear,Not Collision with Motor Vehicle in Transport,no,no,no,no,no,False
103183572,BERRY HILL POLICE DEPT,21-3756,Davidson,Berry Hill,12/29/2021 1:48:00 PM,2,0,0,36.119080,-86.773570,BERRY RD,,,,315.00,Feet,East,FRANKLIN PKE,,,,0.00,N,Not at Intersection, ,Non-Junction,None,,,         ,Ronnie,Hill,Clear,Angle,no,no,no,no,no,False
103183776,METROPOLITAN NASHVILLE POLICE DEPT,20220002111,Davidson,Nashville,12/31/2021 12:00:00 AM,2,0,0,36.116840,-86.738180,LUTIE ST,,,,144.00,Feet,East,STERLING BOONE DR,,,,0.00,N,Not at Intersection,N,Non-Junction,None,,,         ,Timothy,Ward,Clear,Unknown,no,no,no,no,yes,False
103184107,METROPOLITAN NASHVILLE POLICE DEPT,20210653989,Davidson,Nashville,12/28/2021 6:50:00 AM,1,0,1,36.126370,-86.711700,EAST THOMPSON LN,,,,219.00,Feet,West,MURFREESBORO PKE,,,,0.00,N,Not at Intersection,N,Non-Junction,None,,,         ,Donald,Davidson,Cloudy,Not Collision with Motor Vehicle in Transport,yes,no,no,no,yes,False
103184125,GOODLETTSVILLE POLICE DEPT,21-36178,Davidson,Goodlettsville,12/29/2021 9:30:00 AM,2,1,0,36.292850,-86.732590,DICKERSON PKES,,,,377.00,Feet,East,CAMPBELL RD,,,,0.00,N,Not at Intersection,N,"Driveway, Alley Access, etc",None,,,         ,Benny,Alexander,Cloudy,Angle,no,no,no,no,no,False
103184148,METROPOLITAN NASHVILLE POLICE DEPT,20210659242,Davidson,Nashville,12/31/2021 8:11:00 PM,1,1,0,36.160650,-86.776960,4TH AVS,,,,151.00,Feet,South,4TH AVN,,,,0.00,N,Not at Intersection,N,Non-Junction,None,,,         ,Trenton,Searcy,Clear,Not Collision with Motor Vehicle in Transport,yes,no,no,no,no,False
103184552,METROPOLITAN NASHVILLE POLICE DEPT,20210658407,Davidson,Nashville,12/31/2021 12:00:00 AM,1,1,1,36.042170,-86.637220,MT VIEW RD,,,,1140.00,Feet,East,BABY RUTH LN,,,,0.00,N,Not at Intersection,N,Non-Junction,None,,,         ,Russell,Ward,Clear,Not Collision with Motor Vehicle in Transport,no,no,no,no,no,False
103184954,METROPOLITAN NASHVILLE POLICE DEPT,20210658935,Davidson,Nashville,12/31/2021 3:20:00 PM,2,0,0,36.070490,-86.634660,MURFREESBORO PKE,,,,674.00,Feet,South,BELL RD,,,,0.00,N,Not at Intersection, ,Non-Junction,None,,,         ,Corey,Reed,Cloudy,Front to Rear,no,no,no,no,no,False
103184955,METROPOLITAN NASHVILLE POLICE DEPT,20210659174,Davidson,Antioch,12/31/2021 6:52:00 PM,3,1,0,36.047840,-86.612050,MURFREESBORO PKE,,,,1284.00,Feet,North,MOUNTAIN SPRINGS RD,,,,0.00,N,Not at Intersection,N,Non-Junction,None,,,         ,Corey,Reed,Clear,Angle,no,no,no,no,yes,False
103184956,METROPOLITAN NASHVILLE POLICE DEPT,20210659276,Davidson,Antioch,12/31/2021 8:28:00 PM,2,0,0,36.043110,-86.606790,MURFREESBORO PKE,,,,115.00,Feet,North,HOBSON PKE,,,,0.00,N,Not at Intersection, ,Non-Junction,None,,,         ,Corey,Reed,Clear,Angle,no,no,no,no,no,False
103187658,METROPOLITAN NASHVILLE POLICE DEPT,20210650097,Davidson,Nashville,12/24/2021 3:30:00 PM,2,0,0,36.070920,-86.635130,MURFREESBORO PKE,,,,470.00,Feet,South,BELL RD,,,,0.00,N,Not at Intersection, ,"Driveway, Alley Access, etc",None,,,         ,Ernesto,Holiday,Unknown,Other,no,no,no,no,no,False
103226919,GOODLETTSVILLE POLICE DEPT,21-36255,Davidson,Goodlettsville,12/30/2021 1:56:00 PM,2,0,0,36.299770,-86.711760,I 65,,,,0.00,,,,,,,95.10,N,Not at Intersection,N,Non-Junction,None,,,         ,Hannah,Poole,Cloudy,Front to Rear,no,no,no,no,yes,False